tree
version=v4
num_class=1
num_tree_per_iteration=1
label_index=0
max_feature_idx=37
objective=binary sigmoid:1
feature_names=is_s3 route_exact_name route_name_char route_address_char route_name_word route_rare_name route_suffix_exact n_routes score_name_char score_address_char score_name_word score_rare_name rank_name_char rank_address_char rank_name_word rank_rare_name rrf_score rrf_rank rrf_rank_frac cand_count s1_exact_hits digits_overlap digits_s1_n digits_tgt_n digits_jaccard digits_all_s1_in_tgt house_match name_overlap name_overlap_frac name_idf_frac addr_overlap addr_overlap_frac addr_idf_frac name_len_ratio addr_len_ratio tgt_addr_missing tgt_name_missing tgt_non_ascii
feature_infos=[0:1] [0:1] [0:1] [0:1] [0:1] [0:1] [0:1] [1:6] [0.15732112526893616:1.0000002384185791] [0.12778952717781067:1.0000002384185791] [0.088931918144226074:1.0000001192092896] [0.14240211248397827:0.94639462232589722] [1:100] [1:100] [1:100] [1:100] [0.0024330900050699711:0.098360657691955566] [0:767] [0:0.99863016605377197] [394:810] [0:458] [0:4] [1:4] [0:4] [0:1] [0:1] [0:1] [0:8] [0:1] [0:1] [0:9] [0:1] [0:1] [0.02777777798473835:1] [0:1] [0:1] none [0:1]
tree_sizes=3476 3502 3505 3489 3489 3516 3521 3511 3519 3539 3560 3553 3557 3550 3574 3553 3553 3554 3553 3564 3558 3566 3568 3569 3563 3574 3565 3585 3563 3575 3575 3573 3581 3586 3584 3578 3578 3598 3573 3596 3591 3591 3612 3595 3580 3608 3584 3605 3610 3592 3625 3596 3607 3568 3593 3610 3586 3607 3573 3579 3589 3607 3593 3580 3613 3568 3568 3541 3588 3605 3607 3590 3599 3591 3577 3555 3575 3592 3574 3632 3526 3570 3576 3590 3565 3543 3581 3545 3548 3574 3598 3577 3567 3568 3564 3587 3598 3608 3531 3565 3528 3538 3583 3528 3537 3607 3549 3579 3526 3579 3564 3549 3523 3577 3578 3530 3547 3560 3577 3590 3578 3515 3583 3565 3594 3555 3520 3556 3623 3605 3577 3545 3582 3517 3564 3549 3531 3560 3513 3523 3566 3523 3579 3585 3561 3583 3593 3496 3551 3534 3596 3574 3532 3552 3535 3569 3548 3512 3552 3550 3598 3602 3555 3541 3571 3580 3595 3572 3571 3556 3576 3486 3592 3562 3524 3568 3510 3534 3551 3538 3509 3526 3493 3573 3538 3541 3575 3589 3536 3548 3563 3520 3555 3535 3562 3609 3516 3543 3581 3533 3588 3560 3548 3581 3558 3582 3494 3552 3538 3508 3538 3500 3526 3534 3573 3575 3558 3558 3597 3574 3531 3581 3572 3551 3612 3569 3508 3523 3485 3575 3567 3494 3482 3556 3568 3548 3518 3502 3597 3533 3540 3589 3583 3593 3574 3552 3546 3532 3552

Tree=0
num_leaves=31
num_cat=0
split_feature=26 13 16 33 28 29 23 24 28 34 12 7 8 29 24 29 17 37 13 28 23 7 17 1 16 20 32 29 32 32
split_gain=4.76829e+06 302506 158768 130821 58750.6 44841 90634.3 41510 32670.3 29161 56561.5 28497.6 22688.5 20084.5 18769.5 18244.5 16486.1 14047.7 10330.3 23984.3 32356 10090 29840.9 9861.2 9645.56 13961.4 8999.57 8654.7 8620.18 8440.43
threshold=1.0000000180025095e-35 4.5000000000000009 0.015151950065046551 0.99074074625968944 0.46428571641445165 0.24567271769046786 1.0000000180025095e-35 0.45000000298023229 0.93750000000000011 1.0000000180025095e-35 2.5000000000000004 5.5000000000000009 0.8591146469116212 0.19993426650762561 0.45000000298023229 0.50355792045593273 23.500000000000004 1.0000000180025095e-35 11.500000000000002 0.46428571641445165 1.0000000180025095e-35 1.5000000000000002 23.500000000000004 1.0000000180025095e-35 0.031498400494456298 4.5000000000000009 0.15481522679328921 0.67681735754013073 0.40437242388725286 0.10702170059084894
decision_type=2 8 2 2 2 2 2 2 2 2 8 2 8 2 2 2 2 2 8 2 2 2 2 2 2 2 2 2 2 2
left_child=1 3 4 5 28 12 -7 16 17 10 24 14 -1 21 18 -16 -8 -5 19 -11 -21 22 -4 -22 -3 -26 -17 -12 -2 -15
right_child=2 9 13 8 -6 6 7 -9 -10 11 27 -13 -14 29 15 26 -18 -19 -20 20 23 -23 -24 -25 25 -27 -28 -29 -30 -31
leaf_value=-0.6374846864505801 -2.494005828464839 -2.2749664885148064 -1.9836061885134313 -1.921967180488243 -0.67170402113116934 -0.59572481587455739 -2.2933607714186799 -0.73193666271645208 -0.59533074575137368 -2.5983092592283006 -2.5824522851452083 -0.60365378338228259 -2.5071498475314122 -1.5824579198279221 -2.4802716633896988 -2.4192373727939178 -1.0913363556799403 -0.76438303065563429 -2.6178894700129676 -0.70191205919198363 -2.339678041539877 -0.5600491231444511 -0.76927088075973349 -0.65239401719726264 -1.2016466550555378 -2.3661113696323075 -0.76878461749542315 -2.3186956384991149 -1.8848439990184285 -0.57611752656052384
leaf_weight=149.11368850618601 1095.4595403298736 396.18527457118034 693.03398487716913 894.39188541471958 770.09419762343168 1043.7958195433021 5032.4237239211798 449.37278487533331 1695.0344347953796 7317.454947642982 9848.1790907233953 157.8936185836792 5375.6391724050045 191.34442656487226 615.82864931970835 98.901195831596851 269.56562180072069 320.21348290890455 425304.6745679453 340.38555366545916 2044.6352869719267 827.12746242433786 1332.1548453941941 80.035230375826359 1139.9396819621325 290.89867504686117 298.88042966276407 3909.608533680439 998.44494104385376 27321.981418669224
leaf_count=2055 15097 5460 9551 12326 10613 14385 69354 6193 23360 100845 135722 2176 74084 2637 8487 1363 3715 4413 5861307 4691 28178 11399 18359 1103 15710 4009 4119 53880 13760 376536
internal_value=-2.45927 -2.58279 -0.723151 -1.92527 -1.79107 -2.13898 -1.88098 -2.11452 -1.02082 -2.60495 -2.40334 -2.61215 -2.45637 -0.622454 -2.61288 -1.96845 -2.232 -1.61564 -2.61438 -2.46198 -2.05741 -1.00274 -1.18439 -2.2753 -1.61942 -1.43816 -1.17801 -2.50749 -2.2034 -0.583084
internal_weight=500303 467073 33229.6 15229.6 2864 12319.9 6795.16 5751.36 2909.64 451844 15584.8 436259 5524.75 30365.6 436101 1013.61 5301.99 1214.61 435087 9782.51 2465.06 2852.32 2025.19 2124.67 1827.02 1430.84 397.782 13757.8 2093.9 27513.3
internal_count=6894887 6436935 457952 209885 39470 169786 93647 79262 40099 6227050 214781 6012269 76139 418482 6010093 13969 73069 16739 5996124 134817 33972 39309 27910 29281 25179 19719 5482 189602 28857 379173
is_linear=0
shrinkage=1


Tree=1
num_leaves=31
num_cat=0
split_feature=24 13 34 28 17 18 24 23 28 32 28 10 9 23 13 29 29 29 8 10 37 29 7 10 17 9 7 8 23 17
split_gain=1.00283e+06 110703 25517.2 24446.6 24207.8 20467 11441 9499.33 7603.22 6546.51 14292.8 6389.58 5732.5 5596.84 5572.32 5144.15 3675.22 3607.37 3586.65 3470.98 2703.14 2462.25 2238.22 2071.88 1940.08 3114.7 1858.94 1750.47 1717.04 1621.1
threshold=0.29166667163372045 5.5000000000000009 1.0000000180025095e-35 0.46428571641445165 203.50000000000003 0.0092653911560773867 0.45000000298023229 1.0000000180025095e-35 0.46428571641445165 0.66760954260826122 0.46428571641445165 0.90448144078254711 0.88330480456352245 1.0000000180025095e-35 11.500000000000002 0.60255271196365368 0.39191141724586492 0.62321993708610546 0.8591146469116212 0.97278150916099559 1.0000000180025095e-35 0.81566143035888683 5.5000000000000009 0.76466295123100292 24.500000000000004 0.7788735330104829 5.5000000000000009 0.97482815384864818 2.5000000000000004 23.500000000000004
decision_type=2 8 2 2 2 2 2 2 2 2 2 8 10 2 8 2 2 2 8 8 2 2 2 10 2 10 2 8 2 2
left_child=1 3 5 18 6 17 8 -5 28 26 -11 12 21 14 -12 -7 -6 -3 -1 -15 29 23 -16 -9 -20 -26 -4 -10 -2 -17
right_child=4 2 9 7 16 15 -8 11 27 10 13 -13 -14 19 22 20 -18 -19 24 -21 -22 -23 -24 -25 25 -27 -28 -29 -30 -31
leaf_value=0.34257872005979023 -0.093078893867022214 -0.05341507456588495 -0.15733433368998281 0.44469176237968383 -0.11017708343388155 -0.13675549803987086 0.4084161386652716 0.18673157572481561 0.23022322105739679 -0.14289677974585349 0.4371183807604429 0.37294291171042371 0.75344722275943565 0.046722659733260251 1.9436433582512262 -0.012239054309429417 0.33164053235438029 0.39113271659208354 -0.13941804826280146 0.53118949494189616 0.72733990327757458 0.013808598532913746 0.41007753067369129 0.8493736164096376 -0.032106329135554584 0.47335489118659368 0.40930980619772506 0.41896422014190948 0.39206388744368198 0.17252554618589208
leaf_weight=509.51748064160347 1742.0588237047195 466.83514741063118 366645.83234407008 6290.0263730958104 2502.9272833690047 7463.8372278064489 99407.174513570964 1483.1587870121002 2687.5178182721138 7224.0242886170745 488.28263908624649 3274.6987273991108 296.01908910274506 1637.0307453423738 90.305780991911888 3957.2419367283583 508.89767786115408 3401.7057224437594 3732.5435329601169 416.70436157286167 129.95548184216022 3970.2761983275414 28.796059191226959 113.49156102538109 2181.8772352784872 312.7255864739418 129.38813941180706 1884.5615471303463 180.21900959312916 1462.5748029872775
leaf_count=3014 23919 5991 5779174 28535 35604 113611 453210 16128 23975 113469 2196 21982 2779 22612 1425 49624 2895 25282 52568 3911 1657 43691 126 1235 30913 4141 566 10787 1135 19115
internal_value=-0.0212781 -0.12743 -0.145801 0.198734 0.383888 0.0346127 0.395814 0.302828 0.202876 -0.153887 -0.0334266 0.205135 0.11136 0.263689 0.663329 -0.0554415 -0.0354394 0.337487 -0.0396594 0.145232 0.0539219 0.0770885 1.57936 0.234335 -0.0709848 0.031423 -0.157133 0.308095 -0.0474152 0.0376436
internal_weight=524620 415707 393543 22164.3 108913 16882.2 105902 15427.7 6494.36 376660 9885.14 9137.64 5862.95 2661.12 607.384 13013.6 3011.82 3868.54 6736.66 2053.74 5549.77 5566.93 119.102 1596.65 6227.15 2494.6 366775 4572.08 1922.28 5419.82
internal_count=6895270 6343745 6138759 204986 551525 215280 513026 114350 59816 5923479 143739 85815 63833 30270 3747 184007 38499 31273 90636 26523 70396 61054 1551 17363 87622 35054 5779740 34762 25054 68739
is_linear=0
shrinkage=0.15


Tree=2
num_leaves=31
num_cat=0
split_feature=24 9 34 16 28 29 32 28 24 23 18 23 29 8 16 33 22 33 20 9 17 32 9 17 37 33 8 7 32 18
split_gain=707989 81709.7 22343.3 19957.3 13733.4 13508.8 10685.5 17069.3 5132.4 5125.83 4304.5 4230.69 4186.27 3768.12 3302.57 3288.03 2532.45 2639.15 2457.64 2434.5 1963.78 1711.12 1633.08 1541.52 1347.12 1849.67 1307.28 1255.01 1072.08 1636.73
threshold=0.29166667163372045 0.62543815374374401 1.0000000180025095e-35 0.011904973071068527 0.46428571641445165 0.67081120610237133 0.58913996815681469 0.46428571641445165 0.45000000298023229 1.0000000180025095e-35 0.011772405356168749 1.0000000180025095e-35 0.32264167070388799 0.97737857699394237 0.015871291048824791 0.99074074625968944 1.5000000000000002 0.97894504666328441 6.5000000000000009 0.85158598423004161 23.500000000000004 0.17531669884920123 0.88330480456352245 22.500000000000004 1.0000000180025095e-35 0.99074074625968944 0.82536891102790844 5.5000000000000009 0.17199121415615085 0.0092653911560773867
decision_type=2 10 2 2 2 2 2 2 2 2 2 2 2 8 2 2 2 2 2 10 2 2 10 2 2 2 8 2 2 2
left_child=1 2 5 12 14 24 27 -8 16 -6 18 -9 -2 19 -3 -13 -5 22 -7 -11 26 -14 -18 -12 -1 -26 -16 -4 29 -10
right_child=3 4 6 8 9 10 7 11 28 13 23 15 21 -15 20 -17 17 -19 -20 -21 -22 -23 -24 -25 25 -27 -28 -29 -30 -31
leaf_value=-0.11826762065094287 -0.090038879443530312 -0.098711118042740006 -0.15572610048627178 0.33414996888271276 0.34798859887410288 0.29720604814469159 -0.13991433937823317 0.38737720485319183 0.41178363148517078 0.05783119621241968 -0.014775862563159551 0.02106689268457471 -0.11370211686737233 0.30717235889935063 0.26181020188405885 0.32644873378146783 0.03756899741849988 0.30581406976019193 -0.068994206028913263 0.35123976541581015 0.4489130405338439 0.36963016809628207 0.70896600302870272 0.18003209934746761 0.0061168605076374165 1.0252583342540393 -0.085055390874540046 0.32063017994955317 0.31944606125613806 0.0067355088781448297
leaf_weight=8215.1705711558461 3487.7610373049974 4165.1407216303051 315117.59411368892 1753.7664423435926 6246.0436963923275 4037.9415490552783 11505.259997870773 1557.9433540999889 359.41954106837511 4831.4177576191723 2822.6007657200098 3147.2180799506605 210.68596654757857 2908.8688306510448 410.40870011970401 1059.7045924626291 3336.6538474746048 1288.7407115921378 458.85681123286486 731.90288979560137 397.47898220270872 749.25125501304865 82.561074875295162 1350.4836779758334 157.50554897263646 52.745837341994047 601.65110518783331 123.59803687036037 106352.13328769058 595.14711629599333
leaf_count=135077 50136 68173 5690148 7455 26007 24138 202205 7134 1930 50215 34030 38311 1650 17186 2448 7357 35471 7214 4462 5471 3888 3395 736 14336 2408 598 9255 499 440015 3992
internal_value=-0.0215343 -0.123661 -0.140646 0.29802 0.168953 0.026592 -0.149245 -0.0343581 0.310206 0.244892 0.15803 0.176294 -0.0136844 0.168853 -0.0315495 0.0980505 0.180328 0.122969 0.259832 0.0964878 0.16684 0.263541 0.0539832 0.0482955 -0.108662 0.265432 0.0557245 -0.155538 0.318025 0.159518
internal_weight=488116 369900 349607 118216 20292.9 17095.3 332511 17270.1 113768 14718.2 8669.88 5764.87 4447.7 8472.19 5574.68 4206.92 6461.72 4707.96 4496.8 5563.32 1409.54 959.937 3419.21 4173.08 8425.42 210.251 1012.06 315241 107307 954.567
internal_count=6895340 6343346 6160703 551994 182643 215049 5945654 255007 496813 98879 76966 52802 55181 72872 83764 45668 50876 43421 28600 55686 15591 5045 36207 48366 138083 3006 11703 5690647 445937 5922
is_linear=0
shrinkage=0.15


Tree=3
num_leaves=31
num_cat=0
split_feature=13 26 24 28 34 29 33 16 29 24 29 28 10 12 29 33 32 28 10 32 7 29 25 20 20 33 17 32 29 8
split_gain=546143 40726.8 32230.8 22772.4 21258 9687.58 4389.48 4321.56 3530.41 2826.12 3365.62 2531.81 4136.9 2436.8 2314.89 1845.89 1796.54 14708.8 3385.25 2317.26 2505.66 1684.91 1540.33 1442.51 1378.03 1366.28 1361.08 1301.93 1185.7 1183.23
threshold=12.500000000000002 1.0000000180025095e-35 0.36666667461395269 0.46428571641445165 1.0000000180025095e-35 0.6940455734729768 0.99074074625968944 0.015873458236455921 0.48749996721744543 0.22500000149011615 0.58121514320373546 0.93750000000000011 0.83150798082351696 3.5000000000000004 0.81147980690002453 0.91458967328071605 0.49470418691635137 0.64583334326744091 0.97278150916099559 0.66760954260826122 5.5000000000000009 0.21938078105449679 1.0000000180025095e-35 18.500000000000004 8.5000000000000018 0.92919799685478222 24.500000000000004 0.28212855756282812 0.5439659357070924 0.9217338263988496
decision_type=8 2 2 2 2 2 2 2 2 2 2 2 10 8 2 2 2 2 8 2 2 2 2 2 2 2 2 2 2 8
left_child=2 4 3 7 5 28 11 -1 27 16 -11 12 14 24 -5 -14 -6 -18 26 20 25 22 -4 29 -7 -20 -19 -3 -2 -13
right_child=1 8 21 6 9 13 -8 -9 -10 10 -12 23 15 -15 -16 -17 17 18 19 -21 -22 -23 -24 -25 -26 -27 -28 -29 -30 -31
leaf_value=-0.1047137854594949 -0.13950712637266244 -0.12419917683992085 0.075489077505240393 0.1893851994376046 -0.15609274687773919 0.22445100514117919 0.26672164479962268 0.15717471886126677 0.25997119073845237 -0.12723664467212065 0.15850429521560491 -0.033711632433136386 0.46271712203193494 0.044388824727434058 0.0072151392161018168 -0.066666632650259725 -0.14859014738044837 0.16902857343316632 0.5316813744338148 0.45383091744019488 0.25893919830155276 0.27520752954421523 0.23593894446347649 0.28777662625278522 -0.08258388781766153 2.0145349172622811 0.96758535276737889 0.13533249558625771 -0.020250156849037432 0.10930915575997371
leaf_weight=10074.925903927535 5233.243821170181 791.04742755740881 1571.3290857039392 5793.623396191746 260870.83643259108 4458.9088136702776 9393.5301137380302 1648.9522552639246 6054.3348783478141 2640.9578491263092 1428.2323788255453 2763.8797302432358 1400.4002809561789 4093.9894655570388 2152.60945879668 165.46388757973909 17364.700160447508 1179.3002238124609 18.770909182727337 263.77672705799341 40.536361530423164 91606.488020010293 9446.3768932968378 555.01450654491782 354.59225848317146 66.172476015985012 49.129623498767614 963.5102716088295 2924.1352859064937 2458.3311615288258
leaf_count=178980 98236 10617 9296 39035 5424949 23929 43450 15549 24777 45571 13182 27340 7836 44188 20409 1628 353406 17440 354 1518 163 368949 43284 2638 3812 1133 663 8078 45186 19892
internal_value=-0.0213484 -0.132498 0.225521 0.104261 -0.141273 0.0213284 0.186019 -0.0678692 0.205684 -0.151046 -0.026931 0.136422 0.183989 0.129476 0.140043 0.406771 -0.15285 -0.108285 0.32419 0.709155 1.23805 0.268538 0.213065 0.0580848 0.20182 1.69685 0.201727 0.0183178 -0.0967654 0.0336228
internal_weight=447827 308796 139031 36406.7 300987 17064.9 24682.9 11723.9 7808.89 283922 4069.19 15289.3 9512.1 8907.49 7946.23 1565.86 279853 18982.4 1617.69 389.256 125.48 102624 11017.7 5777.23 4813.5 84.9434 1228.43 1754.56 8157.38 5222.21
internal_count=6895488 6117202 778286 356757 6073730 215351 162228 194529 43472 5858379 58753 118778 68908 71929 59444 9464 5799626 374677 21271 3168 1650 421529 52580 49870 27741 1487 18103 18695 143422 47232
is_linear=0
shrinkage=0.15


Tree=4
num_leaves=31
num_cat=0
split_feature=13 26 24 34 29 29 23 7 8 11 32 32 28 23 32 9 29 10 13 17 16 17 32 10 25 14 29 13 8 21
split_gain=429253 31384.6 26723.8 19186.5 16913.7 7176.46 6041.91 4533.6 4178.69 2743 2727.99 2676.04 16092.5 4700.77 4121.09 2129.66 2078.21 1991.47 1835.68 2807.66 1826.11 2313.36 1596.3 2658.6 1566.1 1490.47 1329.41 1293.51 1255.09 1118.64
threshold=13.500000000000002 1.0000000180025095e-35 0.36666667461395269 1.0000000180025095e-35 0.28062345087528234 0.60255271196365368 1.0000000180025095e-35 1.5000000000000002 0.98897618055343639 0.14274276793003085 0.14010988920927051 0.42891606688499456 0.64583334326744091 1.0000000180025095e-35 0.49470418691635137 0.84040588140487682 0.24567271769046786 0.97278150916099559 2.5000000000000004 23.500000000000004 0.015625354833900932 24.500000000000004 0.66760954260826122 0.97278150916099559 1.0000000180025095e-35 3.5000000000000004 0.24567271769046786 4.5000000000000009 1.0000000180025095e-35 1.5000000000000002
decision_type=8 2 2 2 2 2 2 2 8 10 2 2 2 2 2 10 2 8 10 2 2 2 2 8 2 10 2 10 10 2
left_child=2 3 4 5 7 -2 -6 18 15 25 29 -5 -13 14 -14 24 20 -15 19 -1 21 -4 23 -16 -8 -7 28 -9 -12 -3
right_child=1 10 16 11 6 9 8 27 -10 -11 26 12 13 17 22 -17 -18 -19 -20 -21 -22 -23 -24 -25 -26 -27 -28 -29 -30 -31
leaf_value=-0.11283024881445082 -0.11969829459348157 -0.10867551440945056 -0.09823526669315237 -0.15460772131666997 0.26457064445860445 0.11282964550600669 0.021168520279851867 0.27894204318854438 0.21300385836415911 0.20610547322091191 -0.01127316809497185 -0.14597601186314935 2.2140910962564266 0.067031764462957541 1.5746678965183374 0.2250425009779275 0.24371066356596627 0.39170108143620946 -0.12079588298007346 0.2364073660109425 0.21759681355934402 0.16355958789068123 0.28056399893156431 0.44091059964978163 0.27034855428437016 -0.017893721795497863 0.24271194751939801 1.0870786925500915 0.47805804210446351 0.39433195214963646
leaf_weight=1220.4115010052919 5748.4626326821744 897.0919809602201 1055.3730005994439 221675.73560506478 7703.8416308686137 3526.2797663584352 10405.268942594528 502.89941766113043 5657.4344121702015 3117.4352259449661 873.42244451120496 22366.095749605447 34.289442591369152 1819.1494720503688 71.37916162610054 1503.4454763382673 88423.53939422965 553.93770207464695 8476.8716964907944 898.32853374257684 7707.2753942385316 2702.5134274438024 259.99508307874203 133.73011177778244 599.27125808596611 4423.0631848424673 5302.456385422498 48.114630658179522 135.340955555439 110.88268113136292
leaf_count=20203 119099 9255 5902 5292711 32855 23520 94092 2125 29084 20982 9270 521298 684 23716 932 8954 369901 3441 169709 9828 33542 14076 1059 647 2452 51300 22124 535 704 531
internal_value=-0.0209245 -0.130277 0.195574 -0.13878 0.0867045 0.0162548 0.15326 -0.0677585 0.106042 0.0868779 0.176095 -0.149338 -0.10305 0.231118 0.648963 0.0576491 0.235917 0.142951 -0.0895849 0.0352853 0.175796 0.09003 0.529072 0.84119 0.0347614 0.0401013 0.212688 0.35135 0.0547865 -0.053006
internal_weight=407953 271049 136905 263730 37015.9 16815.2 25869.3 11146.6 18165.4 11066.8 7319.19 246914 25238.6 2872.48 499.394 12508 99888.7 2373.09 10595.6 2118.74 11465.2 3757.89 465.104 205.109 11004.5 7949.34 6311.22 551.014 1008.76 1007.97
internal_count=6894531 6101273 793258 6059389 369837 214901 167437 202400 134582 95802 41884 5844488 551777 30479 3322 105498 423421 27157 199740 30031 53520 19978 2638 1579 96544 74820 32098 2660 9974 9786
is_linear=0
shrinkage=0.15


Tree=5
num_leaves=31
num_cat=0
split_feature=13 26 24 34 28 29 10 16 24 29 29 29 29 5 33 17 16 17 30 28 33 8 14 31 33 10 28 31 33 10
split_gain=342578 24953.1 23198.5 18041.6 13492.5 5461.11 3390.86 3064.88 2694.7 2348.95 2333.04 2240.66 2152.89 1911.72 1735.74 1583.91 1570.55 2107.31 1413.73 9832.07 1478.28 1374.2 1027.02 978.537 853.154 991.258 914.941 850.28 828.491 1019.54
threshold=14.500000000000002 1.0000000180025095e-35 0.36666667461395269 1.0000000180025095e-35 0.46428571641445165 0.58121514320373546 0.86720636487007152 0.015385021921247246 0.22500000149011615 0.23987288773059848 0.80346640944480907 0.46578539907932287 0.56185555458068859 1.0000000180025095e-35 0.82426470518112194 24.500000000000004 0.015873458236455921 24.500000000000004 1.5000000000000002 0.64583334326744091 0.99074074625968944 0.8591146469116212 2.5000000000000004 0.15476191043853763 0.64051282405853283 0.5720152258872987 0.64583334326744091 0.21111111342906955 0.95505049824714672 0.74710392951965343
decision_type=8 2 2 2 2 2 8 2 2 2 2 2 2 2 2 2 2 2 2 2 2 8 10 2 2 10 2 2 2 10
left_child=2 3 4 5 7 -2 10 -1 18 16 24 -10 27 22 -8 21 17 -4 -5 -20 -21 -9 -7 -13 25 -6 -26 -3 29 -28
right_child=1 12 9 8 6 13 14 15 11 -11 -12 23 -14 -15 -16 -17 -18 -19 19 20 -22 -23 -24 -25 26 -27 28 -29 -30 -31
leaf_value=-0.1142645234122714 -0.12121782552078572 -0.12171448104487551 -0.066248116642823734 -0.1547409542472474 -0.035285275756574981 0.098314658048968426 0.080099306140216708 0.15475744270172034 -0.12767863183758332 0.22180890616886786 0.029877809946895918 -0.094955554144895302 0.20912794482415439 0.16258783420374523 0.21874685471269584 0.20880820080646928 0.19978428575620064 0.14750198717179175 -0.14834467587724925 0.076223690822062914 0.31303764302688503 -0.10058249012278533 -0.010260023964893009 0.18214562049281105 0.02498772137659154 0.41877938534860204 0.069349780905701014 0.092241110027753856 0.26706318899346082 0.35281633319005351
leaf_weight=7997.1691682972014 4768.0650859437883 632.77454752847552 1438.0209851637483 184047.46316780895 137.8359152302146 3120.9098386131227 2572.1460478194058 711.56191097199917 1850.7681262344122 83231.775772370398 8097.6527292840183 376.39123008400202 4872.2011544406414 3464.2960500046611 9695.0931369438767 1064.9122743420303 6247.808648109436 3722.8875784613192 24379.040072754025 1877.1207991428673 866.70338221266866 1416.9272472262383 5267.4708659574389 1195.6996074765921 1237.0779948309064 499.24107361212373 1736.9924564361572 1226.167187564075 1348.1659768298268 340.836176302284
leaf_count=180689 111041 9142 8040 5080975 1023 19131 17378 4104 42075 371105 66491 5026 21559 22387 48740 9165 27461 18088 659506 27016 7877 24686 62343 9660 8361 2643 12454 9953 7257 1776
internal_value=-0.0205611 -0.127939 0.173741 -0.136227 0.0727783 0.0143303 0.132706 -0.064663 -0.147888 0.213058 0.0805255 -0.0158573 0.156737 0.0688639 0.189685 0.0595501 0.149203 0.087942 -0.150028 -0.118046 0.151114 -0.0151888 0.0301423 0.115784 0.157886 0.320638 0.135586 0.0193854 0.175503 0.115996
internal_weight=369441 237945 131496 231214 36855.6 16620.7 25665 11190.6 214593 94640.5 13397.8 3422.86 6731.14 11852.7 12267.2 3193.4 11408.7 5160.91 211170 27122.9 2743.82 2128.49 8388.38 1572.09 5300.15 637.077 4663.07 1858.94 3425.99 2077.83
internal_count=6897152 6087691 809461 6047037 384767 214902 166123 218644 5832135 424694 100005 56761 40654 103861 66118 37955 53589 26128 5775374 694399 34893 28790 81474 14686 33514 3666 29848 19095 21487 14230
is_linear=0
shrinkage=0.15


Tree=6
num_leaves=31
num_cat=0
split_feature=13 24 24 34 28 23 29 10 29 16 32 29 23 32 32 9 33 33 14 25 16 17 29 13 17 18 2 8 29 10
split_gain=275749 21041.8 19703.9 16828.2 10454.8 5424.53 4291.32 2851.92 2639.89 2583.03 2282.54 11885.1 2622.95 3487.55 2107.58 1679.51 1651.27 1617.28 1459.94 1444.86 1314.94 1797 1233.24 1060.9 1042.54 1040.81 1035.23 997.305 943.503 2312.95
threshold=15.500000000000002 0.45000000298023229 0.36666667461395269 1.0000000180025095e-35 0.46428571641445165 1.0000000180025095e-35 0.58831122517585765 0.97278150916099559 0.19993426650762561 0.015385021921247246 0.35440099239349371 0.53560027480125438 1.0000000180025095e-35 0.42891606688499456 0.16538709402084353 0.9142272174358369 0.86602565646171581 0.99074074625968944 3.5000000000000004 1.0000000180025095e-35 0.016129428520798687 24.500000000000004 0.24567271769046786 4.5000000000000009 22.500000000000004 0.041330447420477874 1.0000000180025095e-35 0.86263304948806774 0.85970616340637218 0.82769384980201732
decision_type=8 2 2 2 2 2 2 8 2 2 2 2 2 2 2 10 2 2 10 2 2 2 2 10 2 2 2 8 2 8
left_child=1 4 3 6 9 -6 -2 15 20 -1 -5 -12 13 -13 -4 19 -9 -14 -8 24 21 -3 26 -23 28 27 -16 -11 29 -7
right_child=2 8 14 10 5 7 18 16 -10 25 11 12 17 -15 22 -17 -18 -19 -20 -21 -22 23 -24 -25 -26 -27 -28 -29 -30 -31
leaf_value=-0.11072249800016658 -0.11423383427720421 -0.035185574423935613 -0.047526596180543064 -0.15342635469820556 0.22538314024268569 0.027981895944264805 0.10842853097750495 -0.0035664822960187132 0.20582555105798178 0.12446957320210499 -0.14766278689402398 1.801375790948744 0.013373048030166271 0.31547144153053375 -0.035020780733429943 0.31553700614221181 0.20515564823630586 0.26071736932061501 0.003531566447579989 0.2311316231534849 0.19191916033767506 0.17975988245907562 0.20598752407065243 0.02401193271284403 0.29047162193268217 0.15855740492713208 0.42613304292473053 -0.096932697812660715 -0.029260383308062736 0.4320258172674924
leaf_weight=7602.097531683743 4434.8743684440851 1950.092266201973 1218.1650773100555 159787.73454854265 6992.9231167472899 4624.6214910075068 6269.9273604154587 1064.8518582694232 76995.197298400104 713.96103744208813 22263.921348493546 36.497942924499512 2306.6764499023557 706.05924701690674 886.59779112413526 460.48219361901283 4281.5902827121317 800.50187933817506 5697.9338816106319 717.95488953590393 4363.4774241372943 3453.9312210679054 4322.0813047774136 1376.4089316651225 295.15608664229512 1222.92337718606 123.9502165839076 1271.586457490921 7151.28659639135 341.3983997143805
leaf_count=192503 114504 10565 13389 5079848 32979 35170 36358 6336 372233 4098 686515 880 34228 3652 10906 2132 20502 6060 64614 3197 19962 15377 20379 7449 1473 9652 656 24187 63591 2130
internal_value=-0.0201334 0.156195 -0.125565 -0.133856 0.0608262 0.11249 0.0117867 0.0707923 0.195948 -0.0630932 -0.146706 -0.105583 0.137748 0.390831 0.130456 0.0342772 0.163592 0.0771597 0.0584912 0.0243902 0.127691 0.086336 0.171115 0.135394 0.0124143 0.0497583 0.0219081 -0.0172985 0.00561794 0.05584
internal_weight=333735 124880 208855 202304 36740.8 25930.3 16402.7 18937.3 88139.1 10810.6 185901 26113.7 3849.74 742.557 6550.79 13590.9 5346.44 3107.18 11967.9 13130.4 11143.9 6780.43 5332.63 4830.34 12412.5 3208.47 1010.55 1985.55 12117.3 4966.02
internal_count=6895525 823536 6071989 6026659 397950 167510 215476 134531 425586 230440 5811183 731335 44820 4532 45330 107693 26838 40288 100972 105561 53353 33391 31941 22826 102364 37937 11562 28285 100891 37300
is_linear=0
shrinkage=0.15


Tree=7
num_leaves=31
num_cat=0
split_feature=13 26 24 34 28 29 29 33 29 32 32 28 17 31 10 28 18 29 10 32 7 18 10 8 17 33 13 33 10 33
split_gain=224824 18145.7 16801.6 16325 8228.73 3900.5 3458.98 3027.87 2383.18 2363.65 1401.98 7846.97 1393.8 1369.97 1318.09 3252.35 1281.16 1189.26 1398.42 1092.59 971.674 1561.33 940.701 2904.03 863.018 1152.16 828.076 800.943 790.483 782.445
threshold=15.500000000000002 1.0000000180025095e-35 0.22500000149011615 1.0000000180025095e-35 0.46428571641445165 0.50567641854286205 0.5439659357070924 0.99074074625968944 0.24567271769046786 0.64096951484680187 0.33000239729881292 0.64583334326744091 22.500000000000004 0.38750000298023229 0.82769384980201732 0.77500000596046459 0.0080353566445410269 0.79358932375907909 0.66734924912452709 0.12846045196056369 1.5000000000000002 0.039564393460750587 0.941653072834015 0.90718287229537975 23.500000000000004 0.96609193086624157 3.5000000000000004 0.89323708415031444 0.86251240968704235 0.84262126684188854
decision_type=8 2 2 2 2 2 2 2 2 2 2 2 2 2 10 2 2 2 10 2 2 2 8 10 2 2 10 2 8 2
left_child=1 4 3 6 9 -4 -2 12 20 -1 -5 -12 14 -13 17 -16 -8 18 27 -7 21 -3 23 -9 -18 -26 -23 -6 -15 -20
right_child=2 8 5 10 7 19 16 22 -10 -11 11 13 -14 28 15 -17 24 -19 29 -21 -22 26 -24 -25 25 -27 -28 -29 -30 -31
leaf_value=-0.1261807737762845 -0.12525698912350625 -0.01528974386862716 -0.058577585571519111 -0.15333168369551917 -0.027150749107252108 -0.013333266209741124 0.1067460859944282 0.18972106875963576 0.19395840435552814 0.016012207537830104 -0.14521873332777024 0.54456957772376435 0.17870160705361018 0.028268672671143347 0.31477343750989145 0.039630005133496474 -0.023125446475574993 -0.035131703396623838 0.3201510483523668 0.17831477878539617 0.20542303053108821 0.16725384424399134 0.20792422159834004 -0.13937273341491715 0.032741237914619296 0.29505680396316997 0.0451162995153448 0.10971466140589317 0.19633129280981296 0.0019305619652109944
leaf_weight=5311.473794547841 3332.2204187773168 2178.5520948395133 2995.1574848722667 135570.20831694081 2281.9465682767332 773.23293775692582 4879.3125579319894 2382.0028925575316 69163.567626953125 5209.4405481368303 20837.507242279127 162.72022657841444 2097.5142139308155 1537.6475228592753 1299.9509158842266 3762.9260663278401 5572.1313803233206 5004.2247258350253 667.7296053878963 4972.7970512285829 2224.5159067511559 4391.4788256324828 5792.4296472296119 807.02779337763786 1887.3255716487765 469.81094827130437 1746.5178117603064 1661.8820198141038 1065.8968443349004 234.94364267960191
leaf_count=140460 98022 11346 59701 4990990 15868 6883 24044 11973 367017 92336 741202 2995 10420 18160 7296 29216 66736 46564 3791 28369 11302 20230 29544 4927 21686 4448 9201 10558 8365 1582
internal_value=-0.019624 0.143715 -0.122761 -0.132881 0.0561428 0.080194 0.0108604 0.101445 0.183831 -0.055779 -0.147456 -0.113707 0.0642391 0.12363 0.0481297 0.110324 0.046279 0.0161562 0.0691096 0.152527 0.117372 0.0937988 0.1719 0.106422 0.0090616 0.0851274 0.132514 0.0305359 0.0971228 0.23742
internal_weight=300274 116218 184056 175315 36513.5 8741.19 16140.8 25992.6 79704.6 10520.9 159174 23603.8 17011.1 2766.26 14913.6 5062.88 12808.6 9850.73 4846.5 5746.03 10541.1 8316.55 8981.46 3189.03 7929.27 2357.14 6138 3943.83 2603.54 902.673
internal_count=6895232 823631 6071601 5976648 404535 94953 214936 171739 419096 232796 5761712 770722 125295 29520 114875 36512 116914 78363 31799 35252 52079 40777 46444 16900 92870 26134 29431 26426 26525 5373
is_linear=0
shrinkage=0.15


Tree=8
num_leaves=31
num_cat=0
split_feature=13 24 26 34 29 23 28 29 16 32 28 23 1 17 32 13 32 33 11 29 16 18 7 17 25 28 20 33 10 27
split_gain=183323 16898.4 13877.8 14682.2 6444.28 4930.36 2793.89 2674.78 2296.16 2255.35 9357.37 2084.73 2069.23 2259.75 1446.74 1359.96 1291.53 1253.01 1243.3 1076.56 1050.54 938.597 1399.3 883.884 854.184 802.071 666.842 780.51 1306.57 654.304
threshold=16.500000000000004 0.36666667461395269 1.0000000180025095e-35 1.0000000180025095e-35 0.39837424457073217 1.0000000180025095e-35 0.46428571641445165 0.53560027480125438 0.015151950065046551 0.29907643795013433 0.46428571641445165 1.0000000180025095e-35 1.0000000180025095e-35 22.500000000000004 0.35440099239349371 1.5000000000000002 0.16538709402084353 0.99074074625968944 0.14320538938045504 0.6940455734729768 0.015871291048824791 0.043562481179833419 1.5000000000000002 25.500000000000004 1.0000000180025095e-35 0.73214286565780651 3.5000000000000004 0.97182539105415355 0.5720152258872987 1.5000000000000002
decision_type=8 2 2 2 2 2 2 2 2 2 2 2 2 2 2 10 2 2 10 2 2 2 2 2 2 2 2 2 10 2
left_child=1 4 3 7 8 -6 20 -2 -1 -5 -11 14 13 15 19 -7 -4 -13 25 -12 23 22 -10 -3 -17 -9 27 -27 -29 -20
right_child=2 6 16 9 5 12 -8 18 21 10 11 17 -14 -15 -16 24 -18 -19 29 -21 -22 -23 -24 -25 -26 26 -28 28 -30 -31
leaf_value=-0.11141730574393763 -0.12222047254624391 -0.080465886475765455 -0.036633504321648837 -0.15228256046291844 0.2054097123039027 0.096993033389462205 0.1847420683892734 -0.050113208472821733 -0.10512127333894766 -0.14754050248876724 0.31257426346297706 -0.010875627950963274 0.18417323735653104 0.19620551887349014 0.25130783771600301 -0.020330635023897915 0.15639056419354527 0.1876321586834496 -0.033900943103838427 1.9903641502429477 0.13803140769210254 0.12869175681527389 0.16110583008569096 0.082541753716781643 0.20274752026734641 0.026265566664464148 -0.014711360783900652 0.56060465276436722 0.11787249403650837 0.13701653084749915
leaf_weight=6309.982590990141 2881.656726591289 983.1580241471529 955.01781443692744 116172.9522527121 5937.1929495967925 3267.5114967003465 62470.31279733032 3398.3465069569647 1493.2731490805745 19941.097392376512 16.364313865080476 2912.2852493524551 2227.532491389662 1657.5216728430241 881.55315716564655 11147.976028462872 4245.4241292588413 947.41531687788665 598.40514788404107 18.234905060380697 7442.2149163782597 1508.712988415733 631.14427898824215 3125.244248624891 399.0686973258853 1918.9307317249477 2618.5632500983775 172.03000675886869 1133.8638841509819 3179.9741274230182
leaf_count=191714 95308 6099 10270 4925765 32767 22110 367046 47549 33503 815111 653 49888 12538 7812 5630 91564 27724 7814 7668 454 38550 13316 3594 15565 2084 16009 24056 1380 5254 17981
internal_value=-0.0190206 0.131769 -0.120111 -0.128107 0.0451977 0.086334 0.17221 0.00852148 -0.0567273 -0.143528 -0.102375 0.0862019 0.0485181 0.0301632 0.289488 0.0115736 0.120943 0.0378868 0.0374649 1.2279 0.104423 0.0382622 -0.0259891 0.0435232 -0.0126041 0.00782336 0.0415204 0.0871711 0.176579 0.109945
internal_weight=270593 108601 161992 156792 34579.9 24636.8 74020.9 15901.8 9943.11 140890 24717 4775.85 18699.6 16472.1 916.152 14814.6 5200.44 3859.7 13020.1 34.5992 11550.6 3633.13 2124.42 4108.4 11547 9241.73 5843.39 3224.82 1305.89 3778.38
internal_count=6896776 838262 6058514 6020520 411002 168875 427260 215205 242127 5805315 879550 64439 136108 123570 6737 115758 37994 57702 119897 1107 60214 50413 37097 21664 93648 94248 46699 22643 6634 25649
is_linear=0
shrinkage=0.15


Tree=9
num_leaves=31
num_cat=0
split_feature=13 25 21 34 29 23 29 8 29 7 29 32 29 23 32 23 23 21 23 12 20 32 17 17 21 10 18 9 29 8
split_gain=150132 15289.6 11911.8 14058.3 6436.77 3458.39 2699.56 2345.09 2153.23 2121.56 1597.76 1416.92 5935.97 1376.61 1298.8 1896.34 1296.49 1666.07 1245.34 867.34 875.734 853.891 845.649 767.635 767.423 766.973 722.552 719.77 708.633 693.704
threshold=16.500000000000004 1.0000000180025095e-35 1.0000000180025095e-35 1.0000000180025095e-35 0.39837424457073217 1.0000000180025095e-35 0.46367803215980535 0.97227361798286449 0.53772199153900158 1.5000000000000002 0.46578539907932287 0.31679616868495947 0.49307985603809362 1.0000000180025095e-35 0.61744213104248058 1.0000000180025095e-35 2.5000000000000004 1.0000000180025095e-35 1.5000000000000002 4.5000000000000009 3.5000000000000004 0.13019155710935595 23.500000000000004 25.500000000000004 1.5000000000000002 0.89413905143737804 0.18162159621715548 0.92212811112403881 0.1200711950659752 0.87282073497772228
decision_type=8 2 2 2 2 2 2 8 2 2 2 2 2 2 2 2 2 2 2 8 2 2 2 2 2 8 2 10 2 8
left_child=1 4 3 8 9 -6 29 16 -2 14 -3 -5 -13 -14 -1 23 17 27 -19 20 -10 -8 -21 -16 -18 -9 -24 -7 -11 -4
right_child=2 10 6 11 5 7 21 25 19 28 -12 12 13 -15 15 -17 24 18 -20 22 -22 -23 26 -25 -26 -27 -28 -29 -30 -31
leaf_value=-0.12712686352471864 -0.11847393169738246 0.1159029135964568 0.14922964430946004 -0.15208979212263005 0.19492700496186793 -0.0080444963601972834 -0.017243729226929853 0.045198167507667183 0.09666524754670168 0.24708168110110168 0.18013883558846824 -0.14659540811511998 0.22934865118327491 0.014001964487263164 -0.016434935355838676 -0.059145010417652466 -0.053114611282050438 0.18734235124184523 0.030792447727087856 -0.051759575568038778 -0.038894144345623168 0.15233538323465814 0.17774365236748949 0.27246396473545892 -0.4143587578579675 0.15310161760432675 0.0044009536487842954 0.23664284957673579 -0.040341569244944038 -0.088724551560708895
leaf_weight=4611.6712969597429 2589.3043328095227 10534.740091012791 311.98510208912194 100571.14618061483 5398.7812585514039 9316.612710384652 788.55226829275489 1964.4324759338051 5294.8472323846072 681.32091272249818 50573.073536358774 15834.912887547165 902.97620633617043 2558.2256962992251 310.44328254647553 4506.930882062763 324.98486521467566 2285.9690823405981 2287.2355853952467 3899.5995800066739 1343.8709200769663 4365.7780759911984 797.75746013969183 619.03834975138307 222.59046474844217 6049.4915897734463 1677.172245034948 277.57848301529884 268.77342234179378 2314.8722437303513
leaf_count=143804 95981 57091 3875 4950681 32889 78536 8246 13190 29647 3437 332135 748655 5239 41788 7695 85279 2706 14386 16244 53398 9644 28132 8175 9664 1272 36393 18236 1268 1850 56247
internal_value=-0.0186197 0.12219 -0.117145 -0.127512 0.048973 0.0870162 0.0633282 0.0613768 0.00642158 -0.0483209 0.169067 -0.144945 -0.107701 0.0702327 -0.068583 -0.0189064 0.0258164 0.0345752 0.10907 0.0312798 0.0692223 0.126393 -0.0082399 0.176059 -0.200449 0.12666 0.0603247 -0.000941294 0.165815 -0.0604173
internal_weight=243485 100234 143251 135470 39125.9 28127.7 7781.19 22728.9 15602.6 10998.2 61107.8 119867 19296.1 3461.2 10048.1 5436.41 14715 14167.4 4573.2 13013.2 6638.72 5154.33 6374.53 929.482 547.575 8013.92 2474.93 9594.19 950.094 2626.86
internal_count=6895783 837839 6057944 5961444 448613 196884 96500 163995 215081 251729 389226 5746363 795682 47027 246442 102638 114412 110434 30630 119100 39291 36378 79809 17359 3978 49583 26411 79804 5287 60122
is_linear=0
shrinkage=0.15


Tree=10
num_leaves=31
num_cat=0
split_feature=13 25 34 24 29 23 24 23 29 29 29 7 1 32 29 17 32 23 9 23 37 18 34 17 13 20 16 17 13 13
split_gain=123167 13377.6 10916.9 12552.7 4898.67 3070.17 2497.42 2489.04 1993.02 1948.06 1757.13 1705.05 1504.47 1459.89 5558.86 1456.58 1171.64 1379.24 1101.91 1043.72 864.324 793.547 688.91 674.532 666.079 661.017 658.657 612.415 586.256 584.852
threshold=16.500000000000004 1.0000000180025095e-35 1.0000000180025095e-35 0.22500000149011615 0.39837424457073217 1.0000000180025095e-35 0.36666667461395269 2.5000000000000004 0.58494120836257946 0.46578539907932287 0.49927322566509252 1.5000000000000002 1.0000000180025095e-35 0.28802660107612615 0.55755880475044262 24.500000000000004 0.6372661590576173 1.0000000180025095e-35 0.90621492266654979 1.0000000180025095e-35 1.0000000180025095e-35 0.01363249169662595 0.98229950666427623 22.500000000000004 3.5000000000000004 12.500000000000002 0.063500139862298979 25.500000000000004 1.5000000000000002 3.5000000000000004
decision_type=8 2 2 2 2 2 2 2 2 2 2 2 2 2 2 2 2 2 10 2 2 2 2 2 10 2 2 2 10 10
left_child=1 4 10 13 11 -6 12 -8 -5 24 -2 16 15 -4 -15 18 -1 -18 22 -16 21 25 28 -23 -3 -12 -21 -19 -7 -29
right_child=2 9 3 8 5 6 7 -9 -10 -11 20 -13 -14 14 19 -17 17 27 -20 26 -22 23 -24 -25 -26 -27 -28 29 -30 -31
leaf_value=-0.11866665273372844 -0.12706800908813468 0.12217047457012553 -0.15181964920314198 -0.038404807439902329 0.18589674974045559 0.073021519928484241 0.17722300289085208 -0.24117980957894539 0.12214615538934609 0.17379563298200268 0.066606254270511131 0.15480028549383376 0.16653176988578594 -0.14394639349626842 0.2075276575526056 0.16037832493661125 0.14763309210261735 -0.12459232773705541 0.20467449488071943 -0.0047841617095629512 0.23121522997886784 -0.060564575282863901 -0.086033878356715429 0.038040397906506207 0.031151646108825235 -0.13429462649490051 0.27300032732696511 0.07237302289172777 -0.011522318087273487 -0.071463202137193052
leaf_weight=4392.8145011328161 1978.1210990641266 7870.7258892580867 85490.689914701506 2846.0819343160838 4859.7158994078636 2305.2504211589694 4608.301812723279 342.91256034374237 4472.5420948304236 45099.449151650071 6079.3044374939054 893.0054138302803 1586.4984709359705 15361.925437448546 891.40807909891009 1380.6190007701516 972.45182766020298 1569.3030636478215 562.57741200178862 2288.5911782626063 438.63099845312536 3786.7807507980615 2209.6900189276785 2654.2339446283877 2349.9078335668892 391.35151652991772 208.64549767412245 1172.2296709232032 9235.7696549352258 1388.1808257456869
leaf_count=150360 82348 44748 4873283 61405 32941 15575 32333 1779 31486 332965 36230 5256 10727 832413 4985 6581 15687 33176 2547 37294 2802 58853 17477 31416 12297 3578 1461 9724 77087 37208
internal_value=-0.0178145 0.113518 -0.113864 -0.130173 0.0443245 0.0779041 0.0542902 0.148202 0.059714 0.160394 0.00483142 -0.0432483 0.0273753 -0.143505 -0.105589 0.0132982 -0.0618892 -0.0129918 -0.00089892 0.06829 0.0243831 0.0173393 -0.00932374 -0.0199315 0.101249 0.0544367 0.0185249 -0.0508418 0.00536968 -0.00560829
internal_weight=219688 92799.4 126888 111560 37479.3 27091.3 22231.6 4951.21 7318.62 55320.1 15328.4 10388 17280.4 104241 18750.6 15693.9 9494.98 5102.17 14313.3 3388.64 13350.3 12911.7 13750.7 6441.01 10220.6 6470.66 2497.24 4129.71 11541 2560.41
internal_count=6896022 838468 6057554 5842327 448458 197047 164106 34112 92891 390010 215227 251411 129994 5749436 876153 119267 246155 95795 112686 43740 132879 130077 110139 90269 57045 39808 38755 80108 92662 46932
is_linear=0
shrinkage=0.15


Tree=11
num_leaves=31
num_cat=0
split_feature=13 25 34 24 28 23 29 24 23 28 28 32 28 1 32 23 18 23 32 37 9 10 27 10 33 8 27 18 13 32
split_gain=100796 11996 10247.8 10717.8 4166.98 2561.89 2208.78 2165.21 1945.81 1533.01 1513.14 1437.93 4800.53 1266.2 1235.92 1177.24 989.924 910.572 826.117 784.922 771.678 741.5 1177.66 699.671 648.404 638.556 672.953 635.962 562.564 548.423
threshold=17.500000000000004 1.0000000180025095e-35 1.0000000180025095e-35 0.22500000149011615 0.46428571641445165 1.0000000180025095e-35 0.46578539907932287 0.36666667461395269 2.5000000000000004 0.46428571641445165 0.73214286565780651 0.28513263165950781 0.46428571641445165 1.0000000180025095e-35 0.58046171069145214 1.0000000180025095e-35 0.044462749734520919 1.0000000180025095e-35 0.17199121415615085 1.0000000180025095e-35 0.89058512449264537 0.49033452570438391 2.5000000000000004 0.60322770476341259 0.88603895902633678 0.42493557929992681 1.0000000180025095e-35 0.007157769752666355 2.5000000000000004 0.59723421931266796
decision_type=8 2 2 2 2 2 2 2 2 2 2 2 2 2 2 2 2 2 2 2 10 8 2 10 2 10 2 2 10 2
left_child=1 4 10 11 14 -6 24 13 -9 25 19 -4 -13 16 -1 -16 20 -14 27 23 29 22 -12 -2 28 -5 -27 -11 -3 -7
right_child=2 6 3 9 5 7 -8 8 -10 18 21 12 17 -15 15 -17 -18 -19 -20 -21 -22 -23 -24 -25 -26 26 -28 -29 -30 -31
leaf_value=-0.11406477257460867 -0.092998338964998248 0.09621450991241913 -0.15137679838552767 -0.082323647897591043 0.17504864438092652 0.097438636585304494 0.16848716573891526 0.17108854081591027 -0.18756234347398926 0.18952054654604567 -0.15323914544956915 -0.14549884101027247 0.17585955723995902 0.15993530716388143 0.1173724942586333 -0.037777182028070629 0.1286332310963009 0.004911635962952788 0.13014620040838909 0.1831820999698805 0.1489259060692372 0.035847375949808018 0.36518281208405384 0.014256186927307903 0.14165471298059923 0.42141128491068247 -0.0861559759370253 -0.089476602429199956 0.0051813747152646876 -0.016765949402855976
leaf_weight=3557.9622612213716 4427.7429901920259 3985.4786431789398 73685.100784273818 1932.0770006291568 4404.2843376472592 1023.7074678000063 39959.120796896517 4154.2457479313016 369.91180084645748 240.74035890027881 134.67736930400133 12930.182911650278 941.93632244877517 1431.8172038570046 1406.0643188506365 5047.717873243615 1494.3736442644149 2733.6049709357321 3788.7971656024456 312.66227021813393 743.31368951499462 7837.5771918036044 362.20097192935646 1980.1303040590137 3480.5523256734014 122.20967105589807 111.83761456981301 766.47756927087903 2476.325158406049 12330.836163921282
leaf_count=140539 130986 23269 4864457 52914 33181 9309 332963 32665 1762 1570 1279 813733 6795 10748 22288 101018 7811 52125 26491 3530 3409 55636 2786 20695 21248 772 1774 7784 13024 98924
internal_value=-0.0171956 0.105148 -0.110735 -0.128562 0.0391047 0.0708165 0.152745 0.0495052 0.141729 0.0507578 0.00442821 -0.142389 -0.102502 0.0249897 -0.0430979 -0.00396228 0.0125884 0.0487566 0.098055 -0.0485254 0.000279366 0.0471283 0.224641 -0.059858 0.0894639 -0.0539598 0.17954 -0.0226702 0.0613345 -0.00800483
internal_weight=198174 85865.7 112308 97253 35964.2 25952.5 49901.5 21548.2 4524.16 6962.14 15055 90290.8 16605.7 17024 10011.7 6453.78 15592.2 3675.54 4796.02 6720.54 14097.9 8334.46 496.878 6407.87 9942.36 2166.12 234.047 1007.22 6461.8 13354.5
internal_count=6895485 852158 6043327 5828415 461654 197809 390504 164628 34427 91305 214912 5737110 872653 130201 263845 123306 119453 58920 35845 155211 111642 59701 4065 151681 57541 55460 2546 9354 36293 108233
is_linear=0
shrinkage=0.15


Tree=12
num_leaves=31
num_cat=0
split_feature=13 24 34 24 29 16 23 29 32 28 1 29 16 17 29 9 13 25 33 11 26 34 34 10 28 22 24 29 37 37
split_gain=82496.2 11246 9612.77 8600.85 3319.91 3244.94 3078.16 1544.03 1339.21 4068.48 1304.91 1220.35 1182.88 1420.74 1167.55 996.406 782.883 772.399 736.031 678.123 629.56 605.942 597.799 579.698 653.375 572.099 1140.39 504.672 598.668 502.436
threshold=20.500000000000004 0.36666667461395269 1.0000000180025095e-35 0.22500000149011615 0.21938078105449679 0.015151950065046551 1.0000000180025095e-35 0.34437562525272375 0.26942862570285803 0.46428571641445165 1.0000000180025095e-35 0.49927322566509252 0.016393851488828663 25.500000000000004 0.60037919878959667 0.86319929361343395 4.5000000000000009 1.0000000180025095e-35 0.99074074625968944 0.14251524955034259 1.0000000180025095e-35 0.9797959327697755 0.98198053240776073 0.8087032437324525 0.77500000596046459 2.5000000000000004 0.55000001192092907 0.82984957098960888 1.0000000180025095e-35 1.0000000180025095e-35
decision_type=8 2 2 2 2 2 2 2 2 2 2 2 2 2 2 10 10 2 2 10 2 2 2 10 2 2 2 2 2 2
left_child=1 5 11 8 12 7 -7 -1 -4 -10 15 -2 13 -3 -5 17 -15 22 23 27 -16 -17 -8 -11 -25 -6 -27 28 -13 -20
right_child=2 4 3 14 25 6 10 -9 9 18 -12 19 -14 16 20 21 -18 -19 29 -21 -22 -23 -24 24 -26 26 -28 -29 -30 -31
leaf_value=-0.1022605290912014 -0.12026600283477706 -0.050649300592827344 -0.15105925524032704 -0.037992082014443825 0.16192962229622659 0.15467853488682137 0.0057877744897371942 0.13077441888517505 -0.14488287985488127 -0.042060979879805151 0.15628796777566331 -0.054226388963104846 0.18126787321772092 0.1204910807447479 0.016463744730757918 0.16369534976472569 -0.0045163145928890439 0.17672993309912305 0.12524477308707402 0.07002102042896359 0.14348500509607623 -0.071500698471967855 -0.075997024779540193 0.40001803976574252 0.039412997969274839 -0.15673716986526973 0.15507878247859189 0.027534493100894935 0.22025757071503335 0.57885756057713522
leaf_weight=5302.2329623177648 1620.1342398487031 2719.4314052090049 63054.686352089047 2456.4784415792674 39209.706958878785 4923.8410743391141 13497.127369781025 726.61676612310112 11243.078128909692 1943.297130334191 1502.0021688304842 4096.8183775339276 1533.7607008218765 3714.0444139614701 1416.6910254918039 1365.8304040599614 1618.1163502838463 534.73316964507103 879.11325882934034 3914.4650120604783 2308.8688238859177 300.07840624265373 2361.9394556283951 146.16460756771266 488.89660151489079 382.52943452447653 845.40266536921263 5112.9934591948986 185.96863301843405 57.729102486744523
leaf_count=239656 82457 13801 4822431 58325 366211 47122 123038 4476 816710 43990 12706 65216 11414 21234 11039 7742 9170 4038 8216 28294 17029 1910 23173 1624 5882 1753 7400 38348 1102 427
internal_value=-0.0165326 0.0961803 -0.108295 -0.128008 0.139958 0.0244124 0.0486844 -0.0741574 -0.141538 -0.100849 0.0219983 0.00261062 0.060579 0.0375692 0.0422781 0.0108215 0.0825622 -0.000413068 0.0399929 0.0175752 0.095201 0.121312 -0.00639671 -0.00139657 0.122908 0.158772 0.0578924 -0.00427991 -0.042259 0.153784
internal_weight=179463 80537.4 98925.4 83995 50023 30514.4 24485.6 6028.85 77813 14758.3 19561.7 14930.4 9585.35 8051.59 6182.04 18059.7 5332.16 16393.8 3515.2 13310.2 3725.56 1665.91 15859.1 2578.36 635.061 40437.6 1227.93 9395.78 4282.79 936.842
internal_count=6895934 894844 6001090 5785673 430983 463861 219729 244132 5699280 876849 172607 215417 55619 44205 86393 159901 30404 150249 60139 132960 28068 9652 146211 51496 7506 375364 9153 104666 66318 8643
is_linear=0
shrinkage=0.15


Tree=13
num_leaves=31
num_cat=0
split_feature=13 25 34 24 33 29 16 23 32 29 29 8 33 29 10 29 33 29 10 33 33 19 10 29 31 8 33 19 33 10
split_gain=67498.1 9961.53 8867.53 7965.65 2908.61 2455.53 1709.36 1467.87 1392.39 3650.83 1366.85 1968.09 1056.18 997.772 857.624 2651.48 1066.07 826.213 977.121 1080.17 1028.44 752.312 740.75 736.375 682.176 578.899 630.633 567.26 638.16 688.301
threshold=19.500000000000004 1.0000000180025095e-35 1.0000000180025095e-35 0.22500000149011615 0.99074074625968944 0.5496390461921693 0.014925695955753328 1.0000000180025095e-35 0.26942862570285803 0.46132382750511175 0.97357577085495006 0.87609198689460765 0.89323708415031444 0.50355792045593273 0.81879165768623363 0.90212523937225353 0.91240409016609203 0.80740225315094005 0.66734924912452709 0.8989795744419099 0.76533168554306041 557.50000000000011 0.73840305209159862 0.34437562525272375 0.29285715520381933 0.96324434876441967 0.94665718078613292 525.50000000000011 0.9529346525669099 0.61403992772102367
decision_type=8 2 2 2 2 2 2 2 2 2 2 10 2 2 10 2 2 2 10 2 2 2 10 2 2 10 2 2 2 10
left_child=1 4 13 8 6 21 23 -8 -4 -10 11 -6 22 -2 17 16 -16 18 19 -9 -20 -3 -5 -1 -11 -19 -27 -15 -29 -30
right_child=2 5 3 12 10 -7 7 14 9 24 -12 -13 -14 27 15 -17 -18 25 20 -21 -22 -23 -24 -25 -26 26 -28 28 29 -31
leaf_value=-0.090617601377075765 -0.114729284166233 0.11185055984561579 -0.15064749653252063 -0.061505135392618676 0.10253270311443403 0.16214996343582391 0.11975087573525514 -0.040881710667590693 -0.14280752117970971 0.25673224107562859 0.17228378728660021 -0.15852364517248968 0.1112376354820289 -0.017445644999215103 0.30780910730353922 -0.0015275451912849327 -0.11544912040548189 -0.083256937588636712 0.32830893610380635 0.081289537792223698 -0.0080151200675604595 0.030667159161270989 0.088727440891316386 0.099726895951158592 0.015657411410316409 0.22082159039474972 -0.14649909282841184 0.0095004339083435679 0.22768249672623514 0.055904352824484548
leaf_weight=4639.1150533743203 1470.1160447057337 6154.767393104732 54429.391679118387 2388.2580894920975 3030.6680973684415 29811.623776700348 3107.3622039537877 5076.6904079634696 10000.190700091422 286.96413103304803 3931.5215584337711 826.07206842117012 2616.1725802980363 6215.5611333996058 1054.2806218340993 3728.4535486083478 152.82196897082031 3979.8762920983136 435.38748082146049 2395.9482970349491 385.01647622697055 4408.6857658438385 1067.816263968125 506.47053531743586 3189.6175529388711 302.90341001003981 159.96520757302642 4341.1878954023123 722.63278871029615 1914.2315954454243
leaf_count=209716 83603 44520 4823523 52338 26157 318870 35269 61068 830206 8307 37269 5552 27132 65054 7027 31319 1286 41016 2940 19970 2769 28939 8297 3424 50122 2575 1519 48969 7364 9870
internal_value=-0.0157986 0.0898705 -0.104118 -0.12524 0.0296766 0.140129 0.0055259 0.0246937 -0.139958 -0.0967785 0.110055 0.0465907 0.0393545 0.00244457 0.00797286 0.0610485 0.254172 -0.012599 0.015365 -0.00170437 0.170654 0.0779746 -0.0150758 -0.0718666 0.0356243 -0.0647896 0.0938351 0.0155085 0.0448601 0.103049
internal_weight=162730 74087.6 88642.1 73978.4 33712.6 40375.1 25924.3 20778.7 67906.2 13476.8 7788.26 3856.74 6072.25 14663.7 17671.3 4935.56 1207.1 12735.8 8293.04 7472.64 820.404 10563.5 3456.07 5145.59 3476.58 4442.74 462.869 13193.6 6978.05 2636.86
internal_count=6895990 881205 6014785 5799925 488876 392329 419898 206758 5712158 888635 68978 31709 87767 214860 171489 39632 8313 131857 86747 81038 5709 73459 60635 213140 58429 45110 4094 131257 66203 17234
is_linear=0
shrinkage=0.15


Tree=14
num_leaves=31
num_cat=0
split_feature=13 25 34 24 28 28 23 24 23 32 28 32 33 1 31 28 18 7 18 9 26 32 20 33 23 10 9 37 10 33
split_gain=54639 9162.11 8388.96 6572.67 2651.47 2601.83 1966.26 1485.48 1471.74 1388.49 3327.62 1083.52 847.229 773.463 769.853 740.693 710.121 697.724 921.887 627.878 606.471 709.664 604.681 571.217 514.013 490.114 479.123 454.804 454.917 406.877
threshold=22.500000000000004 1.0000000180025095e-35 1.0000000180025095e-35 0.22500000149011615 0.46428571641445165 0.46428571641445165 1.0000000180025095e-35 0.36666667461395269 2.5000000000000004 0.22252079099416736 0.64583334326744091 0.56564876437187206 0.97646731138229381 1.0000000180025095e-35 0.31666667759418493 0.73214286565780651 0.047090481966733939 1.5000000000000002 0.039564393460750587 0.48834316432476049 1.0000000180025095e-35 0.19706057757139209 2.5000000000000004 0.97182539105415355 1.0000000180025095e-35 0.66362708806991588 0.92212811112403881 1.0000000180025095e-35 0.61034750938415538 0.88516482710838329
decision_type=8 2 2 2 2 2 2 2 2 2 2 2 2 2 2 2 2 2 2 10 2 2 2 2 2 10 10 2 10 2
left_child=1 4 15 9 11 17 -6 13 -9 -4 25 -1 20 16 -12 27 26 18 -3 -20 -5 -22 23 -17 -13 -11 -8 28 29 -2
right_child=2 5 3 12 6 -7 7 8 -10 10 14 24 -14 -15 -16 22 -18 -19 19 -21 21 -23 -24 -25 -26 -27 -28 -29 -30 -31
leaf_value=-0.11118729548368739 -0.114027835361053 -0.048528899195202126 -0.15078632678362022 -0.06634298463534552 0.15902614339846713 0.15506592879164469 -0.0072031684686922172 0.1592461193201736 -0.14412304288443412 -0.13806020686120299 0.29008251241799815 0.068812261276308337 0.12658372803373313 0.14080841119219589 0.023978861617812111 0.02573621544514269 0.10857211986966646 0.15045187283704653 -0.10899438808154632 0.090358717070544922 -0.077828170264370472 0.10749505403374045 -0.011583609683266259 0.13541225882027996 -0.029557172064154327 0.33152506514783336 0.16861179103711993 0.12904603928724276 0.011968037628992434 -0.011638598877228642
leaf_weight=3290.0698959315196 2455.0302339969203 1952.4993469119072 46063.611287840642 1893.7420747280121 3312.6847430933267 28314.126065149903 13827.362257265486 3060.7988124266267 406.93471719324589 9788.6984787760302 269.88073619641364 1582.7039229627699 1530.151259822771 1041.3348365798593 2525.7894364632666 2715.0084305759519 1416.6587257757783 1529.2579274997115 386.42007666267455 4330.766754059121 674.15423170663416 1492.777787014842 3953.2230511419475 1761.4566560480744 4870.9701885906979 49.350371957756579 356.77664589881897 346.722900737077 1916.2654601931572 1355.412541275844
leaf_count=179934 93929 9022 4731646 45828 33749 341370 113456 33226 1831 904156 7758 26455 13732 10933 31177 18828 8032 13939 2606 26450 9344 14478 31991 8562 118988 1495 1780 3538 19967 37815
internal_value=-0.0150818 0.0816806 -0.100654 -0.123901 0.0246088 0.133519 0.0519628 0.0343194 0.123615 -0.138703 -0.0946367 -0.0411451 0.0315002 0.0157065 0.0497618 0.00239445 0.00734759 0.0590998 0.0381348 0.0740086 -0.00435169 0.0498298 0.0311664 0.0689136 -0.00542605 -0.135671 -0.00276928 -0.0375384 -0.047645 -0.0776196
internal_weight=148471 69679.4 78791.3 64288.2 33166.3 36513.1 23422.6 20109.9 3467.73 58697.3 12633.7 9743.74 5590.83 16642.1 2795.67 14503.1 15600.8 8198.94 6669.69 4717.19 4060.67 2166.93 8429.69 4476.47 6453.67 9838.05 14184.1 6073.43 5726.71 3810.44
internal_count=6896015 921771 5974244 5759614 528384 393387 203007 169258 35057 5676232 944586 325377 83382 134201 38935 214630 123268 52017 38078 29056 69650 23822 59381 27390 145443 905651 115236 155249 151711 131744
is_linear=0
shrinkage=0.15


Tree=15
num_leaves=31
num_cat=0
split_feature=24 32 34 29 16 23 32 28 29 32 1 8 9 34 19 29 22 24 33 16 25 2 18 32 9 28 10 8 17 16
split_gain=44042.7 12113.5 9399.98 3752.97 2524.31 2423.36 1599.75 4223.92 1124.34 1086.27 916.288 873.298 794.977 761.504 724.331 690.056 686.914 903.644 580.364 548.723 545.212 499.938 546.589 465.117 462.147 436.542 547.686 517.865 422.483 461.494
threshold=0.36666667461395269 0.51238420605659496 1.0000000180025095e-35 0.55166909098625194 0.013158135116100313 1.0000000180025095e-35 0.22252079099416736 0.64583334326744091 0.32590299844741827 0.33000239729881292 1.0000000180025095e-35 0.40297064185142523 0.80871555209159862 0.97894504666328441 566.50000000000011 0.48925879597663885 2.5000000000000004 0.55000001192092907 0.79516318440437328 0.063500139862298979 1.0000000180025095e-35 1.0000000180025095e-35 0.044462749734520919 0.19128373265266421 1.0000000180025095e-35 0.58571431040763866 0.48627051711082464 0.75099816918373119 24.500000000000004 0.016393851488828663
decision_type=2 2 2 2 2 2 2 2 2 2 2 10 10 2 2 2 2 2 2 2 2 2 2 2 10 2 8 8 2 2
left_child=1 2 15 9 8 21 -4 -8 11 -2 12 -3 20 -14 18 -1 23 -18 -11 24 28 22 -6 -5 -9 27 -27 -16 29 -7
right_child=3 4 6 16 5 10 7 19 -10 14 -12 -13 13 -15 25 -17 17 -19 -20 -21 -22 -23 -24 -25 -26 26 -28 -29 -30 -31
leaf_value=-0.1104723739499154 -0.08390812168224214 -0.12548197261169078 -0.14984348068761141 0.032987522487010534 -0.037182860413948492 -0.12124261583210522 -0.13529294576156345 -0.00033614929599911031 0.15368872914390316 0.047206213319453835 0.13282240874313633 1.8163569972116438 0.10180890458273305 -0.076686946282368995 0.12436174210840964 0.01128321311386977 -0.13776668987244262 0.14670599003954168 0.1328259801665107 0.27493565848809909 0.17849785489372721 0.16776641168965775 0.13073146959137394 0.15608029953994618 0.13945400715306142 -0.6061768484293466 -0.0008923114833340746 -0.0039839360953293716 0.043642594460881756 -0.02073836717627087
leaf_weight=1137.0374638028443 1237.7845271192491 3802.4268907532096 40336.399433705024 710.29757503420115 707.35959423240274 1115.3624713988975 8530.1510849846527 1217.113731819205 361.42495652101934 3322.3698741924018 1199.6216589435935 4.2221301309764376 2616.9625574238598 676.00817897543311 903.3446856290102 13141.250371200033 430.32635276764631 600.83570347353816 3843.4071687329561 306.6917967479676 318.48581686243415 2688.557847591117 1135.2476048078388 25815.668761145324 944.47855436988175 55.471589848399162 83.183551982045174 3247.0587423369288 2084.4000270348042 12994.735953247175
leaf_count=78661 18308 336162 4755223 4397 12903 34586 793488 23055 4144 24853 13199 147 19289 5980 8771 136197 2045 7220 33153 2765 3196 30261 13398 350869 8409 645 974 20389 35567 117824
internal_value=-0.0145364 -0.070094 -0.106073 0.117031 0.00937893 0.0270456 -0.136015 -0.0852924 -0.098841 0.0495364 0.00558218 -0.122852 -0.00213092 0.0651536 0.0639621 0.00158027 0.148116 0.0279709 0.093141 0.0874896 -0.0155517 0.126523 0.0662855 0.152786 0.0607795 0.0152023 -0.245654 0.023974 -0.0193788 -0.028691
internal_weight=135568 95317.9 65613.1 40249.7 29704.8 25536.7 51334.8 10998.4 4168.07 12692.6 21005.6 3806.65 19806 3292.97 11454.8 14278.3 27557.1 1031.16 7165.78 2468.28 16513 4531.17 1842.61 26526 2161.59 4289.06 138.655 4150.4 16194.5 14110.1
internal_count=6896078 6424454 5797798 471624 626656 286203 5582940 827717 340453 107093 229641 336309 216442 25269 88785 214858 364531 9265 58006 34229 191173 56562 26301 355266 31464 30779 1619 29160 187977 152410
is_linear=0
shrinkage=0.15


Tree=16
num_leaves=31
num_cat=0
split_feature=13 25 34 24 29 33 10 29 32 28 28 10 10 28 33 23 32 18 16 12 18 13 32 24 23 33 13 23 13 16
split_gain=36153.9 7092.91 7073.28 5036.25 2822.87 1936.3 1919.24 2775.32 1411.59 2640.62 932.644 1119.62 1894.76 1198.94 940.426 734.287 984.842 1232.42 606.6 569.642 562.345 539.642 521.518 641.548 488.421 487.115 457.054 451.672 443.775 435.345
threshold=23.500000000000004 1.0000000180025095e-35 1.0000000180025095e-35 0.22500000149011615 0.53340941667556774 0.83899769186973583 0.68283784389495861 0.89295819401741039 0.18710978329181674 0.46428571641445165 0.86607143282890331 0.64557385444641124 0.88492548465728771 0.64583334326744091 0.97700846195220958 1.0000000180025095e-35 0.29907643795013433 0.0068858668673783549 0.063500139862298979 4.5000000000000009 0.041944457218050964 6.5000000000000009 0.091646198183298125 0.36666667461395269 1.0000000180025095e-35 0.8989795744419099 2.5000000000000004 1.5000000000000002 2.5000000000000004 0.0647847354412079
decision_type=8 2 2 2 2 2 10 2 2 2 2 10 10 2 2 2 2 2 2 8 2 10 2 2 2 2 10 2 10 2
left_child=1 5 19 8 25 6 28 -8 -4 -10 11 13 -13 20 -12 16 17 -11 22 -2 -7 -22 -5 27 -9 26 -3 -24 -1 -17
right_child=2 4 3 18 -6 10 7 24 9 15 14 12 -14 -15 -16 29 -18 -19 -20 -21 21 -23 23 -25 -26 -27 -28 -29 -30 -31
leaf_value=-0.015750962453370543 0.032331620597566828 0.062646603689333252 -0.15054938599576961 -0.092043751006992233 0.1523185562114073 -0.041583753195384182 0.21307874366266455 0.17235259655796856 -0.1412192117186577 2.7183918059985226 0.021493453109705511 -0.087259615847589803 0.25068315229530397 0.12662500944182295 0.16384896345482464 -0.034753694456828112 0.10680143851587542 0.45543685569034265 0.17658220567531313 -0.027838024455916936 0.12186102679844033 -0.029003009714099158 0.3339850048210608 0.087602453199359734 -0.03584625941124582 0.1021174048136337 -0.019963497509507499 -0.060018284602789393 -0.083686884509037399 0.22091895115546087
leaf_weight=3299.1239823726937 6689.9550793571398 3617.2760922461748 33891.284506158903 966.90398431941867 20497.161115802824 2294.7511512986384 1656.5972477030009 272.77319081500173 7101.7410400789231 5.9591132816858581 1631.8136651199311 2811.221556476783 429.44838774390519 3589.7295071426779 2899.9605466695502 2644.1972248726524 783.330606485717 27.137038858607411 519.15426846221089 7517.0556301772594 1387.1199853690341 865.95522853173316 67.615755226463079 2013.0395385902375 3428.5466226777062 2970.6928510833532 2581.7163225570694 1429.8797747455537 6286.7910954728723 157.85232895240188
leaf_count=37582 45585 28135 4678662 18646 323173 29711 15330 2972 895100 317 13891 25169 3681 28023 37580 80668 5912 2608 5135 169141 17734 53997 831 23096 34061 27273 15775 34364 241592 1540
internal_value=-0.0140532 0.069004 -0.0928225 -0.119547 0.121371 0.018649 -0.0201232 0.0517731 -0.135541 -0.0880852 0.0550657 0.0321407 -0.0424125 0.0618321 0.112605 0.0162076 0.141297 0.930669 0.0232578 0.000495608 0.0106725 0.0638902 0.00544453 0.0323142 -0.0204604 0.0521852 0.028244 -0.042017 -0.0603099 -0.0202768
internal_weight=124336 60520.7 63815.1 49608.1 29666.8 30853.8 14943.8 5357.92 44611.5 10720.2 15910 11378.2 3240.67 8137.56 4531.77 3618.48 816.427 33.0962 4996.59 14207 4547.83 2253.08 4477.44 3510.54 3701.32 9169.69 6198.99 1497.5 9585.92 2802.05
internal_count=6897284 935679 5961605 5746879 394356 541323 331537 52363 5664807 986145 209786 158315 28850 129465 51471 91045 8837 2925 82072 214726 101442 71731 76937 58291 37033 71183 43910 35195 279174 82208
is_linear=0
shrinkage=0.15


Tree=17
num_leaves=31
num_cat=0
split_feature=13 34 24 24 29 16 23 32 28 29 28 34 9 19 23 25 8 29 27 32 33 16 1 32 23 29 8 28 16 5
split_gain=29128 6676.3 6324.94 4364.46 3283.41 1422.62 1367.32 1354.84 2185.46 842.293 650.495 650.199 674.074 629.37 560.617 600.385 545.76 531.114 469.281 468.809 415.439 385.914 384.831 382.687 419.076 376.524 373.028 6291.07 415.552 370.711
threshold=26.500000000000004 1.0000000180025095e-35 0.36666667461395269 0.22500000149011615 0.56827601790428173 0.014925695955753328 1.0000000180025095e-35 0.22252079099416736 0.46428571641445165 0.29173803329467779 0.64583334326744091 0.98198053240776073 0.79929965734481823 551.50000000000011 2.5000000000000004 1.0000000180025095e-35 0.34155373275280004 0.49307985603809362 1.0000000180025095e-35 0.65302383899688732 0.88603895902633678 0.064264308661222472 1.0000000180025095e-35 0.17199121415615085 1.5000000000000002 0.24567271769046786 0.4517629742622376 0.13392857462167743 0.010416808072477581 1.0000000180025095e-35
decision_type=8 2 2 2 2 2 2 2 2 2 2 2 10 2 2 2 10 2 2 2 2 2 2 2 2 2 10 2 2 2
left_child=2 17 5 7 13 9 10 -3 26 -1 19 12 22 20 -6 -16 25 -2 -18 -7 -4 -10 -8 -20 -25 -5 -9 28 -28 -19
right_child=1 3 4 16 14 6 11 8 21 -11 -12 -13 -14 -15 15 -17 18 29 23 -21 -22 -23 -24 24 -26 -27 27 -29 -30 -31
leaf_value=-0.092787489036130447 -0.10304208668821541 -0.14988579973868524 0.047138311126299445 -0.090975904728891901 0.15144519882154892 -0.086442072319663624 -0.001319309546787452 -0.14547990899204222 -0.0017350217670580603 0.099898976305735035 0.16669738560918237 -0.061477898458962336 0.082442874929535073 0.0068392838233827446 -0.10940697517729707 0.14497352062233879 0.3697470935021886 -0.0073787375481861282 -0.038817750198313732 0.088832933764599095 0.13027050576249594 0.18456983104696825 0.12433145488881717 0.15941196378855599 0.023059784625048766 0.083224203406390626 2.1264553112661493 -0.11264892811798223 6.2174377421209615 0.047756937536250682
leaf_weight=3916.0435154191218 1023.3937947796658 29556.425661837682 3613.6827457025647 1222.2631682632491 18713.589882224798 473.31020884215832 12214.093728235923 5593.9465949172154 3034.0108289388008 586.08435671078041 1977.8827164499089 2594.4580298736691 3083.7469360558316 5339.2209605760872 391.59336326643825 444.86791967973113 103.53294836170971 9173.0857606045902 845.15987267624587 1243.2600994426757 2162.5010412354022 271.64225317444652 573.21336394734681 879.58491238206625 1196.9440712910146 360.87655478995293 2.5533206639811388 130.16876729670912 2.4845040231011808 3913.6387505363673
leaf_count=297772 80479 4727466 28761 44279 333499 10942 125027 810759 67116 4685 29056 28324 24517 40542 1735 7755 720 106006 9644 11820 22386 2151 8373 10044 9869 4109 218 16082 246 28733
internal_value=-0.0129891 -0.0886109 0.0626094 -0.11787 0.109066 0.00917491 0.0247929 -0.134345 -0.0834958 -0.0676871 0.10808 0.0081244 0.0195055 0.0439669 0.146075 0.0258956 0.020097 0.00097103 0.0574329 0.0404821 0.0782787 0.0136258 0.00432249 0.0462431 0.0808653 -0.0512395 -0.139526 0.10605 4.8396 0.0091122
internal_weight=114637 57309.7 57327.5 43199.6 30665.5 26662.1 22160 38591.2 9034.81 4502.13 3694.45 18465.5 15871.1 11115.4 19550.1 836.461 4608.36 14110.1 3025.22 1716.57 5776.18 3305.65 12787.3 2921.69 2076.53 1583.14 5729.15 135.207 5.03782 13086.7
internal_count=6893115 5917921 975194 5702703 434678 540516 238059 5624038 896572 302457 51818 186241 157917 91689 342989 9490 78665 215218 30277 22762 51147 69267 133400 29557 19913 48388 827305 16546 464 134739
is_linear=0
shrinkage=0.15


Tree=18
num_leaves=31
num_cat=0
split_feature=13 34 25 24 29 33 32 29 29 8 13 37 10 29 33 16 29 23 33 13 18 9 34 32 26 21 0 29 29 23
split_gain=23610.5 6168.86 5463.69 3872.43 2787.24 1393.52 1317.94 2091.44 1098.09 1234.53 962.711 498.963 491.84 1222.96 493.775 462.119 450.109 440.115 437.902 393.513 489.525 453.684 391.954 371.869 460.614 432.661 358.61 338.837 393.315 325.411
threshold=26.500000000000004 1.0000000180025095e-35 1.0000000180025095e-35 0.22500000149011615 0.56599020957946788 0.99074074625968944 0.18710978329181674 0.48749996721744543 0.97357577085495006 0.87282073497772228 2.5000000000000004 1.0000000180025095e-35 0.81879165768623363 0.90212523937225353 0.88603895902633678 0.064264308661222472 0.48429435491561895 1.0000000180025095e-35 0.89323708415031444 2.5000000000000004 0.043562481179833419 0.90621492266654979 0.98164984583854686 0.20212519168853763 1.0000000180025095e-35 1.5000000000000002 1.0000000180025095e-35 0.15847322344779971 0.81927999854087841 1.5000000000000002
decision_type=8 2 2 2 2 2 2 2 2 10 10 2 10 2 2 2 2 2 2 10 2 10 2 2 2 2 2 2 2 2
left_child=2 16 5 6 19 10 -3 -8 9 11 22 27 14 18 -12 23 -2 26 -14 20 -4 -21 -1 25 29 -5 -9 -7 -29 -25
right_child=1 3 4 15 -6 8 7 17 -10 -11 12 -13 13 -15 -16 -17 -18 -19 -20 21 -22 -23 -24 24 -26 -27 -28 28 -30 -31
leaf_value=0.045812709045380332 -0.10286489421580688 -0.15008372554105212 0.027223517401649914 -0.098149260323957307 0.14832507971134101 -0.10203430848775259 -0.13999159194018326 0.024268025888632073 0.15692040049921485 -0.1465857520085832 -0.0603172522448744 0.17443493094413118 0.27019776089594971 -0.023904665753825268 0.010453751193907219 0.17053091856366823 0.0076847047443242287 -0.018715787808204855 -0.082100478293889056 0.031196348250188216 0.11781688671184656 -0.1037498954003563 -0.046137867102281918 0.13031486067092957 0.091069005873970016 0.21356830485543979 0.23006558070573493 0.089585835398304309 -0.13779867175062957 -0.063551416162173233
leaf_weight=8293.1486829770729 883.36930011585355 25176.823387543671 2846.6511314772069 1068.7796255126595 15405.846563965082 350.49201224232092 5355.1540496279486 457.55525044770911 2403.4556823829189 741.22140906658024 8301.1798404240981 764.05772943096235 517.34149677678943 2161.4111657142639 3026.5843040612526 400.40627833455801 13158.48738711793 2505.0902594393119 93.267283514142036 3107.9662867747247 2539.4069981016219 682.8533086143434 1192.2811605054885 233.86930983141065 1427.0504394285381 109.59775864426047 325.75833097379655 1360.7577813076787 194.8597260043025 1142.0101754870266
leaf_count=82798 77036 4675907 24730 22639 316836 11497 872369 4459 37905 5717 316071 7529 4825 20872 68252 4685 138570 71672 944 22134 27000 4649 13072 3878 16760 819 2627 9107 1166 29797
internal_value=-0.0124104 -0.0842942 0.0571583 -0.115543 0.109344 0.013521 -0.132733 -0.0821807 0.0792839 0.024556 -0.0026952 0.0721009 -0.0275511 0.0290743 -0.0414092 0.0171338 0.00072323 0.011978 0.21634 0.0438952 0.0699502 0.00686707 0.0342512 0.00166744 0.031391 -0.0690007 0.110038 0.0310107 0.061033 -0.0305277
internal_weight=106227 52244 53982.8 38202.1 24582.7 29400.1 33820.4 8643.56 5814.84 3411.39 23585.2 2670.17 14099.8 2772.02 11327.8 4381.71 14041.9 3288.4 610.609 9176.88 5386.06 3790.82 9485.43 3981.31 2802.93 1178.38 783.314 1906.11 1555.62 1375.88
internal_count=6896322 5921218 975104 5705612 395349 579755 5627034 951127 72921 35016 506834 29299 410964 26641 384323 78578 215606 78758 5769 78513 51730 26783 95870 73893 50435 23458 7086 21770 10273 33675
is_linear=0
shrinkage=0.15


Tree=19
num_leaves=31
num_cat=0
split_feature=24 18 32 34 28 26 23 32 2 32 23 33 17 13 27 10 17 17 10 28 33 10 10 23 32 28 17 13 17 9
split_gain=18903.7 5495.13 3801.97 3914.4 2965.47 1669.24 1493.87 1899.57 1235.47 1080.29 865.84 721.288 636.666 1039.35 515.815 446.392 423.764 727.175 414.02 1569.9 525.351 404.412 362.27 355.358 345.734 748.194 395.7 337.954 303.081 301.792
threshold=0.22500000149011615 0.011433240026235582 0.58046171069145214 1.0000000180025095e-35 0.46428571641445165 1.0000000180025095e-35 1.0000000180025095e-35 0.17909665405750277 1.0000000180025095e-35 0.12846045196056369 1.5000000000000002 0.90353596210479747 22.500000000000004 5.5000000000000009 1.0000000180025095e-35 0.63957309722900402 24.500000000000004 99.500000000000014 0.85417151451110851 0.77500000596046459 0.90081965923309337 0.75555580854415905 0.97278150916099559 1.0000000180025095e-35 0.26942862570285803 0.64583334326744091 22.500000000000004 12.500000000000002 22.500000000000004 0.89832758903503429
decision_type=2 2 2 2 2 2 2 2 2 2 2 2 2 8 2 8 2 2 10 2 2 10 10 2 2 2 2 8 2 10
left_child=1 6 3 16 8 10 9 -8 12 -1 -6 21 -2 -14 -10 -7 -3 -18 -9 20 27 23 -21 -4 -5 -26 -27 -20 -13 -25
right_child=4 2 11 24 5 15 7 18 14 -11 -12 28 13 -15 -16 -17 17 -19 19 22 -22 -23 -24 29 25 26 -28 -29 -30 -31
leaf_value=0.023412670074697314 -0.06734622100001092 -0.048115843050320524 0.021280471760683775 -0.14972972392249279 0.16821337683078158 0.083008776521415667 -0.14812413016877921 -0.020590934947855258 0.19146050624415992 0.15387489012842234 0.0026569331213579868 0.012612324904375818 0.069688171306422478 -0.049177767530831931 -0.015575111550996579 0.14125018806524678 0.12203886068172305 -0.029311451171764185 0.32153197344642981 -0.025251753703430552 -0.14656236513417195 0.096397416605380801 0.10279643879506317 -0.07369618778064338 -0.13109928582857341 -0.062210012029063677 0.13608312567354544 0.78777655939305269 0.11453441591580751 0.16919385137148921
leaf_weight=6210.5527422609739 2703.3961395435035 4752.6600694917142 1444.4267989709042 20054.681369410362 859.13252315111458 3714.3114067390561 2432.8910419517197 7931.4332980699837 1122.0507949823514 1853.7181084086187 4093.2491323454306 1270.348425923381 3862.8715766994283 2894.4338614242151 356.59034923929721 14703.460823647678 1087.4391834726557 2076.8624139204621 336.89914042502642 2258.1988235423341 49.301030502654612 521.14512930717319 636.38066211156547 3680.2703360202722 5552.7286426611245 604.31096296012402 360.75863502081484 38.808759996201843 1358.0364647996612 117.89276939816773
leaf_count=75435 20755 97613 39433 4270490 11002 72988 524038 85573 12333 29803 36966 13790 30348 67072 5175 311233 16139 62483 1538 20194 379 4816 11168 205624 811139 9589 4112 521 41691 919
internal_value=-0.0114352 -0.0592066 -0.0903548 -0.112386 0.0785523 0.108723 0.00221041 -0.0279687 0.0140941 0.0534171 0.0314056 0.000191139 -0.00583993 0.0187732 0.141555 0.12951 -0.019803 0.0227235 -0.00197573 0.0424941 0.31134 -0.0295047 0.00292575 -0.0420361 -0.139968 -0.109916 0.0119793 0.371656 0.0652971 -0.0661145
internal_weight=98939.2 64629.7 42881.6 34489.4 34309.5 23370.2 21748.2 13683.9 10939.3 8064.27 4952.38 8392.12 9460.7 6757.31 1478.64 18417.8 7916.96 3164.3 11251 3319.59 425.009 5763.74 2894.58 5242.59 26572.5 6517.8 965.07 375.708 2628.38 3798.16
internal_count=6894359 6326487 5577838 5271565 567872 432189 748649 643411 135683 105238 47968 306273 118175 97420 17508 384221 176235 78622 119373 33800 2438 250792 31362 245976 5095330 824840 13701 2059 55481 206543
is_linear=0
shrinkage=0.15


Tree=20
num_leaves=31
num_cat=0
split_feature=13 35 25 32 29 28 6 33 8 21 33 24 20 28 27 8 33 33 28 8 37 8 28 20 17 33 27 8 29 33
split_gain=15314.3 5142.45 3937.33 3210.99 2655.94 2631.7 937.333 776.392 683.533 669.505 553.534 532.745 522.449 441.4 806.242 756.592 632.044 604.945 499.381 439.024 408.02 379.931 377.138 442.967 386.281 376.992 374.984 972.136 489.549 365.881
threshold=24.500000000000004 1.0000000180025095e-35 1.0000000180025095e-35 0.17199121415615085 0.57967036962509166 0.46428571641445165 1.0000000180025095e-35 0.80810147523880016 0.97227361798286449 1.5000000000000002 0.99074074625968944 0.36666667461395269 19.500000000000004 0.64583334326744091 1.5000000000000002 0.82536891102790844 0.94028520584106456 0.91458967328071605 0.81666666269302379 0.80940687656402599 1.0000000180025095e-35 0.92473673820495617 0.73214286565780651 3.5000000000000004 21.500000000000004 0.70106381177902233 2.5000000000000004 0.6176295578479768 0.72297689318656932 0.66939890384674083
decision_type=8 2 2 2 2 2 2 2 10 2 2 2 2 2 2 10 2 2 2 8 2 8 2 2 2 2 2 10 2 2
left_child=2 3 6 9 -4 11 7 8 26 -2 21 -5 13 14 19 17 -17 -15 20 -9 -18 -7 -3 -24 -25 -8 27 -1 29 -29
right_child=1 22 4 5 -6 10 25 12 -10 -11 -12 -13 -14 15 -16 16 18 -19 -20 -21 -22 -23 23 24 -26 -27 -28 28 -30 -31
leaf_value=-0.049121294388605415 -0.14673677868827453 -0.02905143978717923 0.034636724979596946 -0.13553973597578098 0.14417822559863958 -0.038009531054053816 0.34442956178637052 0.1073291388214274 0.21397397324452877 0.20614323464071069 0.10409672373401171 0.0068264461016791953 0.13984041193645344 -0.0042367314582566901 -0.15747399931357722 0.039605100827379051 -0.12694118211252922 0.12439724696120696 0.081900288871750854 -0.018164471427722758 0.27414355381637068 0.059991226365727922 0.04856193051921226 -0.058452449937968554 0.053597108078178371 0.089505247022442683 -0.082364395968134607 0.29299838397272937 0.025417931465320693 0.054428149800181909
leaf_weight=5936.5235019335523 19634.604466356803 5479.7989485012367 8616.0034398781136 4645.849596564658 11803.281463798136 2321.1216484368779 138.78287096135318 807.21166951907799 258.18022675812244 120.89108074083924 1633.5045198597945 677.5488765258342 853.56679942226037 1162.3495938144624 787.7460601022467 3193.1404134519398 1400.6848058467731 2812.7118057664484 381.5628497749567 2800.1748652509414 58.572618149220943 1442.3036138559692 5190.9714405480772 2158.919637683779 1017.8587816469371 2009.8787402552553 2585.4725197735243 316.27981395274401 1743.1262236717157 266.83765635360032
leaf_count=249218 4667659 155324 81865 923819 312286 69152 1463 6174 2489 861 28375 9465 16940 10581 6125 31285 13313 24725 3471 98294 520 32774 32079 19824 7706 37256 28445 3127 18916 2432
internal_value=-0.010709 -0.0742618 0.0480594 -0.108701 0.0979607 -0.0426003 0.0110218 0.00296164 -0.0267715 -0.144567 0.03121 -0.117422 0.0261233 0.0188719 -0.0200959 0.0378829 -0.000747536 0.0867917 -0.0707279 0.00993874 -0.110665 -0.00044554 0.00153535 0.0215668 -0.0225455 0.106123 -0.0325202 -0.0169156 0.0652585 0.184107
internal_weight=92255.5 44323.4 47932.1 30475.8 20419.3 10720.3 27512.8 25364.1 11106.4 19755.5 5396.93 5323.4 14257.7 13404.2 4395.13 9009.02 5033.96 3975.06 1840.82 3607.39 1459.26 3763.43 13847.5 8367.75 3176.78 2148.66 10848.2 8262.77 2326.24 583.117
internal_count=6895963 5947038 948925 5732105 394151 1063585 554774 516055 304627 4668520 130301 933284 211428 194488 110593 83895 48589 35306 17304 104468 13833 101926 214933 59609 27530 38719 302138 273693 24475 5559
is_linear=0
shrinkage=0.15


Tree=21
num_leaves=31
num_cat=0
split_feature=13 34 25 32 29 28 1 13 21 26 8 29 17 32 19 28 29 17 7 27 13 7 32 7 28 16 37 14 20 32
split_gain=12181.8 4746.73 3435.36 2728.49 2639.72 1924.38 872.598 629.325 519.673 461.209 450.931 408.464 663.686 535.748 401.518 449.938 409.641 343.366 422.413 595.868 397.997 374.182 341.977 335.801 318.93 316.638 341.249 311.686 465.043 300.81
threshold=31.500000000000004 1.0000000180025095e-35 1.0000000180025095e-35 0.18710978329181674 0.59820061922073375 0.46428571641445165 1.0000000180025095e-35 1.5000000000000002 1.5000000000000002 1.0000000180025095e-35 0.84911975264549266 0.46797943115234381 24.500000000000004 0.50943702459335338 572.50000000000011 0.58571431040763866 0.24567271769046786 25.500000000000004 1.5000000000000002 1.0000000180025095e-35 6.5000000000000009 1.5000000000000002 0.67135366797447216 1.5000000000000002 0.46428571641445165 0.064264308661222472 1.0000000180025095e-35 1.5000000000000002 2.5000000000000004 0.33262781798839575
decision_type=8 2 2 2 2 2 2 10 2 2 8 2 2 2 2 2 2 2 2 2 10 2 2 2 2 2 2 10 2 2
left_child=2 24 6 8 14 10 7 -1 -3 25 -5 13 22 -9 16 -16 23 18 -15 -20 -19 -22 -13 29 -2 26 -7 28 -26 -4
right_child=1 3 4 5 -6 9 -8 11 -10 -11 -12 12 -14 17 15 -17 -18 20 19 -21 21 -23 -24 -25 27 -27 -28 -29 -30 -31
leaf_value=0.048679725971919989 -0.10493020276714708 -0.14507988358925125 -0.11876539836879463 0.067358130638935074 0.14303978550582688 -0.018025952440402091 0.1323139060953652 -0.1039113924079047 0.17381798073590168 0.12726170345537863 -0.12869231239789417 0.040945487051338478 0.1087742708457234 -0.10885184602699423 0.0012126204255830757 -0.25212480734758563 0.11833592165763354 0.058915222543381773 0.20629914505782496 -0.090811869606655715 -0.055462261929897713 0.49138598709737491 -0.017894584407565195 0.16320751909091949 0.079442499187241236 0.14631943935901959 0.23573353091256211 -0.0081584428177063004 -0.040247312878092259 0.029050531686821521
leaf_weight=5338.3167850915343 611.05098271835595 17150.304245547857 340.25837154500186 282.42961441376247 10211.136216139421 3602.971362054348 1220.7476937216707 1988.5353135988116 114.95620086230338 799.31935885548592 3919.0595334686805 2892.5564024546184 1288.8734773537144 1370.8117149379104 2946.0316458297893 165.66086092218757 1623.469676900655 2004.7321110190824 271.60955840395764 342.0340744224377 1406.2939909514971 27.73511392204091 9581.6001407150179 380.66570203006268 2472.0287553165108 316.92092218575999 122.31797376461327 9577.8429082175717 1035.8120153723285 3356.812446882017
leaf_count=50339 56369 4695155 2854 27194 307810 88968 31008 221752 883 13032 809100 30512 12094 46136 23819 2838 30977 32042 1882 2975 120123 198 95048 5856 19100 3005 2116 131006 8435 23029
internal_value=-0.00994341 -0.0707071 0.042045 -0.107987 0.0911345 -0.0412336 0.00837003 0.00265849 -0.142947 0.0232261 -0.115501 -0.00894555 0.00634309 -0.0373324 0.0309845 -0.0123513 0.0546351 -0.0129051 -0.0625734 0.0408164 0.0157675 -0.0445508 -0.00424833 0.029251 0.000902603 0.00262741 -0.00963286 0.00585223 0.0440985 0.0154179
internal_weight=86762.9 40005 46757.9 26308.3 19024 9043.02 27733.8 26513.1 17265.3 4841.53 4201.49 21174.8 13763 7411.75 8812.9 3111.69 5701.21 5423.22 1984.46 613.644 3438.76 1434.03 12474.2 4077.74 13696.7 4042.21 3725.29 13085.7 3507.84 3697.07
internal_count=6895655 5854363 1041292 5639453 397183 943415 644109 613101 4696038 107121 836294 562762 137654 425108 89373 26657 62716 203356 50993 4857 152363 120321 125560 31739 214910 94089 91084 158541 27535 25883
is_linear=0
shrinkage=0.15


Tree=22
num_leaves=31
num_cat=0
split_feature=24 32 34 29 23 32 29 23 7 13 25 32 17 29 7 28 10 25 28 32 10 17 33 37 28 20 10 33 13 16
split_gain=9861.39 3660.55 5565.74 2770.37 1169.24 1168.92 1617.07 865.963 689.066 625.676 582.886 510.866 527.181 608.581 539.589 602.482 604.527 470.857 466.86 418.106 395.265 342.425 305.876 296.515 398.782 514.739 392.125 379.102 291.778 289.905
threshold=0.36666667461395269 0.46038742363452917 1.0000000180025095e-35 0.64486545324325573 1.0000000180025095e-35 0.17199121415615085 0.59207913279533397 2.5000000000000004 1.5000000000000002 1.5000000000000002 1.0000000180025095e-35 0.27558231353759771 24.500000000000004 0.25520297884941107 1.5000000000000002 0.58571431040763866 0.64557385444641124 1.0000000180025095e-35 0.46428571641445165 0.68195590376853954 0.38412621617317205 24.500000000000004 0.97530490159988414 1.0000000180025095e-35 0.81666666269302379 2.5000000000000004 0.91678160429000866 0.99074074625968944 2.5000000000000004 0.011111282743513586
decision_type=2 2 2 2 2 2 2 2 2 8 2 2 2 2 2 2 8 2 2 2 10 2 2 2 2 2 8 2 10 2
left_child=1 2 23 11 8 -4 -7 -5 19 -6 -9 -2 14 28 -13 -16 20 18 29 -3 -17 -20 -22 24 -1 -26 -27 -25 -14 -11
right_child=3 4 5 7 9 6 -8 10 -10 17 -12 12 13 -15 15 16 -18 -19 21 -21 22 -23 -24 27 25 26 -28 -29 -30 -31
leaf_value=-0.028290161279966291 -0.087866086399294552 -0.06003024257472353 -0.14785929248154975 0.14059298719892729 0.040383096871292566 -0.12712730511959691 0.04219212280459763 -0.15277205289070336 0.14383933857153847 -0.12237925336608728 0.13632553347704876 -0.048437744863131009 0.084283754830170698 0.15710042953812631 0.096354708447148718 0.030587974442777749 0.10054990879757023 0.17792624172558244 -0.021431143366729591 0.074573751410295736 -0.45243905509349469 0.064445682940146243 -0.10388185365083086 -0.033442327317874054 0.077794923462036494 0.07131192333905309 -0.044116410128846088 0.21715803275830531 0.0086783352520373239 -0.04043400641844342
leaf_weight=7281.0050491681322 840.46652008034289 893.24794753082097 14224.43317387742 10163.850736794993 4078.8887666016817 3544.1406071232632 1976.1180417670403 392.7234781421721 1818.3644189441111 1577.2804698487744 259.95034141838551 2679.0295058377087 1916.429914733395 1234.6985421385616 1690.8297777008265 108.20954436250031 244.98959060385823 253.31632627081126 12352.070168862119 1237.1848507728428 143.09793876670301 1140.2576730656438 94.567179279401898 241.41296942625195 2388.1419897675514 903.53695556521416 2470.7437400892377 308.84884022176266 2864.5740176402032 2530.3598233284429
leaf_count=169722 16379 87630 4662731 320774 35484 719149 54456 1926 33234 343288 7736 16610 18160 25310 29213 2472 6902 4693 122335 21740 3064 10372 2007 2974 13180 7798 19967 1561 20759 114906
internal_value=-0.00922519 -0.0414126 -0.0742706 0.0749899 0.000914356 -0.125122 -0.0665184 0.129838 0.076042 -0.0126149 -0.0375963 0.0247778 0.0334102 0.0632581 -0.00279083 0.0508028 -0.079492 -0.0247248 -0.0276515 0.0181353 -0.206941 -0.0141693 -0.314764 -0.000405074 -0.00495891 0.0245207 -0.013196 0.107352 0.0389955 -0.071922
internal_weight=81852.8 59219.4 33338.4 22633.4 25881 19744.7 5520.26 10816.5 3948.8 21932.2 652.674 11816.9 10976.4 6015.7 4960.72 2281.69 590.864 17853.3 17600 2130.43 345.875 13492.3 237.665 13593.7 13043.4 5762.42 3374.28 550.262 4781 4107.64
internal_count=6896532 6425220 5651538 471312 773682 5436336 773605 330436 142604 631078 9662 140876 124497 64229 60268 43658 14445 595594 590901 109370 7543 132707 5071 215202 210667 40945 27765 4535 38919 458194
is_linear=0
shrinkage=0.15


Tree=23
num_leaves=31
num_cat=0
split_feature=24 23 32 29 26 32 29 16 23 33 10 27 32 34 32 29 8 17 9 0 29 33 34 9 28 10 11 8 27 10
split_gain=7843.41 3112.92 5068.64 1716.49 1557.51 1156.92 990.411 844.595 636.669 526.858 524.319 574.717 407.248 418.363 381.29 370.07 368.269 429.01 339.762 319.884 317.337 305.564 287.779 274.688 265.567 322.448 260.18 319.579 410.028 246.782
threshold=0.22500000149011615 1.0000000180025095e-35 0.37660996615886694 0.57424160838127147 1.0000000180025095e-35 0.71519917249679577 0.49721005558967596 0.012195348273962738 1.5000000000000002 0.8989795744419099 0.35164035856723791 1.5000000000000002 0.16246172040700915 1.0000000180025095e-35 0.33533456921577459 0.37906664609909063 0.90718287229537975 24.500000000000004 0.92212811112403881 1.0000000180025095e-35 0.25520297884941107 0.47114317119121557 0.98229950666427623 0.74491482973098766 0.30952382087707525 0.53909412026405346 0.15134768187999728 0.86263304948806774 1.5000000000000002 0.74710392951965343
decision_type=2 2 2 2 2 2 2 2 2 2 10 2 2 2 2 2 8 2 10 2 2 2 2 10 2 10 10 8 2 8
left_child=1 5 -3 9 8 6 -1 15 -5 14 -11 -12 13 26 -2 -4 24 -18 22 -14 21 -19 23 -9 -16 -26 -8 28 -28 -6
right_child=3 2 7 4 29 -7 12 18 -10 10 11 -13 19 -15 16 -17 17 20 -20 -21 -22 -23 -24 -25 25 -27 27 -29 -30 -31
leaf_value=-0.088757258406991363 -0.094996996853684817 -0.14247681574928239 -0.12814405517497485 0.16141241837904521 0.088604862691941344 0.11089189725807623 -0.0069950247409542206 -0.017091616179586835 -0.0081620296878261792 0.08133901328198008 0.14299629987501516 -0.28523665094564876 0.0081632328795402161 -0.13660262816332261 0.17609973110342428 0.074262579726122227 -0.057863823784761771 0.078197420289703529 0.13474072227325634 0.16462949080302752 0.14648721554836361 -0.018174554199098632 -0.064645630777129273 0.030753106578425671 -0.070922238942508195 0.17426275572281483 -0.039932355270482132 0.0076769591462947772 0.1609766508263292 0.139215459605774
leaf_weight=2848.7078373581171 936.03669980540872 13245.076900059823 1987.1701083958615 577.30171008501202 3112.1644515898079 2061.8501205011271 9383.1262177387252 9969.4641030204948 3594.525178517215 3276.9721871973015 111.70918839704245 187.96765166148543 546.45367146562785 481.51791869523004 454.47305295988917 225.73582042590715 2328.13517597178 1025.1084240647033 362.42347158398479 635.61531715956517 417.71941602043808 2656.3894317937084 2030.2137920588721 3701.5793794156052 328.13670766260475 189.57251886278391 314.46074271481484 2125.9167470671237 832.34770434908569 7202.8557847226039
leaf_count=468291 30102 4737912 506228 9732 96766 40141 109000 171138 33080 47039 1870 2085 7784 180013 6183 4692 19782 12947 2986 9398 6890 37702 30919 35256 4499 3451 4916 13550 5552 255378
internal_value=-0.00831506 -0.0428088 -0.0718239 0.0579975 0.0926796 0.00475384 -0.00799879 -0.0206166 0.0153369 0.0158152 0.0639648 -0.125662 0.00807237 0.000481435 -0.00485018 -0.107473 0.00656463 -0.00645476 -0.00864547 0.0923654 0.0227498 0.00867405 -0.0119635 -0.00413585 0.0925574 0.0190214 0.00570746 0.0421174 0.1059 0.123956
internal_weight=77150.7 50751.7 31521.7 26399.1 14486.8 19230 17168.1 18276.6 4171.83 11912.2 3576.65 299.677 14319.4 13137.4 8335.57 2212.91 7399.53 6427.35 16063.7 1182.07 4099.22 3681.5 15701.3 13671 972.182 517.709 12655.9 3272.73 1146.81 10315
internal_count=6895282 6327776 5489131 567506 394956 838645 798504 751219 42812 172550 50994 3955 330213 313031 121556 510920 91454 77321 240299 17182 57539 50649 237313 206394 14133 7950 133018 24018 10468 352144
is_linear=0
shrinkage=0.15


Tree=24
num_leaves=31
num_cat=0
split_feature=13 34 32 25 28 28 33 10 28 28 10 10 28 27 7 33 8 9 24 24 13 10 8 33 10 28 0 23 9 28
split_gain=6269.43 3331.83 2378.9 1957.2 1788.38 1200.4 613.592 919.469 1852 521.026 931.776 616.77 518.636 912.376 447.356 433.04 426.44 421.95 413.56 402.776 359.331 335.439 319.243 314.398 561.771 512.995 289.461 255.042 252.84 247.177
threshold=31.500000000000004 1.0000000180025095e-35 0.18710978329181674 1.0000000180025095e-35 0.46428571641445165 0.46428571641445165 0.86602565646171581 0.74710392951965343 0.6904762089252473 0.93750000000000011 0.64557385444641124 0.90448144078254711 0.64583334326744091 1.5000000000000002 1.5000000000000002 0.99074074625968944 0.72401306033134472 0.9999997913837434 0.22500000149011615 0.45000000298023229 3.5000000000000004 0.83451512455940258 0.96115431189537059 0.58411949872970592 0.58520174026489269 0.61250001192092907 1.0000000180025095e-35 1.0000000180025095e-35 0.84040588140487682 0.86607143282890331
decision_type=8 2 2 2 2 2 2 10 2 2 10 10 2 2 2 2 8 10 2 2 10 8 10 2 10 2 2 2 10 2
left_child=3 -2 18 6 14 19 7 22 -9 10 12 -12 13 -8 17 -11 -6 20 -3 -4 -5 -7 23 24 -1 -26 -20 -10 -22 -29
right_child=1 2 5 4 16 21 9 8 27 15 11 -13 -14 -15 -16 -17 -18 -19 26 -21 28 -23 -24 -25 25 -27 -28 29 -30 -31
leaf_value=-0.026241981427569578 0.00065215119393077217 -0.14856106748710396 -0.12702536555641553 0.053424006944269069 0.04861543298534083 -0.018608171171122019 0.041480131815679992 0.25210162711228079 0.16292299260586568 0.0096264460929019191 -0.082961814512710189 0.23217628430302942 0.093236905532318851 -0.16215818273164787 0.12000851602620503 0.14051875870124589 0.13532945721490944 -0.09249653833574184 -0.15461523776989275 0.019526223008319795 -0.0039181484782639785 0.064354436194351342 0.26023694929454882 -0.061248634731764291 0.37146582049417359 0.002686038047537771 0.019015444508512041 0.068683291708212912 -0.13884206184545686 -0.027090826384249068
leaf_weight=2498.4895695007872 13369.919317757711 10537.657311028801 2594.8602213901468 2774.6320931985974 1561.5929762423038 2453.4874848097097 2953.2538180884439 770.94890119414777 202.73519462347031 886.50882032606751 2270.434345593676 147.94056218862534 2855.8602476927917 593.68855939037167 803.6523740850389 1586.1215124772862 7013.9593211878091 919.09268148615956 338.76736270356923 503.56278862152249 1632.7286004549824 1981.2087090136483 77.548217983916402 6664.570339117432 161.82162619195879 177.30925068911165 592.70204692846164 745.13613167963922 385.48839554935694 3234.5873210439458
leaf_count=144976 215168 4673780 828653 21101 53927 67111 101765 8296 4742 7979 23565 1540 26481 4969 13990 38192 289736 6699 8776 7959 9818 40054 781 236982 1672 2109 13557 6839 1933 32992
internal_value=-0.00739584 -0.0567184 -0.0970821 0.0316259 0.0745407 -0.0315893 0.00654815 -0.013833 0.0386313 0.032774 0.0157118 -0.0635957 0.0456719 0.00735898 0.0152968 0.093613 0.119546 0.000545772 -0.140092 -0.103209 0.0184034 0.0184617 -0.040962 -0.0434472 -0.00163105 0.17923 -0.0442306 -0.000768384 -0.0297452 -0.00914599
internal_weight=73290.3 32372.2 19002.2 40918.1 15091.1 7533.12 25827 14533.1 4953.41 11293.8 8821.18 2418.37 6402.8 3546.94 6515.59 2472.63 8575.55 5711.94 11469.1 3098.42 4792.85 4434.7 9579.74 9502.19 2837.62 339.131 931.469 4182.46 2018.22 3979.72
internal_count=6896142 5855058 5639890 1041084 397204 943777 643880 439389 52869 204491 158320 25105 133215 106734 53541 46171 343663 39551 4696113 836612 32852 107165 386520 385739 148757 3781 22333 44573 11751 39831
is_linear=0
shrinkage=0.15


Tree=25
num_leaves=31
num_cat=0
split_feature=24 23 32 7 16 32 28 13 33 14 10 28 23 19 11 18 28 9 19 18 7 7 18 32 33 10 28 13 37 33
split_gain=4900.35 2227.52 4245.71 1259.31 993.909 813.387 710.44 623.372 346.348 344.182 336.445 383.998 383.484 326.464 401.855 313.832 303.239 246.848 246.538 210.946 293.069 209.907 281.526 208.652 200.689 444.6 309.67 199.207 192.167 336.692
threshold=0.22500000149011615 1.0000000180025095e-35 0.26256594061851507 4.5000000000000009 0.013158135116100313 0.68583977222442638 0.46428571641445165 2.5000000000000004 0.83176100254058849 4.5000000000000009 0.61034750938415538 0.77500000596046459 1.5000000000000002 549.50000000000011 0.77430075407028209 0.047090481966733939 0.46428571641445165 0.92922961711883556 493.50000000000006 0.049236597493290908 2.5000000000000004 1.5000000000000002 0.049236597493290908 0.12673131376504901 0.90353596210479747 0.56566765904426586 0.73214286565780651 14.500000000000002 1.0000000180025095e-35 0.99074074625968944
decision_type=2 2 2 2 2 2 2 8 2 10 10 2 2 2 8 2 2 10 2 2 2 2 2 2 2 10 2 10 2 2
left_child=1 5 -3 7 16 6 -1 13 10 18 -9 -12 -13 -2 -15 24 -4 19 -8 20 -6 22 -7 -20 -11 26 -26 -21 -22 -30
right_child=3 2 4 -5 17 21 9 8 -10 15 11 12 -14 14 -16 -17 -18 -19 23 27 28 -23 -24 -25 25 -27 -28 -29 29 -31
leaf_value=-0.089689026813027609 0.091247828018370183 -0.14767969910690665 -0.12573278191788606 0.14888668251735709 -0.060613871308960413 -0.047952019551464872 -0.021455019800061145 -0.037414377966762509 0.038902451366712672 -0.07635435767386263 0.12296346762225348 0.14644806967635757 -0.078888466903802329 0.099291621937040025 0.0097723900055875657 0.023676179322869525 0.018712096883725233 0.13366587782801317 0.032204519864604333 0.02790472073355665 -0.0096714450733605128 0.14715119898492801 0.1024793300425323 0.13220637588547887 -0.00066311620870202024 -0.073749414195555668 0.18647572216592989 0.31910051987152066 -0.041138276256416952 0.21930623014202708
leaf_weight=2022.5466139989439 4920.265480899252 8882.1706859967671 2337.8618429978378 2513.0319750458002 2715.491235193098 420.66795147769153 1884.3792928222101 4003.8552547418512 5510.9741268306971 2200.9390604397049 742.57693303423002 225.63591975346208 678.29658293258399 1634.2124609053135 3640.3761776797473 2301.717193673132 379.88663976406679 273.21110875532031 5604.5877830920508 1921.3168848578352 10551.382528021699 894.50867404788733 832.70071837771684 511.55282754916698 512.13338426046539 1073.7163431502413 324.33802728669252 53.36936752172187 220.0079041889403 225.26935271639377
leaf_count=400869 131233 4480906 744431 116769 78270 6163 39280 77074 99539 106650 17468 7221 8026 55197 55319 80824 10962 2487 84855 46965 120711 24998 14921 8860 26474 41258 4320 601 2626 1202
internal_value=-0.00670746 -0.0352488 -0.0623109 0.0484676 -0.0217083 0.00488568 -0.00646065 0.0366447 0.0121502 0.00522373 -0.0139444 0.0431163 -0.0225412 0.0634574 0.0375215 -0.0206647 -0.105543 -0.00742682 0.0259747 -0.00989253 -0.0164939 0.0916723 0.0519921 0.0405889 -0.0454898 -0.00990605 0.0720351 0.0359323 -0.0055945 0.0908189
internal_weight=70013 46143.8 27560 23869.2 18677.8 18583.8 16435.9 21356.2 11161.3 14413.4 5650.36 1646.51 903.933 10194.9 5274.59 6412.84 2717.75 15960 8000.52 15686.8 13712.2 2147.88 1253.37 6116.14 4111.13 1910.19 836.471 1974.69 10996.7 445.277
internal_count=6896479 6328633 5489161 567846 1008255 839472 793390 451077 209328 392521 109789 32715 15247 241749 110516 259526 755393 252862 132995 250375 202809 46082 21084 93715 178702 72052 30794 47566 124539 3828
is_linear=0
shrinkage=0.15


Tree=26
num_leaves=31
num_cat=0
split_feature=24 29 16 23 32 23 32 28 17 29 8 10 28 33 29 10 33 33 28 13 32 29 17 18 20 28 0 32 28 33
split_gain=3893.45 1967.97 1878.12 1051.16 3699.72 788.459 534.631 330.452 329.751 478.872 339.356 327.26 1208.4 757.01 466.867 457.751 834.63 587.584 783.999 377.306 326.16 323.015 437.275 548.034 433.931 309.304 347.31 307.524 303.637 1060.58
threshold=0.36666667461395269 0.65744346380233776 0.0090912827290594595 1.0000000180025095e-35 0.17199121415615085 2.5000000000000004 0.56564876437187206 0.64583334326744091 22.500000000000004 0.29173803329467779 0.8693697750568391 0.84072697162628185 0.77500000596046459 0.91458967328071605 0.82243230938911449 0.69069051742553722 0.79008570313453685 0.90353596210479747 0.73214286565780651 15.500000000000002 0.43756379187107092 0.49927322566509252 24.500000000000004 0.016457143239676956 12.500000000000002 0.64583334326744091 1.0000000180025095e-35 0.20212519168853763 0.77500000596046459 0.97467949986457836
decision_type=2 2 2 2 2 2 2 2 2 2 8 10 2 2 2 10 2 2 2 10 2 2 2 2 2 2 2 2 2 2
left_child=2 8 7 6 -5 27 21 -1 -2 10 -10 14 13 -13 15 17 19 -6 -19 -17 -12 -4 23 24 -23 26 -8 -3 -16 -30
right_child=1 5 3 4 11 -7 25 -9 9 -11 20 12 -14 -15 28 16 -18 18 -20 -21 -22 22 -24 -25 -26 -27 -28 -29 29 -31
leaf_value=-0.12583556620115463 -0.017593459293445714 0.011099741521211353 -0.080731930412721226 -0.14495918407276087 -0.038873784143907783 -0.058169055381204045 -0.0073053454928552319 -0.044793526850010375 0.20980142669086616 0.13049801039277345 -0.063634861187359712 0.26167358625261333 -0.0046933393791597959 -0.15419613518173522 -0.092747478241304512 0.21893283805803396 -0.035290812667380662 -0.00022801705348862608 0.15711159840614308 0.84020153898964345 0.029706853185673104 0.028256306346589995 0.075848430477045814 -0.054061848010975432 -0.12636007148480202 0.1470929918386592 0.13472814620490381 0.13859293827158684 -0.061005066190104561 0.15563573255384047
leaf_weight=4584.9789397540735 4484.5202048094943 457.863984153606 999.2003258356126 5482.3292560176924 5702.5966533096507 543.97440419625491 1198.3584387677256 1505.1178305986105 197.68321465421468 1005.1957390261814 1067.6722549106926 654.69780203455593 4278.8328218029346 115.20949978253338 2357.0440925972071 413.60459860845003 469.31536787841469 3094.377827950404 924.73457013559528 22.411032646894455 3975.3947668224573 6935.4112487651873 1817.8643651019083 3342.9734815498814 432.97388699906878 887.66166053758934 571.31508304993622 6090.3002395825461 2913.294315696694 614.91924224770628
leaf_count=1944239 64129 3799 176603 3186085 289856 9487 25032 261191 3097 28157 19200 4928 55907 1107 27462 4988 5303 68669 7146 250 31784 85520 39690 143540 16707 29040 7876 311886 38670 4604
internal_value=-0.00612351 0.0539621 -0.0278375 -0.0168495 -0.0349447 0.115267 0.0133844 -0.105817 0.0134368 0.0357154 0.0175143 -0.00696581 0.0264515 0.199323 -0.0171843 0.00158639 0.103541 -0.00791781 0.0360034 0.252715 0.0099367 0.00130005 0.00784799 -0.00369862 0.019155 0.0748819 0.0385984 0.129681 -0.0510733 -0.0232141
internal_weight=67141.8 17822.6 49319.2 43229.1 27043.4 7092.14 16185.8 6090.1 10730.5 6245.95 5240.75 21561 5048.74 769.907 16512.3 10627 905.331 9721.71 4019.11 436.016 5043.07 13528.4 12529.2 10711.4 7368.39 2657.34 1769.67 6548.16 5885.26 3528.21
internal_count=6895952 471539 6424413 4218983 3694975 325172 524008 2205430 146367 82238 54081 508890 61942 6035 446948 376212 10541 365671 75815 5238 50984 462060 285457 245767 102227 61948 32908 315685 70736 43274
is_linear=0
shrinkage=0.15


Tree=27
num_leaves=31
num_cat=0
split_feature=13 23 1 24 25 29 30 29 23 24 9 29 22 24 29 23 8 9 13 9 37 29 28 20 10 33 34 9 27 10
split_gain=3176.82 2359.77 1399.87 1351.72 775.316 1280.6 584.67 363.607 353.321 349.185 285.174 253.076 251.014 255.847 240.998 240.042 524.504 232.389 297.705 265.372 223.965 392.838 261.993 376.749 297.463 237.453 211.515 233.725 209.04 411.482
threshold=39.500000000000007 1.0000000180025095e-35 1.0000000180025095e-35 0.18333333730697635 1.0000000180025095e-35 0.66268017888069164 1.5000000000000002 0.41090288758277899 2.5000000000000004 0.45000000298023229 0.9142272174358369 0.30431605875492101 2.5000000000000004 0.29166667163372045 0.54778721928596508 1.0000000180025095e-35 0.48282435536384588 0.94848942756652843 1.5000000000000002 0.50315645337104808 1.0000000180025095e-35 0.51710462570190441 0.81666666269302379 3.5000000000000004 0.97278150916099559 0.99074074625968944 0.98229950666427623 0.74491482973098766 2.5000000000000004 0.78477597236633312
decision_type=8 2 2 2 2 2 2 2 2 2 10 2 2 2 2 2 10 10 10 10 2 2 2 2 8 2 2 10 2 10
left_child=2 7 4 6 8 17 -3 -2 9 10 12 -8 15 -14 -11 16 -1 19 -19 -6 22 -22 -9 28 -25 -23 27 -17 29 -24
right_child=1 3 -4 -5 5 -7 11 20 -10 14 -12 -13 13 -15 -16 26 -18 18 -20 -21 21 25 23 24 -26 -27 -28 -29 -30 -31
leaf_value=-0.0046501683566053066 -0.09977409246635463 -0.1415639114495878 0.13873645066555945 0.00017200309033330225 -0.059598433013399295 0.12803935368229866 -0.13118761667406589 -0.021515131128355285 -0.090838167691934021 0.026832049867996387 0.11011907538042891 -0.024393399918021572 0.026375247996971763 0.32026821582075399 0.13334877741832876 -0.01910698637246484 0.13918320283742802 0.021135219811888029 -0.090510855755345052 0.042571059918437716 0.72749635191299789 -0.050714467447384497 -0.11240512595314725 0.054880126895476646 -0.048948653504185403 0.15686573405297793 -0.056965723416801742 0.02340494636078615 0.083017058827335052 0.092735952314666623
leaf_weight=2248.9512112285011 844.41479226015508 7159.4038672702154 2194.2124265675666 2695.8830920524197 640.90397641574964 3196.0252162907273 707.93711901525967 7205.8821677314118 925.76695273444057 1533.6226149746217 493.45152348605916 1690.3323596037226 182.43534251744859 104.19315868243575 693.75399777013808 10715.736823289888 763.27992295799777 1283.6084906747565 923.00064603239298 5259.4364049066789 20.363080185139552 211.64084112015553 413.96938394254539 890.9263461913215 2041.9842360713519 297.07285083760507 2247.1804254807066 3993.4432385540567 2161.8724845116958 467.25725450075697
leaf_count=136147 281161 4608542 128081 68595 7215 188405 344397 279509 14132 14274 4126 54999 9617 1220 22273 405517 19225 21163 11453 74177 1425 2782 7476 14570 62403 1919 51358 37630 16946 3205
internal_value=-0.0057278 -0.0451348 0.022521 -0.0936347 0.0152739 0.0476425 -0.120092 -0.0043012 -3.42715e-05 0.00362826 -0.00243161 -0.0559592 -0.00517883 0.133951 0.0600534 -0.00718251 0.0318304 0.0159355 -0.025585 0.031465 0.00158552 0.0971841 -0.00225856 0.0209608 -0.0174008 0.0705758 -0.0141145 -0.00756448 0.0579268 -0.00365031
internal_weight=64207.9 26808.9 37399 12253.6 35204.8 11303 9557.67 14555.4 23901.8 22976 20748.7 2398.27 20255.2 286.629 2227.38 19968.6 3012.23 8106.95 2206.61 5900.34 13711 529.077 13181.9 5976.01 2932.91 508.714 16956.4 14709.2 3043.1 881.227
internal_count=6893942 5747929 1146013 5076533 1017932 302413 5007938 671396 715519 701387 664840 399396 660714 10837 36547 649877 155372 114008 32616 81392 390235 6126 384109 104600 76973 4701 494505 443147 27627 10681
is_linear=0
shrinkage=0.15


Tree=28
num_leaves=31
num_cat=0
split_feature=32 34 32 25 29 29 21 0 23 21 29 16 29 18 7 23 24 19 11 27 19 7 27 10 8 8 23 29 9 16
split_gain=2552.04 2337.51 1330.02 1232.52 1455.7 881.997 544.965 378.047 369.569 452.451 318.858 290.68 369.463 311.634 356.773 445.58 281.727 272.104 300.152 683.897 819.767 254.678 243.82 395.053 350.775 233.863 213.236 207.984 213.237 264.838
threshold=0.41538181900978094 1.0000000180025095e-35 0.13841403275728228 1.0000000180025095e-35 0.72683668136596691 0.63144317269325267 1.5000000000000002 1.0000000180025095e-35 1.5000000000000002 1.0000000180025095e-35 0.27239832282066351 0.012195348273962738 0.29839073121547705 0.044462749734520919 1.5000000000000002 1.0000000180025095e-35 0.18333333730697635 570.50000000000011 0.18727711588144305 1.0000000180025095e-35 599.50000000000011 1.5000000000000002 2.5000000000000004 0.52653712034225475 0.78358811140060436 0.7332635521888734 1.5000000000000002 0.24567271769046786 0.8571569323539735 0.015385021921247246
decision_type=2 2 2 2 2 2 2 2 2 2 2 2 2 2 2 2 2 2 8 2 2 2 2 10 10 8 2 2 10 2
left_child=1 -1 6 8 17 16 -3 -7 9 11 -11 12 25 14 -13 -16 -4 27 -19 21 -21 -20 -22 -24 -25 -2 -9 28 -5 -30
right_child=3 2 5 4 -6 7 -8 26 -10 10 -12 13 -14 -15 15 -17 -18 18 19 20 22 -23 23 24 -26 -27 -28 -29 29 -31
leaf_value=0.0015100298875759641 0.65986728769669878 -0.13962847224746425 -0.12084804977155014 0.059518082225662509 0.13969279717740646 -0.035386988629034576 0.16666373418496386 0.15768209833742777 -0.031396054490966586 0.024709915906311251 0.14068599046958047 -0.077976171199745883 0.10423057447611701 0.05101415053269457 0.098271992667333455 -0.0023194391616964114 -0.028435885106763675 0.12174772475513632 -0.0033541033142205933 -0.023319938269818093 -0.29748621459187691 0.15923211374396082 -0.29078409488160378 -1.7254238899405563 -0.25746447469812933 -0.10032528766611394 0.020982760701041599 0.091924606839899808 -0.1516128643961023 0.013197543505604556
leaf_weight=12820.312749739736 8.1900886278599483 6723.7118522841483 1681.7594871106558 1769.6835094224662 3597.3771934178658 672.6364270481281 132.48985144961625 695.12388598523103 5903.7130390569801 1204.3211394562386 957.18339437292889 1228.6044152614195 253.03403295436874 3219.7033381916117 1089.6530057212804 10821.659084255109 1329.4525614539161 342.76864023413509 1811.1049340474419 407.89246430899948 228.32501106895506 245.2414232660085 24.314231381751597 10.567051727324726 5.9449275955557814 1209.3314290014096 407.32960854633711 1552.7299730870873 271.20640205964446 1129.7333833873272
leaf_count=214992 256 4536638 664674 14308 252115 57745 1446 33439 155950 10219 32552 49426 5505 77404 31385 120508 34890 13227 10068 8918 3879 4698 735 445 339 460690 15703 62102 1390 12600
internal_value=-0.00502906 -0.0426772 -0.0913306 0.0196677 0.0607705 -0.0306424 -0.133686 0.0532046 0.00157616 0.0113142 0.0761091 0.00345548 -0.0604017 0.0091989 -0.00105028 0.00689019 -0.080071 0.0243558 -0.0103598 -0.0269647 -0.157606 0.016104 -0.360273 -0.695906 -1.24179 -0.0946742 0.10724 0.0469623 0.0249212 -0.0187933
internal_weight=61755.1 24462.8 11642.5 37292.3 11396.9 4786.3 6856.2 1775.09 25895.4 19991.7 2161.5 17830.2 1470.56 16359.6 13139.9 11911.3 3011.21 7799.51 3076.16 2733.39 677.044 2056.35 269.151 40.8262 16.512 1217.52 1102.45 4723.35 3170.62 1400.94
internal_count=6888246 5559527 5344535 1328719 384824 806451 4538084 106887 943895 787945 42771 745174 466451 278723 201319 151893 699564 132709 42309 29082 14316 14766 5398 1519 784 460946 49142 90400 28298 13990
is_linear=0
shrinkage=0.15


Tree=29
num_leaves=31
num_cat=0
split_feature=32 34 32 7 28 25 29 24 0 24 0 17 8 7 27 13 29 9 16 37 18 10 28 29 10 29 28 10 28 27
split_gain=1937.73 1803.9 1448.56 936.793 878.846 616.861 843.94 471.785 337.437 317.038 278.514 255.731 427.068 415.775 502.385 362.164 484.245 253.687 381.687 234.608 216.383 208.218 1040.5 333.332 386.134 362.773 347.953 262.523 236.423 208.598
threshold=0.44884458184242254 1.0000000180025095e-35 0.13841403275728228 4.5000000000000009 0.64583334326744091 1.0000000180025095e-35 0.7190997600555421 0.22500000149011615 1.0000000180025095e-35 0.18333333730697635 1.0000000180025095e-35 23.500000000000004 0.99999991059303295 1.5000000000000002 1.0000000180025095e-35 8.5000000000000018 0.28471513092517858 0.85158598423004161 0.015385021921247246 1.0000000180025095e-35 0.011433240026235582 0.84693995118141185 0.77500000596046459 0.8252890706062318 0.69455742835998546 0.7190997600555421 0.73214286565780651 0.78086441755294811 0.77500000596046459 1.5000000000000002
decision_type=2 2 2 2 2 2 2 2 2 2 2 2 8 2 2 10 2 10 2 2 2 10 2 2 10 2 2 10 2 2
left_child=1 -1 7 5 9 11 17 -3 -9 -4 -6 13 -13 -2 -15 -14 -17 -7 -19 21 -10 23 -23 24 26 -26 -16 -27 -25 -29
right_child=3 2 4 -5 10 6 -8 8 20 -11 -12 12 15 14 19 16 -18 18 -20 -21 -22 22 -24 28 25 27 -28 29 -30 -31
leaf_value=0.0020690943926017953 -0.081052650494047501 -0.14801002889761486 -0.11754834612606162 0.11531898881912916 -0.019860654302634322 0.049147729416596099 0.1292825442158623 -0.17002885995199785 0.15867992072468726 -0.024219525157738599 0.088174519144046573 0.14475182922676524 0.038656676132399898 0.18310744861471359 -0.038605564701483706 -0.072178215339762403 0.12990653888586559 -0.12762836517979884 0.012373096940320958 0.072413534341280519 -0.030069393608834018 0.18993230698569694 -0.017716095855865269 -0.088165072453352269 0.23124434867332413 -0.052861837826859159 0.053502108768615469 -0.20123159774095792 -0.022825510225377776 0.19782956528324139
leaf_weight=12843.042081760243 1687.5505031825742 5132.8664784701541 1753.0939374682494 2104.0004743169993 864.5163215942448 3637.291237346828 2063.8840306564234 268.99210045579821 200.36844069603831 1537.3835038472898 1414.4673393671401 602.2354521403322 3926.6513848066097 319.72348493873142 3377.9909075174946 1669.8233771219384 316.54938234505244 504.65205490961671 3281.343729394488 800.1420145414304 424.51285152276978 662.23650617850944 2993.2475375253707 2065.2064456986263 290.73741706972942 366.34803645778447 1268.5559936352074 33.157658101059496 3141.4102676669136 221.07238312577829
leaf_count=214891 58521 4520693 743051 130166 70291 59212 156109 8735 2208 39004 59279 7737 70566 2729 42276 487483 4720 3445 64559 9091 12456 7888 30710 25113 3460 3528 11920 225 42437 2491
internal_value=-0.00418218 -0.0366554 -0.0795402 0.0182789 -0.0243842 0.0121314 0.04446 -0.130499 -0.0298905 -0.0739637 0.0472014 -0.000787952 0.0245239 -0.0103616 -0.00268013 0.0122564 -0.0399247 0.0208627 -0.00631709 -0.00659468 0.03061 -0.0109834 0.0199437 -0.0214868 0.00406178 0.0932822 -0.0134531 0.0283797 -0.0487544 0.145198
internal_weight=59773.1 24439.2 11596.2 35333.8 5569.46 33229.8 9487.17 6026.74 893.873 3290.48 2278.98 23742.6 6515.26 17227.4 15539.8 5913.02 1986.37 7423.29 3786 15220.1 624.881 14420 3655.48 10764.5 5557.86 911.315 4646.55 620.578 5206.62 254.23
internal_count=6894994 5670608 5455717 1224386 911625 1094220 283325 4544092 23399 782055 129570 810895 570506 240389 181868 562769 492203 127216 68004 179139 14664 170048 38598 131450 63900 9704 54196 6244 67550 2716
is_linear=0
shrinkage=0.15


Tree=30
num_leaves=31
num_cat=0
split_feature=32 34 21 1 32 25 29 29 0 23 21 17 33 8 10 33 28 28 27 10 29 37 29 27 10 28 33 17 29 5
split_gain=1577.28 1753.11 1086.4 861.235 518.04 511.765 802.377 453.354 439.291 322.87 257.667 296.902 251.775 644.731 457.307 468.265 484.713 465.628 446.62 978.297 787.108 408.321 377.341 332.075 276.264 493.507 253.27 228.795 328.882 215.513
threshold=0.38517180085182195 1.0000000180025095e-35 1.0000000180025095e-35 1.0000000180025095e-35 0.17199121415615085 1.0000000180025095e-35 0.690290927886963 0.55166909098625194 1.0000000180025095e-35 2.5000000000000004 1.5000000000000002 5.5000000000000009 0.83899769186973583 0.95899111032485973 0.61034750938415538 0.94028520584106456 0.81666666269302379 0.73214286565780651 2.5000000000000004 0.57520484924316417 0.69784191250801098 1.0000000180025095e-35 0.91459476947784435 2.5000000000000004 0.76007574796676647 0.93750000000000011 0.94312667846679699 25.500000000000004 0.25520297884941107 1.0000000180025095e-35
decision_type=2 2 2 2 2 2 2 2 2 2 2 2 2 10 10 2 2 2 2 10 2 2 2 2 10 2 2 2 2 2
left_child=1 -1 4 5 -3 9 27 -6 -9 12 11 -4 13 18 17 -16 21 23 19 -2 -21 -17 -15 -14 -22 -26 -19 29 -29 -7
right_child=3 2 10 -5 7 6 -8 8 -10 -11 -12 -13 14 22 15 16 -18 26 -20 20 24 -23 -24 -25 25 -27 -28 28 -30 -31
leaf_value=-0.00044530993759246294 -0.0358337986998905 -0.14666212997098438 0.072454910435360911 0.11585028894906871 -0.12437284950214589 -0.021994849616801853 0.12140882288769123 -0.099137449495613678 0.1146675658291971 -0.085696814180427433 0.10495669099201034 -0.056965735030305505 0.028282834595441019 0.24208355832500145 0.021426346967756273 -0.12839786585499086 0.075056060644933628 0.026866083528997831 -0.071635352215868739 0.28881260672109887 -0.039751133952989348 0.24200542514570625 0.038302736569436474 -0.15142876765350921 0.22243067985617962 0.015926724625505106 0.15046514646239409 0.022932798567651427 0.14305303949602238 0.089318396073570644
leaf_weight=12886.890378016047 5936.5445649926551 4583.6262201589998 529.89177138113882 1815.1639499256853 946.6772469393909 3403.3658343311399 2090.8035255791619 371.88886490976438 513.71267445839476 984.40199859754648 409.65150724118575 1602.9071172068361 5009.2451452687383 310.62009120197035 2749.0336859049276 1494.9633681317791 389.13857098482549 553.29419388156384 3089.8030312671326 347.68338480137754 607.30719330487773 69.200665659271181 595.88412219285965 241.56147604959551 389.93393439473584 780.26620485261083 1147.1134555740282 3040.5882407636382 616.04616604372859 441.18579446477816
leaf_count=215156 595122 4651556 10918 128989 482720 48256 175045 31191 19130 23577 7356 52342 228080 3929 30701 16973 4151 5670 42729 4675 7981 805 6264 4341 4891 10017 13457 26998 26507 17514
internal_value=-0.00406225 -0.0358754 -0.0868371 0.0151877 -0.119715 0.00985551 0.0392581 -0.0522625 0.0248743 -0.00156566 -0.00385359 -0.0247924 0.00193056 -0.0132642 0.0176525 -0.0184729 -0.0746084 0.0420896 -0.0231565 -0.00456952 0.0827404 -0.111867 0.108319 0.019988 0.0422927 0.0848691 0.110287 0.0163471 0.0432035 -0.00920107
internal_weight=57948.4 21845.2 8958.36 36103.1 6415.91 34288 9591.99 1832.28 885.602 24696 2542.45 2132.8 23711.6 12058 11653.6 4702.34 1953.3 6951.21 11151.5 8061.74 2125.19 1564.16 906.504 5250.81 1777.51 1170.2 1700.41 7501.19 3656.63 3844.55
internal_count=6897041 5470369 5255213 1426672 5184597 1297683 294320 533041 50321 1003363 70616 63260 979786 675608 304178 52630 21929 251548 665415 622686 27564 17778 10193 232421 22889 14908 19127 119275 53505 65770
is_linear=0
shrinkage=0.15


Tree=31
num_leaves=31
num_cat=0
split_feature=13 33 10 10 29 7 13 10 1 27 29 29 20 37 10 27 27 19 17 7 29 33 29 8 24 29 19 11 17 29
split_gain=1294.39 800.99 1810.85 899.045 897.927 743.352 735.976 487.027 423.57 353.552 323.863 305.767 837.897 437.145 296.927 283.077 252.693 250.343 238.099 319.776 269.391 247.911 474.836 225.592 212.477 257.656 209.77 255.779 207.498 205.368
threshold=2.5000000000000004 0.90353596210479747 0.67900738120079052 0.59206044673919689 0.6940455734729768 4.5000000000000009 43.500000000000007 0.39139841496944433 1.0000000180025095e-35 2.5000000000000004 0.54002058506011974 0.97357577085495006 11.500000000000002 1.0000000180025095e-35 0.83150798082351696 2.5000000000000004 1.5000000000000002 569.50000000000011 22.500000000000004 1.5000000000000002 0.13091239333152774 0.58876052498817455 0.53340941667556774 0.97737857699394237 0.70833334326744091 0.77022564411163341 595.50000000000011 0.20693071186542514 20.500000000000004 0.77486971020698558
decision_type=8 2 10 10 2 2 8 10 2 2 2 2 2 2 10 2 2 2 2 2 2 2 2 8 2 2 2 8 2 2
left_child=8 2 6 4 7 11 -2 10 18 -4 17 13 -13 -5 23 29 -9 -3 19 -1 -21 -22 26 -11 -24 -26 -23 -28 -14 -6
right_child=1 3 9 5 15 -7 -8 16 -10 14 -12 12 28 -15 -16 -17 -18 -19 -20 20 21 22 24 -25 25 -27 27 -29 -30 -31
leaf_value=-0.033222201613953464 -0.033874605362815301 0.051325686682730055 0.051380424069089721 -0.10072130530178147 0.12031010950644734 0.06504203974960239 -0.099140930664613838 0.13547544917402352 0.13555325786476957 -0.075353863676129812 0.11741530427802162 0.044708078877090517 -0.12640758846154918 0.15389914768885277 0.016393466777728901 0.16860751024888287 -0.075762278915502954 -0.040936128876346581 0.05820379412827658 0.15146013189286697 0.11667047645345055 -0.032821814030359754 0.013847007072134104 0.12731839093721253 0.0098155321427107912 0.13834636568085537 0.029528955973876732 -0.29964436457801402 0.00073580113298406897 -0.057247245263572361
leaf_weight=2370.6842871697154 7958.3866048454656 1817.5528918453492 4004.3794781441684 2608.6139115098049 347.11354567750823 1631.0932472082204 7601.7499502735445 139.28422611823771 854.04044506791979 1563.7641523747006 986.50099261774449 2032.5300186952227 1310.3505002403981 160.20544793154113 3698.3625201781979 1419.5486744950176 1396.9200112060062 1039.3231010853779 4022.5743865750264 385.07017964497209 591.72946534585208 339.96665368508548 5583.2135821450502 133.26756093924632 652.37429130636156 758.83353466354311 72.680456547066569 194.592983096838 370.36329087597551 252.35029364476213
leaf_count=31498 519437 280604 341938 193912 24116 86624 3426961 34139 86105 124598 75903 91712 445095 4567 169755 46695 297175 218136 77652 7632 19438 4769 66525 7747 37449 77968 983 1530 72005 23476
internal_value=-0.00350533 -0.0177282 -0.0343632 0.0090398 0.0468523 -0.0254439 -0.0657641 0.0148302 0.0328659 0.0176185 0.0433619 -0.0482196 -0.0200784 -0.0859386 -0.00744403 0.132125 -0.0565342 0.0177585 0.0269996 0.0155313 0.0290068 0.023234 0.0159463 -0.0593724 0.0269974 0.0789781 -0.111179 -0.210355 -0.0984064 0.0455947
internal_weight=56297.4 40471.7 24959.9 15511.8 7398.59 8113.16 15560.1 5379.58 15825.8 9399.77 3843.38 6482.06 3713.24 2768.82 5395.39 2019.01 1536.2 2856.88 14971.7 10949.1 8578.46 8193.39 7601.66 1697.03 6994.42 1411.21 607.24 267.273 1680.71 599.464
internal_count=6896144 6484595 4590436 1894159 1000244 893915 3946398 905957 411549 644038 574643 807291 608812 198479 302100 94287 331314 498740 325444 247792 216294 208662 189224 132345 181942 115417 7282 2513 517100 47592
is_linear=0
shrinkage=0.15


Tree=32
num_leaves=31
num_cat=0
split_feature=24 16 7 23 32 32 23 17 16 12 19 13 0 33 29 33 10 10 23 28 33 29 10 28 13 8 32 33 33 28
split_gain=1065.79 832.577 671.385 533.557 1793.69 333.811 289.275 210.934 453.002 341.073 218.81 209.278 206.541 184.711 182.877 177.215 259.631 258.813 340.114 266.601 222.225 200.346 220.34 175.494 169.1 151.483 271.946 178.519 148.235 195.525
threshold=0.22500000149011615 0.0089286607690155523 4.5000000000000009 1.0000000180025095e-35 0.19706057757139209 0.80698642134666454 1.0000000180025095e-35 24.500000000000004 0.027108984999358657 14.500000000000002 490.50000000000006 1.5000000000000002 1.0000000180025095e-35 0.92637759447097789 0.41090288758277899 0.8989795744419099 0.59957221150398265 0.74299544095993053 1.5000000000000002 0.77500000596046459 0.4803846031427384 0.64236706495285045 0.38953325152397161 0.81666666269302379 1.5000000000000002 0.80940687656402599 0.11642817035317422 0.9529346525669099 0.94665718078613292 0.46428571641445165
decision_type=2 2 2 2 2 2 2 2 2 8 2 8 2 2 2 2 10 10 2 2 2 2 10 2 8 10 2 2 2 2
left_child=1 6 11 5 -5 7 13 8 -3 -9 -10 -2 14 -1 -11 17 21 20 -19 -20 -13 22 28 -18 -6 27 -27 -12 -17 -30
right_child=2 3 -4 4 24 -7 -8 9 10 12 25 15 -14 -15 -16 16 23 18 19 -21 -22 -23 -24 -25 -26 26 -28 -29 29 -31
leaf_value=-0.069324002542265853 0.045735553654475312 -0.063789788576903733 0.1352499822047932 -0.14567370204202937 0.02340920236597591 0.090221752672545855 -0.12545987986590465 0.20058329721589505 -0.034898676975768213 -0.092061536028819127 0.030947628448499773 0.037267253634582435 0.069232940763524972 0.047572868674488643 0.023389734646760692 0.086098114281044219 -0.084217963402475268 0.14333673087495952 0.1122890141113751 -0.041569272069898085 -0.03191536876522947 0.11649811966978799 -0.097006488516526143 0.039925212579994165 -0.016643588345002944 0.0015166826463717295 0.14531068989626605 0.14045888215767133 -0.041770639216915317 0.086944050059617098
leaf_weight=1196.6565513072419 4635.2532727643847 2354.0528869844857 1181.7478429283947 2513.3490369272185 2927.3056006049737 1087.4539637416601 1972.5638937198091 269.64440047030803 1867.1653188783675 469.11434857547283 1138.867203092319 1303.3919069478288 1187.0802914254018 406.86608708335552 898.29677585040918 1111.7698016003706 609.03759351698682 557.11074318084866 353.58266853587702 886.98796220263466 5247.5276025845669 844.61784487776458 265.28835335932672 440.93939706403762 12477.995191324793 4767.5045111626969 314.51201379537815 473.9538599155494 676.86791941709816 435.55796479294077
leaf_count=267125 152744 180555 116965 3225639 27603 26923 1834858 7965 60351 51274 43270 23848 59607 43191 25144 17625 12559 38875 8754 13148 107596 36971 4288 12057 402397 56211 9864 7760 10191 12628
internal_value=-0.00335496 -0.0182942 0.0258971 -0.0107881 -0.0282048 0.0102599 -0.0870055 0.0039253 -0.00552874 0.0404568 0.0104952 0.0184492 0.0234824 -0.0396523 -0.0162562 0.00851294 0.0329294 -0.00431124 0.0460896 0.00233795 -0.018147 0.0534106 0.0319684 -0.0320955 -0.00903176 0.0231588 0.0104425 0.0631964 0.0473884 0.00865899
internal_weight=54872.1 36322.4 18549.7 32746.3 17918.6 14827.6 3576.09 13740.2 10916.1 2824.14 8562 17367.9 2554.49 1603.52 1367.41 12732.7 4384.08 8348.6 1797.68 1240.57 6550.92 3334.1 2489.48 1049.98 15405.3 6694.84 5082.02 1612.82 2224.2 1112.43
internal_count=6897986 6329737 568249 4184563 3655639 528924 2145174 502001 358011 143990 177456 451284 136025 310316 76418 298540 106319 192221 60777 21902 131444 81703 44732 24616 430000 117105 66075 51030 40444 22819
is_linear=0
shrinkage=0.15


Tree=33
num_leaves=31
num_cat=0
split_feature=26 10 16 17 18 16 33 20 17 13 33 10 28 32 33 11 8 33 28 27 10 28 28 28 32 20 13 35 7 27
split_gain=843.906 746.549 724.034 361.953 855.448 387.498 321.628 309.229 267.556 259.808 245.703 240.608 362.543 460.221 580.083 253.04 247.09 421.946 283.166 255.999 246.59 287.17 222.487 205.901 196.119 236.954 181.995 427.747 185.609 303.226
threshold=1.0000000180025095e-35 0.70628052949905407 0.008474652189761402 24.500000000000004 0.016764035448431972 0.014286078978329899 0.97801932692527782 22.500000000000004 25.500000000000004 9.5000000000000018 0.90661337971687328 0.86251240968704235 0.81666666269302379 0.14872968941926959 0.92403846979141246 0.65180119872093212 0.86263304948806774 0.91240409016609203 0.64583334326744091 1.5000000000000002 0.67900738120079052 0.61250001192092907 0.64583334326744091 0.46428571641445165 0.58491456508636486 2.5000000000000004 93.500000000000014 1.0000000180025095e-35 1.5000000000000002 1.0000000180025095e-35
decision_type=2 10 2 2 2 2 2 2 2 10 2 10 2 2 2 8 8 2 2 2 10 2 2 2 2 2 8 2 2 2
left_child=2 6 22 4 7 10 8 11 -2 -7 -5 15 13 -13 -15 16 17 20 19 23 -4 -22 -1 -19 25 -14 28 -28 -6 -30
right_child=1 -3 3 5 26 9 -8 -9 -10 -11 -12 12 24 14 -16 -17 -18 18 -20 -21 21 -23 -24 -25 -26 -27 27 -29 29 -31
leaf_value=-0.10614597420456685 -0.023742588044392932 0.10513261341752579 -0.040977022955535916 -0.042442593345150208 -0.07138767189149485 0.04324512124197516 0.08014641004055266 -0.12458768870460837 0.027794923163143418 0.25549103139091611 0.050874630931199254 0.0095700446442755927 0.0681931089117363 0.23943626857505118 -0.14920567107389679 -0.025423076020905842 -0.024001413759036132 -0.15836544735012895 0.13381974353994217 -0.15143605431902096 0.26283410237469979 0.018580189539466784 -0.023641079067375396 0.20745629206436281 -0.02399573737460204 -0.010406372991350424 -0.12940295679967248 -0.038151674967845259 0.23212863020017371 -0.013421520661199459
leaf_weight=2304.4873750634724 4394.5622431545053 2448.954866025364 1371.6767835654318 2428.1353369279532 1276.0880108251004 4438.5056759614381 1396.069061987102 437.29963016184047 4678.1917918863473 132.72921897115884 858.53599131229566 717.38433350826381 1845.8975206379546 579.63058559579076 100.82201313175028 8353.1797397304908 2196.580009964644 46.858957448333967 1190.0165919519495 169.5146913175704 137.81816992757376 493.48784255830105 1080.8849006025703 125.2544555675704 2446.0750547260977 1619.4927197673824 1981.3406140712323 2775.1635884921998 121.29640535451472 1512.6338736956823
leaf_count=1846964 90443 224735 114796 634359 66040 315007 66246 153326 76645 1308 137617 34444 41836 7049 1088 578046 80629 8536 17096 5648 3684 11907 241744 6045 39553 118318 1873091 79292 1072 18988
internal_value=-0.0028118 0.0305939 -0.0134043 -0.00738349 -0.0150043 0.0212222 0.0131488 0.000134064 0.00283188 0.0494624 -0.0180584 0.00268915 0.0247691 0.0934395 0.181717 -0.00877049 0.0155007 0.0400489 0.0992876 -0.0210403 -0.00527668 0.0722337 -0.0798185 0.10752 0.00851808 0.0314685 -0.0581063 -0.076182 -0.028545 0.00493797
internal_weight=53658.6 12917.8 40740.8 37355.4 29497.5 7857.91 10468.8 21831 9072.75 4571.23 3286.67 21393.7 7309.3 1397.84 680.453 14084.4 5731.21 3534.63 1531.64 341.628 2002.98 631.306 3385.37 172.113 5911.47 3465.39 7666.52 4756.5 2910.02 1633.93
internal_count=6895552 458069 6437483 4348775 3260484 1088291 233334 1222001 167088 316315 771976 1068675 242288 42581 8137 826387 248341 167712 37325 20229 130387 15591 2088708 14581 199707 160154 2038483 1952383 86100 20060
is_linear=0
shrinkage=0.15


Tree=34
num_leaves=31
num_cat=0
split_feature=32 34 32 1 7 9 20 33 33 29 37 29 34 33 32 13 33 28 34 25 11 16 25 29 13 34 0 28 27 37
split_gain=690.511 962.947 1029.66 461.523 417.707 337.537 283.521 377.154 369.891 237.701 236.583 475.864 209.889 196.399 163.07 151.352 151.222 220.175 144.806 125.084 124.005 117.699 191.985 192.188 111.663 111.469 108.75 103.288 179.865 102.366
threshold=0.43756379187107092 1.0000000180025095e-35 0.12514468282461169 1.0000000180025095e-35 2.5000000000000004 0.37614965438842779 10.500000000000002 0.76253134012222301 0.38935969769954687 0.33907794952392584 1.0000000180025095e-35 0.23366826027631762 0.97752526402473461 0.88047617673873912 0.89304080605506908 2.5000000000000004 0.97752526402473461 0.41428571939468389 0.9569842815399171 1.0000000180025095e-35 0.38685247302055364 0.016392350196838382 1.0000000180025095e-35 0.77938890457153331 4.5000000000000009 0.72994422912597667 1.0000000180025095e-35 0.64583334326744091 1.5000000000000002 1.0000000180025095e-35
decision_type=2 2 2 2 2 10 2 2 2 2 2 2 2 2 2 8 2 2 2 2 10 2 2 2 8 2 2 2 2 2
left_child=1 20 5 6 13 -3 8 9 -2 -8 12 -12 15 -4 -14 18 17 -13 -10 -5 29 -16 -23 -24 27 -17 -15 28 -18 -1
right_child=3 2 4 19 -6 -7 7 -9 10 -11 11 16 14 26 21 25 24 -19 -20 -21 -22 22 23 -25 -26 -27 -28 -29 -30 -31
leaf_value=-0.0024373894441403897 0.083808168751891343 -0.13170565134257098 -0.072625984338206051 0.054553108811969606 0.051247361061593596 0.1191717561614566 -0.063620748039244876 0.098224899111495914 0.008733505842971747 0.063030463096463679 -0.065122624068868568 0.19516083585447358 0.014268257234278627 -0.056928218406968496 -0.11872350936911578 0.0257343964967271 0.11714889911207568 -0.0071093117423666353 0.066804969244310342 0.15076593001748065 0.10182862942286543 -0.0770595995501418 -0.027019549009303711 0.14315268632805736 0.24215026502798423 -0.015656346603825328 0.046973131100394555 0.15963701645392053 -0.20913961824980917 0.068871541843801481
leaf_weight=11536.497895362321 1219.3593701744685 3519.7526359518524 2110.85858102364 620.25939562579151 1424.5529713031137 124.20522387733217 757.14205158711411 1699.7736871639499 7916.1287157775369 594.18613944214303 560.93528768536635 163.10039565281477 965.0759699025657 357.30585457925918 561.01285669452045 1702.3668225761503 122.47791813360527 461.66199451358989 1099.5306793421041 598.72436456382275 276.26207017013803 1257.4475599776488 560.04623634368181 202.50309435697272 200.07436871249229 10418.170535571408 615.93495151092065 321.69630823703483 53.924774202518165 470.45698507409543
leaf_count=209245 58718 4461949 673423 32253 91631 9205 73998 68473 170473 17422 34163 2420 43505 84620 13017 90028 3138 8289 19078 93664 1676 14904 14057 25494 3426 458188 99913 15438 600 4398
internal_value=-0.00232904 -0.0238755 -0.0638393 0.0114074 -0.0159077 -0.123124 0.0078272 0.0512236 0.00306021 -0.00792611 -0.000649053 0.0505737 -0.00456051 -0.0469334 -0.0383251 0.00110583 0.099642 0.0459228 0.0158224 0.101894 0.00265233 -0.0579885 -0.0410702 0.0182998 0.147578 -0.00984125 0.00880855 0.109182 0.0167887 0.000362143
internal_weight=52491.4 20435.8 8152.61 32055.6 4508.65 3643.96 30836.6 3051.1 27785.5 1351.33 26566.2 1883.87 24682.3 3084.1 3546.09 21136.2 1322.94 624.762 9015.66 1218.98 12283.2 2581.01 2020 762.549 698.173 12120.5 973.241 498.099 176.403 12007
internal_count=6896806 5636060 5420741 1260746 949587 4471154 1134829 159893 974936 91420 916218 67474 848744 857956 110977 737767 33311 10709 189551 125917 215319 67472 54455 39551 22602 548216 184533 19176 3738 213643
is_linear=0
shrinkage=0.15


Tree=35
num_leaves=31
num_cat=0
split_feature=25 29 17 33 8 8 28 27 28 33 20 8 33 17 11 28 9 28 29 27 28 13 33 23 16 29 17 27 8 33
split_gain=549.198 897.622 448.877 285.063 496.9 385.794 570.581 329.161 318.996 611.357 367.634 321.265 298.096 205.247 214.199 300.51 197.082 196.107 217.833 200.864 194.468 243.943 207.68 193.157 188.244 188.194 183.075 180.625 209.648 222.308
threshold=1.0000000180025095e-35 0.77022564411163341 306.50000000000006 0.8532998561859132 0.89866146445274364 0.8693697750568391 0.73214286565780651 2.5000000000000004 0.77500000596046459 0.94312667846679699 27.500000000000004 0.96115431189537059 0.97100839018821727 22.500000000000004 0.63264656066894542 0.64583334326744091 0.25172781944274908 0.81666666269302379 0.85578954219818126 2.5000000000000004 0.46428571641445165 15.500000000000002 0.9529346525669099 1.5000000000000002 0.015385021921247246 0.84640040993690502 25.500000000000004 2.5000000000000004 0.97737857699394237 0.78153410553932201
decision_type=2 2 2 2 10 10 2 2 2 2 2 10 2 2 8 2 10 2 2 2 2 10 2 2 2 2 2 2 10 2
left_child=2 23 3 4 -1 6 7 13 9 11 -10 -7 25 14 15 -5 -12 18 -14 -19 22 -22 -15 24 -2 -8 -25 -6 -29 -30
right_child=1 -3 -4 5 27 8 12 -9 10 -11 16 -13 17 20 -16 -17 -18 19 -20 -21 21 -23 -24 26 -26 -27 -28 28 29 -31
leaf_value=-0.0345032404564313 -0.041525122809102623 0.11982902313444747 -0.080438390890210404 -0.032281036180259647 0.048545507992701201 -0.045253408476819142 0.058250882358582376 -0.13252933909371917 0.016985667997299548 -0.1374872441328093 -0.091008258186285051 0.1205982503596382 0.10311583060512224 0.041335302225897257 -0.03799655179093183 0.11114051932334518 0.12106378311645455 -0.004661612349228835 -0.11865465992331033 0.21498270821610174 0.067589286868148468 0.33420420361161274 -0.070146202557136675 0.0022744705726699009 0.013045646087014683 -0.059087496953967991 0.088707666820486406 -0.02476540447527617 0.21736718645085343 0.011711626285218728
leaf_weight=14013.250777885667 2209.0496753733605 1961.5267777997069 1945.7833641974721 689.73329866281711 2494.7790124841849 719.26679415465333 1485.3863972327672 390.67348245717585 5389.5974784804275 1228.4787046661368 1154.3154941782996 412.7617291030474 808.68191729747923 1252.8618786669686 2650.0485358862788 626.40147424908355 106.93758757680189 110.89897060272051 112.7940875418717 600.86752670735586 1067.7754917124985 82.351478087890428 536.0285953079001 1108.2653880603611 3989.1891375589184 386.91334303334588 1096.4083322884981 2448.4876993130893 174.21523136668839 364.24131187482271
leaf_count=2697246 24319 246655 1398310 112573 156826 53563 98685 35263 275613 75973 455884 20394 28211 185796 414033 16598 5041 9502 2742 16010 186537 1080 77631 25193 104850 23430 19643 107677 6241 14487
internal_value=-0.00237571 0.0284909 -0.0101311 -0.00664882 -0.0195259 0.00602208 0.0251394 0.00123966 -0.0168931 -0.0642527 -7.71243e-05 0.0152727 0.074866 0.00882596 -0.0134349 0.0360116 -0.0729457 0.121682 0.0758706 0.180802 0.0388611 0.0869532 0.00791012 0.0071578 -0.00640691 0.0339841 0.0452794 0.0187607 -0.00612426 0.0785302
internal_weight=51618 10364.4 41253.5 39307.7 19495 19812.8 10801.4 7295.87 9011.36 2360.51 6650.85 1132.03 3505.54 6905.2 3966.18 1316.13 1261.25 1633.24 921.476 711.766 2939.02 1150.13 1788.89 8402.91 6198.24 1872.3 2204.67 5481.72 2986.94 538.457
internal_count=6896006 420660 6475346 5077036 2982477 2094559 1208091 1029511 886468 149930 736538 73957 178580 994248 543204 129171 460925 56465 30953 25512 451044 187617 263427 174005 129169 122115 44836 285231 128405 20728
is_linear=0
shrinkage=0.15


Tree=36
num_leaves=31
num_cat=0
split_feature=32 34 21 7 22 33 10 29 33 10 33 17 29 2 33 25 37 29 10 10 8 33 33 20 6 33 33 17 13 29
split_gain=457.152 1398.85 473.429 403.958 231.553 207.382 479.639 1159.72 442.185 766.11 406.788 337.577 395.522 410.9 308.609 273.092 226.562 241.977 747.029 499.246 269.865 221.166 215.546 210.34 209.678 256.301 206.271 205.692 198.609 199.414
threshold=0.26942862570285803 1.0000000180025095e-35 1.0000000180025095e-35 4.5000000000000009 1.5000000000000002 0.83176100254058849 0.61034750938415538 0.90212523937225353 0.72046512365341198 0.80016764998435985 0.38935969769954687 21.500000000000004 0.19993426650762561 1.0000000180025095e-35 0.9529346525669099 1.0000000180025095e-35 1.0000000180025095e-35 0.97357577085495006 0.89413905143737804 0.73840305209159862 0.86263304948806774 0.97894504666328441 0.90353596210479747 7.5000000000000009 1.0000000180025095e-35 0.68469786643981945 0.93142634630203258 22.500000000000004 6.5000000000000009 0.29173803329467779
decision_type=2 2 2 2 2 2 10 2 2 10 2 2 2 2 2 2 2 2 10 10 8 2 2 2 2 2 2 2 10 2
left_child=1 -1 -3 5 -4 6 10 8 -8 -10 -2 16 13 14 22 24 17 18 19 -7 -19 -18 23 -13 -9 -26 -20 -12 -29 -30
right_child=3 2 4 -5 -6 11 7 15 9 -11 27 12 -14 -15 -16 -17 21 20 26 -21 -22 -23 -24 -25 25 -27 -28 28 29 -31
leaf_value=0.0025306807325110375 0.045520900649756703 -0.13102871282383965 -0.086031525201256703 0.085338284980411752 0.04252988232302083 -0.007258214539281038 0.18810158568038926 -0.050909181632172638 -0.061078325288912848 0.17604697265757238 -0.064808754230081964 -0.052897347635792284 0.10912519369376478 0.26328285334687351 -0.080145439066663313 0.12439838918212329 -0.028928418991558805 0.12855605687405028 0.22912537968657976 -0.10077691842467429 0.01062585428777669 0.1267643108581874 0.07646579427453222 0.096978506781972521 0.38817264656909767 0.017027016333554534 -0.1337872592671806 0.0037906980756778497 -0.072429375633911552 0.07443708043095193
leaf_weight=12136.214682798367 1502.1605908632628 2930.6070528662822 622.43058189051226 1426.33783406578 636.70971403090516 6336.4560439100023 968.59269130422035 2906.8371610231698 639.39153267047368 587.2629591061268 3896.44900186226 829.9542252770043 1631.5141351731145 145.92937169887591 708.84788656997262 247.16370025882497 310.91726451949216 556.02987103210762 333.03420560923405 1609.99559086503 2020.3328516548499 601.44634680589661 1215.4381705676205 281.27123578486498 50.256318192929029 229.03849992668256 38.740016552153975 3235.0012438948615 1829.5980802058475 233.86460119322874
leaf_count=214978 120650 4840918 14232 137367 25525 124055 30736 40583 12217 23177 96058 106860 62596 2675 73189 34777 5234 21053 13391 28619 39339 19681 88117 22666 697 2600 388 68070 620977 4944
internal_value=-0.00260286 -0.0232696 -0.0979867 0.00721385 -0.0210397 0.00382905 -0.00817835 0.0272631 0.112387 0.0524967 -0.0268276 0.0156236 0.0491023 0.0182966 0.00643627 -0.0271821 0.00197347 -0.00404226 -0.0164836 -0.0262159 0.0361175 0.0737334 0.0328376 -0.014908 -0.0389762 0.0849576 0.191051 -0.0386507 -0.0194057 -0.0557561
internal_weight=50697.8 16326 4189.75 34371.9 1259.14 32945.5 16325.6 5628.54 2195.25 1226.65 10697.1 16619.9 4812.96 3181.44 3035.51 3433.3 11807 10894.6 8318.23 7946.45 2576.36 912.364 2326.66 1111.23 3186.13 279.295 371.774 9194.91 5298.46 2063.46
internal_count=6896369 5095653 4880675 1800716 39757 1663349 1055486 144787 66130 35394 910699 607863 356103 293507 290832 78657 251760 226845 166453 152674 60392 24915 217643 129526 43880 3297 13779 790049 693991 625921
is_linear=0
shrinkage=0.15


Tree=37
num_leaves=31
num_cat=0
split_feature=13 33 10 32 28 37 33 27 10 28 28 20 10 28 27 33 8 10 33 28 3 34 33 27 13 10 8 18 18 32
split_gain=396.759 340.422 925.13 581.406 451.967 368.19 341.361 283.43 274.371 754.813 602.702 383.195 369.437 404.885 396.685 339.848 298.07 272.131 232.967 283.854 209.718 207.136 201.785 198.31 173.227 171.683 165.775 162.553 162.049 160.231
threshold=1.5000000000000002 0.86602565646171581 0.62393218278884899 0.34312207996845251 0.61250001192092907 1.0000000180025095e-35 0.98112535476684581 2.5000000000000004 0.5720152258872987 0.73214286565780651 0.77500000596046459 19.500000000000004 0.38412621617317205 0.64583334326744091 1.5000000000000002 0.94312667846679699 0.95644646883010875 0.77678999304771434 0.9506097435951234 0.46428571641445165 1.0000000180025095e-35 0.4014925360679627 0.72046512365341198 2.5000000000000004 12.500000000000002 0.71949720382690441 0.96780294179916393 0.044462749734520919 0.043562481179833419 0.30684594810009008
decision_type=8 2 10 2 2 2 2 2 10 2 2 2 10 2 2 2 8 10 2 2 2 2 2 2 8 10 8 2 2 2
left_child=-1 2 3 -2 22 8 -7 25 9 12 15 -12 13 14 18 16 -10 26 29 -20 27 -15 -4 -11 -25 -6 -9 -13 -5 -3
right_child=1 5 4 28 7 6 -8 17 10 23 11 20 -14 21 -16 -17 -18 -19 19 -21 -22 -23 -24 24 -26 -27 -28 -29 -30 -31
leaf_value=0.029020809848086283 -0.095655004860409634 -0.04880825479793021 0.15639122848400597 -0.050601535635532054 -0.028880058801848543 -0.02852656112520003 0.13593223676594787 -0.10695950578471862 -0.063332841427200137 -0.069943433624006804 0.026041081721556184 -0.12284069136876255 -0.064342496348851558 0.2387024102429102 -0.16017592023956748 -0.12183734279358954 0.092405604589274937 -0.0014859773190806925 -0.08336855016570352 0.090199748445685221 0.11909187956827426 0.068150188573843154 -0.070563277212189746 0.067187066166134429 0.15993176057730055 0.047711274799604117 0.10671557969344712 -0.0052955683133959529 -0.0090706351446425033 0.052113535705055322
leaf_weight=7675.2335964525118 3894.6534608266084 421.73310583521379 650.34024637311813 3566.8307833963772 815.10076996186399 417.050955044484 886.9485895705584 943.92678666455322 967.13129899825435 139.36552471373579 5344.7547473521845 794.61004875559593 1690.4447657851269 207.22391534829512 332.29925160558196 1543.9165039029031 386.08558420761256 3704.2722945058777 932.81128651829204 273.37351154049975 126.04208710853709 701.51914510669303 101.34947643059422 876.37514292774722 942.72659008210758 3413.6231838578824 88.631759220181266 396.83426446956582 5188.7640953463851 2179.5940476373653
leaf_count=241407 2666688 263038 108127 96581 107281 35911 29407 82496 102327 18100 307013 397856 436465 2785 101633 133185 24784 187019 169974 35339 13158 60164 10538 24855 61572 256101 5719 89577 683524 143086
internal_value=-0.00233191 -0.00807177 -0.0207109 -0.047446 0.014095 0.0063812 0.0833527 0.00472168 0.000879227 0.0201562 -0.0166599 0.00817903 -0.00366979 0.0166544 -0.00325612 -0.0737627 -0.0188638 -0.0204756 0.0104775 -0.0439884 -0.0642482 0.107261 0.125738 0.1021 0.115312 0.0329447 -0.0885328 -0.0837272 -0.0259932 0.0357394
internal_weight=49603.6 41928.3 22367.5 12650.2 9717.24 19560.8 1304 8965.55 18256.8 8697.47 9559.37 6662.24 6739 5048.55 4139.81 2897.13 1353.22 4736.83 3807.51 1206.18 1317.49 908.743 751.69 1958.47 1819.1 4228.72 1032.56 1191.44 8755.59 2601.33
internal_count=6895710 6654303 4204074 3446793 757281 2450229 65318 638616 2384911 1317011 1067900 807604 1212484 776019 713070 260296 127111 275234 611437 205313 500591 62949 118665 104527 86427 363382 88215 487433 780105 406124
is_linear=0
shrinkage=0.15


Tree=38
num_leaves=31
num_cat=0
split_feature=24 23 7 17 17 29 8 27 29 23 32 32 7 29 23 29 33 5 19 10 31 32 29 9 9 13 24 0 9 1
split_gain=351.745 446.31 358.008 318.997 227.285 456.448 406.732 263.808 240.229 214.283 896.346 216.12 192.342 506.758 194.054 511.59 263.313 305.796 579.728 237.822 190.58 226.576 149.167 143.478 133.455 131.047 129.131 131.825 125.966 124.831
threshold=0.22500000149011615 1.5000000000000002 4.5000000000000009 232.50000000000003 25.500000000000004 0.27695579826831823 0.2893019318580628 1.0000000180025095e-35 0.18494269251823428 1.0000000180025095e-35 0.15990332514047625 0.728481024503708 1.5000000000000002 0.1200711950659752 1.5000000000000002 0.72683668136596691 0.65419578552246105 1.0000000180025095e-35 595.50000000000011 0.627119541168213 0.61250001192092907 0.53695484995841991 0.44247451424598699 0.94299551844596874 0.9999997913837434 3.5000000000000004 0.70833334326744091 1.0000000180025095e-35 0.40245057642459875 1.0000000180025095e-35
decision_type=2 2 2 2 2 2 10 2 2 2 2 2 2 2 2 2 2 2 2 8 2 2 2 10 10 10 2 2 8 2
left_child=1 3 4 9 12 6 7 28 -9 11 -11 20 24 -14 15 16 -15 18 -18 -20 21 -1 -5 -12 25 -2 27 -16 -6 -17
right_child=2 -3 -4 22 5 -7 -8 8 -10 10 23 -13 13 14 26 29 17 -19 19 -21 -22 -23 -24 -25 -26 -27 -28 -29 -30 -31
leaf_value=0.003297946920016461 -0.0019230907845650047 -0.083207509714584418 0.11837014329068959 -0.10791104560308054 -0.061063707698112098 0.11582738905507052 0.26425365758465796 -0.23908170489627542 0.02597901338964919 -0.14438607971155487 -0.0059427182651690348 0.068613410303462644 0.16579074448473724 0.099107774645366103 0.0062118603363098312 0.12007886190453522 -0.037065794030338654 0.053877120712271277 -0.24295839762257981 -0.62834193868529864 -0.11673538177604159 0.10123173793569867 -0.024892274667027963 0.14594350554526866 -0.10071858377690431 -0.097449472921834687 0.053410497434434552 -0.053636731854954642 0.023972651794100411 -0.0659856922492634
leaf_weight=12063.623716442409 1774.9070071992464 1794.993892409082 739.07317558024079 940.27113164693583 434.17287864733953 1231.3179907884914 140.36194672924466 180.28125053143594 133.34452611382585 1113.2881215367233 13153.122133994126 1318.6566063322825 442.21590439230204 275.46696276054718 1348.9693615911528 1064.0038518686779 513.03022121055983 328.48212351533584 147.53601860720664 47.926752541214228 282.55000173504231 555.03780264977831 1010.5839467507612 140.44169058324769 572.05265594879165 394.04570309096016 466.75807223864831 2142.7514326400124 3948.2663506411482 87.199127509724349
leaf_count=502460 17044 1207694 117126 1194904 32111 65294 2898 4809 2746 2517682 505968 35750 10027 11590 20682 117492 20134 16064 1748 724 14821 24742 322147 1747 3339 6719 34781 27017 54028 1673
internal_value=-0.00146711 -0.010536 0.0164206 -0.00626738 0.0116059 0.0343303 0.0135621 0.00601444 -0.126661 -0.0022668 -0.0151595 0.0107956 -0.00275137 0.0106621 -4.39672e-05 0.0329996 -0.0310118 -0.0656395 -0.121049 -0.34017 0.00488109 0.00761329 -0.0649404 -0.00432724 -0.0363345 -0.0193148 -0.0206125 -0.03052 0.015536 0.10594
internal_weight=48784.7 32372.6 16412.2 30577.6 15673.1 6067.74 4836.43 4696.07 313.626 28626.7 14406.9 14219.9 9605.35 6864.34 6422.12 2463.65 1312.44 1036.98 708.493 195.463 12901.2 12618.7 1950.86 13293.6 2741.01 2168.95 3958.48 3491.72 4382.44 1151.2
internal_count=6895961 6327915 568046 5120221 450920 161886 96592 93694 7555 3603170 3025397 577773 289034 261932 251905 169425 50260 38670 22606 2472 542023 527202 1517051 507715 27102 23763 82480 47699 86139 119165
is_linear=0
shrinkage=0.15


Tree=39
num_leaves=31
num_cat=0
split_feature=17 37 29 16 9 34 32 1 13 27 17 18 28 25 29 28 19 11 7 29 34 9 31 0 7 29 24 32 9 34
split_gain=275.326 241.32 444.046 235.172 191.011 401.442 758.776 196.73 175.166 168.063 166.946 254.894 143.654 137.779 302.449 200.129 300.897 374.414 237.458 231.241 185.511 176.352 173.89 148.061 236.05 236.241 195.345 310.671 195.615 170.936
threshold=369.50000000000006 1.0000000180025095e-35 0.23366826027631762 0.080649357289075865 0.9999997913837434 1.0000000180025095e-35 0.094107899814844145 1.0000000180025095e-35 1.5000000000000002 1.5000000000000002 24.500000000000004 0.010260170325636865 0.61250001192092907 1.0000000180025095e-35 0.77022564411163341 0.15476191043853763 593.50000000000011 0.18156524747610095 1.5000000000000002 0.15847322344779971 0.97752526402473461 0.89058512449264537 0.84523808956146251 1.0000000180025095e-35 1.5000000000000002 0.14245053380727771 0.22500000149011615 0.74856123328208934 0.57401090860366832 0.8841681480407716
decision_type=2 2 2 2 8 2 2 2 10 2 2 2 2 2 2 2 2 8 2 2 2 10 2 2 2 2 2 2 10 2
left_child=1 3 -3 4 7 -6 -7 13 10 -4 11 -8 -11 20 15 18 19 -18 -15 -17 21 23 -22 24 26 -26 27 -1 -28 -27
right_child=-2 2 9 -5 5 6 8 -9 -10 12 -12 -13 -14 14 -16 16 17 -19 -20 -21 22 -23 -24 -25 25 29 28 -29 -30 -31
leaf_value=-0.098951436926036959 -0.072800136706500665 -0.050617271268479244 0.1552701101424622 0.096253479032225323 0.00058098843282851375 -0.12566105681454293 0.029822683616598417 0.10773629097260487 -0.10441204752890547 -0.035265018116393577 0.066806788508130766 -0.06114487659007143 0.083256660023886625 0.018537071061682349 0.11600384395230988 -0.25401764186346776 0.066633952463262605 -0.22059523130046718 0.15887701197800075 0.022615854438014144 0.013028266481865693 0.080610246044174994 -0.074859571740930816 -0.01491208512000736 0.20860612784259716 0.054755701774407466 0.13074737871342115 0.011827058465716125 -0.011379285149134319 -0.00056316131838222972
leaf_weight=1122.2439576454053 1192.3027790636697 771.79665002680849 539.53607949166326 535.61139055422973 10994.359382620547 1906.9978930637008 1386.4986392519204 405.44865146098891 395.71380159328692 300.17084758504643 689.57893504161621 1383.8513122610457 977.90187747273012 3775.2084812211106 682.1196350029204 71.167781239375472 146.37458195234649 333.76035663881339 291.31664704857394 1173.311543218093 775.98278957142611 611.92447395157069 1456.2524714253959 8771.8245380633452 165.38644043623935 2496.6042592026934 332.22915947949514 1155.241020116664 629.08317512227222 2529.7914105796372
leaf_count=354655 1009931 72401 31499 78719 185857 3687070 84551 50711 11809 12270 129880 240796 40989 32227 110595 651 10247 6017 9052 62334 55636 6119 27517 443216 1909 43419 11933 44890 7881 28288
internal_value=-0.00165043 0.000163452 0.0446616 -0.00244331 -0.00365566 -0.0162285 -0.0482933 0.00416937 -0.0100045 0.0851246 0.000819933 -0.0156233 0.0554146 0.00258198 0.0216066 0.0104697 -0.0323364 -0.133074 0.0286273 0.00660482 -0.00356205 0.00154677 -0.0443153 -0.0012702 0.012924 0.0327458 -0.0188508 -0.0427792 0.0378245 0.0269191
internal_weight=47999.6 46807.3 2589.41 44217.9 43682.3 16757 5762.64 26925.3 3855.64 1817.61 3459.93 2770.35 1278.07 26519.8 6473.26 5791.14 1724.61 480.135 4066.53 1244.48 20046.6 17814.3 2232.24 17202.4 8430.58 5191.78 3238.8 2277.48 961.312 5026.4
internal_count=6893069 5883138 157159 5725979 5647260 4339963 4154106 1307297 467036 84758 455227 325347 53259 1256586 231123 120528 79249 16264 41279 62985 1025463 942310 83153 936191 492975 73616 419359 399545 19814 71707
is_linear=0
shrinkage=0.15


Tree=40
num_leaves=31
num_cat=0
split_feature=33 8 8 28 16 24 33 20 18 27 20 17 11 19 33 28 28 16 27 12 32 25 27 17 16 29 14 8 23 9
split_gain=260.061 410.761 339.285 434.928 428.361 246.259 244.839 337.936 284.84 232.242 211.604 208.226 217.152 233.92 205.446 305.341 197.05 196.167 193.275 176.753 171.93 150.809 141.154 127.989 225.174 189.088 129.821 126.901 124.516 121.434
threshold=0.90353596210479747 0.92995721101760875 0.88257622718811046 0.81666666269302379 0.0647847354412079 0.22500000149011615 0.54226192831993114 9.5000000000000018 0.21057137846946719 2.5000000000000004 2.5000000000000004 23.500000000000004 0.33334058523178106 597.50000000000011 0.93582704663276683 0.84523808956146251 0.46428571641445165 0.028381979092955593 2.5000000000000004 26.500000000000004 0.50943702459335338 1.0000000180025095e-35 1.0000000180025095e-35 25.500000000000004 0.029631881043314937 0.73047757148742687 10.500000000000002 0.95214784145355236 1.0000000180025095e-35 0.9999997913837434
decision_type=2 10 10 2 2 2 2 2 2 2 2 2 8 2 2 2 2 2 2 8 2 2 2 2 2 2 8 10 2 10
left_child=1 6 3 11 14 10 8 17 23 -5 -6 12 16 -14 27 -16 -2 20 -19 -13 -8 -3 -15 24 -1 -26 -25 -4 -20 -22
right_child=2 21 4 9 5 -7 7 -9 -10 -11 -12 19 13 22 15 -17 -18 18 28 -21 29 -23 -24 26 25 -27 -28 -29 -30 -31
leaf_value=-0.029668423074407656 -0.14881663562560643 0.019898510362659376 -0.04068853063542479 -0.027872051575804913 0.061809329965038587 0.13158589204017587 -0.072152707093077112 0.028927410687802878 -0.055040898439219069 0.16343770597843943 -0.043421777959525003 0.16252709472581747 0.0017288737619392191 0.046688773865300855 -0.11116004091082812 -0.022045801646254314 0.057713465527214347 0.0065047328416283018 0.012691868497216525 0.038795291542332383 -0.023656993274691944 0.12755654363764327 -0.11574237122695688 0.47996785313937873 0.13463262862846945 -0.016817421699831265 0.059135223867559775 0.093566593112645549 -0.055191511611641146 -0.11035108119193442
leaf_weight=1347.006565861433 109.32494884182233 5529.6646558247739 274.3974701500847 175.85166632625624 916.10483329131966 504.04655162547715 3962.2876775140758 2188.7253947464051 1114.6221829957794 751.99405874952208 808.46562450326746 279.97749949255376 3707.1925628931203 145.95096486186958 1370.3488548479218 2345.3235651442956 1810.4372976648738 4033.8724301410257 767.8935567078006 3467.1985362351115 4665.3255550620379 308.19051289511845 673.42822512422572 15.691458980523747 448.91770349352737 315.24797336870688 1571.7377760150994 372.32497575576417 2912.1642747790029 393.3904214608483
leaf_count=328086 42463 256468 18839 19713 25423 100216 2429160 265539 573867 38402 59099 41951 356745 4177 97014 582094 81604 306011 11630 551324 248374 52832 63089 7752 57061 21301 91251 15480 144041 4220
internal_value=-0.00143162 -0.0100402 0.012942 0.0289231 -0.014024 0.0394661 -0.0188069 -0.0264897 0.011398 0.127188 0.0124812 0.0199671 0.00361982 -0.0143096 -0.0413532 -0.0549324 0.0458808 -0.0337389 -0.0161735 0.048081 -0.0487558 0.0256028 -0.0867879 0.0314297 0.00722569 0.0722133 0.0635946 0.0366287 -0.0410271 -0.0304192
internal_weight=47287.1 29574.7 17712.4 11121.4 6591.01 2228.62 23736.9 18923.7 4813.22 927.846 1724.57 10193.5 6446.33 4526.57 4362.39 3715.67 1919.76 16734.9 7713.93 3747.18 9021 5837.86 819.379 3698.6 2111.17 764.166 1587.43 646.722 3680.06 5058.72
internal_count=6895226 4797593 2097633 1199468 898165 184738 4488293 3408975 1079318 58115 84522 1141353 548078 424011 713427 679108 124067 3143436 461682 593275 2681754 309300 67266 505451 406448 78362 99003 34319 155671 252594
is_linear=0
shrinkage=0.15


Tree=41
num_leaves=31
num_cat=0
split_feature=32 34 24 8 25 0 18 13 9 10 31 32 17 8 27 10 29 18 27 32 24 29 31 32 9 22 29 17 14 18
split_gain=213.196 815.426 379.884 221.486 237.902 208.513 148.113 152.315 148.297 145.231 147.427 130.568 121.293 114.883 641.504 158.767 115.858 263.506 245.546 196.318 242.821 114.435 112.469 115.403 137.975 140.905 112.03 108.701 176.1 139.876
threshold=0.24030497670173648 1.0000000180025095e-35 0.18333333730697635 0.96994096040725719 1.0000000180025095e-35 1.0000000180025095e-35 0.0027491422370076184 1.5000000000000002 0.9999997913837434 0.76466295123100292 0.31666667759418493 0.14872968941926959 21.500000000000004 0.82217615842819225 1.0000000180025095e-35 0.58838373422622692 0.29839073121547705 0.047090481966733939 1.0000000180025095e-35 0.55779540538787853 0.22500000149011615 0.84149160981178295 0.61250001192092907 0.74357023835182201 0.76385688781738292 1.5000000000000002 0.18494269251823428 21.500000000000004 5.5000000000000009 0.022376419045031074
decision_type=2 2 2 10 2 2 2 10 10 8 2 2 2 8 2 8 2 2 2 2 2 2 2 2 10 2 2 2 8 2
left_child=1 27 11 6 9 -4 -2 12 13 21 -11 -3 -8 14 15 -9 18 -18 19 20 -15 -5 -21 -24 25 -25 -20 29 -29 -1
right_child=3 2 5 4 -6 -7 7 8 -10 10 -12 -13 -14 16 -16 -17 17 -19 26 22 -22 -23 23 24 -26 -27 -28 28 -30 -31
leaf_value=0.0018763580585828455 -0.02548669606490301 -0.14268998594650889 -0.1146399792145236 0.018413911049989851 0.14509290033045671 0.033020591363381202 0.010982729485725365 -0.28294001263952512 -0.090795424955565765 0.16835549922903845 0.0061682608429045873 -0.0210110676167952 0.053301118320456954 -0.1051439168000093 0.0035208458754133745 0.2175087489512357 -0.0080589813531207234 0.069608078926523737 -0.15325154762032034 0.039477881104940916 -0.0057032866606179363 0.23840488223295547 -0.062719678173646681 0.077608401004327629 -0.027479475620567999 -0.016761078964284401 -0.028999424087523477 0.33259673391056882 0.021498678296976253 -0.046790567142251528
leaf_weight=7132.2985309127253 3902.9215153284022 1637.6098778108571 312.38524444392533 93.519496975466609 449.79054207308218 685.6691936776042 4637.5898921412008 13.964277875376863 405.80978244380094 132.91729115240742 2162.9213466114597 226.19023353746161 2269.2780622311984 929.28853838951909 4064.3081456390792 397.39276150596561 3953.0634476506384 1307.0544797040347 407.25266474220552 1614.2800577565213 1360.8774447550531 122.96152472053654 701.09617480274756 840.25439012149582 1465.7269912254997 616.63959321688162 273.01613535033539 40.51554659800604 2988.1879449728876 1632.0157781154849
leaf_count=76510 95001 4571316 12819 1198 125242 21699 133204 125 9019 2317 52550 201988 70405 724865 83849 7723 81185 41450 75484 120926 35516 1734 96350 38854 17826 39905 17850 783 84459 53409
internal_value=-0.0011649 -0.0161568 -0.0879678 0.00567511 0.044748 -0.0132648 0.0017046 0.00590729 -0.00123955 0.0267323 0.0156273 -0.127942 0.0248923 0.00079071 0.0216083 0.199875 -0.00612818 0.0112496 -0.0172642 -0.00945889 -0.0460819 0.143891 0.00655923 -0.00811209 0.00500448 0.0376818 -0.103501 0.00127577 0.0257687 -0.00719029
internal_weight=46776.8 14654.9 2861.85 32121.9 2962.11 998.054 29159.8 25256.9 18350 2512.32 2295.84 1863.8 6906.87 17944.2 4475.67 411.357 13468.5 5260.12 8208.43 7528.16 2290.17 216.481 5238 3623.72 2922.62 1456.89 680.269 11793 3028.7 8764.31
internal_count=6895561 5022983 4807822 1872578 183041 34518 1689537 1594536 1390927 57799 54867 4773304 203609 1381908 91697 7848 1290211 122635 1167576 1074242 760381 2932 313861 192935 96585 78759 93334 215161 85242 129919
is_linear=0
shrinkage=0.15


Tree=42
num_leaves=31
num_cat=0
split_feature=37 33 10 24 28 32 33 33 10 28 10 28 10 33 20 14 29 28 27 33 33 27 8 28 8 29 27 7 29 29
split_gain=177.858 396.945 176.355 334.875 237.629 346.247 328.696 232.276 462.688 488.663 437.5 326.053 298.207 271.157 306.25 296.061 321.864 257.003 378.7 273.27 248.959 239.621 238.785 225.893 213.035 200.943 197.205 294.659 189.805 162.729
threshold=1.0000000180025095e-35 0.97894504666328441 0.83451512455940258 0.55000001192092907 0.77500000596046459 0.24030497670173648 0.90661337971687328 0.89323708415031444 0.58520174026489269 0.73214286565780651 0.56566765904426586 0.77500000596046459 0.37528970837593084 0.58876052498817455 3.5000000000000004 98.500000000000014 0.58831122517585765 0.64583334326744091 1.5000000000000002 0.94804319739341747 0.94312667846679699 1.0000000180025095e-35 0.95214784145355236 0.46428571641445165 0.97227361798286449 0.49927322566509252 2.5000000000000004 2.5000000000000004 0.62037134170532238 0.23366826027631762
decision_type=2 2 10 2 2 2 2 2 10 2 8 2 10 2 2 8 2 2 2 2 2 2 10 2 10 2 2 2 2 2
left_child=2 29 7 4 5 -4 -7 10 9 12 -1 20 17 15 24 16 -12 18 19 -9 22 -17 -10 -21 26 -19 27 -15 -11 -2
right_child=1 -3 3 -5 -6 6 -8 8 11 28 13 -13 -14 14 -16 21 -18 25 -20 23 -22 -23 -24 -25 -26 -27 -28 -29 -30 -31
leaf_value=-0.068111624688590416 -0.065579659224730164 0.11205507240210165 0.0014052425118618098 0.11954355397058068 -0.0032354237661024452 0.17149318097380675 -0.12763047456025037 0.053025981916716571 -0.056318637629486745 -0.1150503047592849 0.22276679393176071 0.032572033054167122 -0.048816335027905194 -0.04200868360870056 0.022730968209949052 0.015628277953035129 0.04276805615589592 -0.17927231409943251 -0.16030018685921982 -0.062909353999274983 -0.11206221683671398 -0.084529340584510823 0.12297490363082274 0.074500926851376811 0.09794169669389502 0.10996035051682058 -0.077241418863714967 0.033554125535391964 0.096937899431079888 0.031728616155860048
leaf_weight=3295.3583407980186 661.26759533680161 993.48364672693424 1067.6005229568837 631.54785841400735 8636.3196216132637 659.72033976681996 93.737621902255341 2237.3181274092203 631.71925583176198 98.743915948303766 282.10902665377944 951.25807475384499 1688.6343463667581 5266.4899014334078 2779.5540650446201 3236.2505188032083 1065.4777177490469 56.530605554755311 281.09687168957316 1124.9259184962284 1366.4731665126455 643.4433253636671 226.13257339548727 352.84055704277125 266.11606102826772 920.21895577703253 2179.758132213261 1488.663444780279 2089.100951773522 928.26906866377976
leaf_count=1654014 99662 40479 108303 151573 826101 11935 1489 267958 63043 12703 80622 47299 384461 1146979 358575 409064 112940 8826 75516 184963 119341 227054 10820 38923 11308 48907 181660 51277 101743 57777
internal_value=-0.000508834 0.0377281 -0.00277405 0.013561 0.00714966 0.0563754 0.134159 -0.00834295 0.00820791 0.0258333 -0.0180498 -0.0409016 0.00562864 -0.00845945 -0.0208966 0.0200442 0.0805869 0.0241224 0.00725487 0.0199724 -0.072324 -0.00100026 -0.00896811 -0.0300722 -0.0340772 0.0930544 -0.0380197 -0.0253541 0.0873221 -0.00876865
internal_weight=46200.2 2583.02 43617.1 11088.9 10457.4 1821.06 753.458 32528.2 12025 8849.41 20503.2 3175.58 6661.57 17207.9 11980.6 5227.28 1347.59 4972.93 3996.18 3715.08 2224.32 3879.69 857.852 1477.77 9201.03 976.75 8934.91 6755.15 2187.84 1589.54
internal_count=6895315 197918 6697397 1099401 947828 121727 13424 5597996 1364503 1124000 4233493 240503 1009554 2579479 1749799 829680 193562 625093 567360 491844 193204 636118 73863 223886 1391224 57733 1379916 1198256 114446 157439
is_linear=0
shrinkage=0.15


Tree=43
num_leaves=31
num_cat=0
split_feature=13 33 10 28 9 13 8 6 33 20 37 33 33 10 10 10 28 28 10 28 10 27 8 33 18 28 8 23 28 7
split_gain=176.793 146.921 546.83 432.788 317.903 309.953 304.206 271.892 190.063 175.698 174.254 194.42 171.929 158.726 136.947 180.099 355.651 176.027 167.655 210.886 193.409 151.306 161.349 127.381 115.112 112.473 108.368 107.752 106.668 107.065
threshold=1.5000000000000002 0.78319624066352855 0.61034750938415538 0.73214286565780651 0.419658973813057 99.500000000000014 0.97737857699394237 1.0000000180025095e-35 0.4803846031427384 3.5000000000000004 1.0000000180025095e-35 0.99074074625968944 0.72046512365341198 0.78086441755294811 0.39850039780139929 0.84356793761253368 0.77500000596046459 0.46428571641445165 0.627119541168213 0.73214286565780651 0.48417481780052191 1.5000000000000002 0.94270601868629467 0.94804319739341747 0.040086736902594573 0.35416667163372045 0.64864149689674389 1.0000000180025095e-35 0.64583334326744091 2.5000000000000004
decision_type=8 2 10 2 10 8 8 2 2 2 2 2 2 10 8 8 2 2 10 2 10 2 10 2 2 2 10 2 2 2
left_child=-1 2 4 5 -2 12 7 -5 9 24 14 -12 -4 -14 17 16 18 -3 19 21 -21 -16 28 -20 -6 27 -22 -7 -23 -30
right_child=1 10 3 6 8 25 -8 -9 -10 -11 11 -13 13 -15 15 -17 -18 -19 23 20 26 22 -24 -25 -26 -27 -28 -29 29 -31
leaf_value=0.021184102640218649 -0.086721545358153129 -0.13404737900386307 0.2035780838806639 -0.047521073248778085 -0.017867622270860039 1.0703976270072475 0.10807505056139687 0.09857680844488502 -0.039668985015271829 -0.060542432510900135 -0.0055544545683324483 0.10395485856277999 -0.051491917079056031 0.17143338427032381 0.056357637480530152 0.0066310251870017097 0.030491755174495913 0.060876228361925064 -0.045506330518497111 0.10885590587337819 -0.093331987912837353 -0.12777043587085446 0.23885202928645174 -0.11620238025663654 0.081335587920593685 0.026704295257517476 0.030166532967061448 0.039085884303339494 -0.078798688053166477 0.0046536963542235009
leaf_weight=7051.0970281581394 2463.8071384766372 112.62658859633666 474.20425505412277 2615.1887789988687 384.54189187427983 3.5644519136694708 397.94538196029316 320.9300834308815 4092.3929941639653 440.27394834061852 688.54583205212839 774.50528080688673 148.24453660912695 137.84104518033564 287.54970158275682 13831.526930385749 2169.0503482663044 1268.5996827376948 1707.6747560370859 461.59535011593834 257.67738643646589 475.32301185818505 38.866983947678818 864.31062577050761 830.75306800819817 1444.8707723382104 417.64956053899368 4.7111964351497591 875.38067441544263 571.27348166180309
leaf_count=241032 2187035 151315 15357 181464 12423 629 23305 16463 351598 45395 62543 29370 2546 5884 76320 1808831 128742 270845 172072 22373 23767 179004 3517 83272 78800 270647 40790 5634 392363 11999
internal_value=-0.000653005 -0.00464645 -0.0170768 0.0193034 -0.0416529 0.0707079 -0.0148343 -0.0315238 -0.022323 0.0205525 0.00224983 0.0524486 0.148246 0.0561404 -0.000899083 -0.0037817 -0.0215034 0.0448965 -0.0404367 -0.0184943 0.0341346 -0.04511 -0.060011 -0.0692995 0.049957 0.0300657 -0.0170238 0.550798 -0.0661758 -0.0458635
internal_weight=45612.5 38561.4 13759.3 5547.5 8211.77 2213.44 3334.06 2936.12 5747.96 1655.57 24802.2 1463.05 760.29 286.086 23339.1 21957.9 8126.35 1381.23 5957.3 3385.32 1136.92 2248.39 1960.84 2571.99 1215.29 1453.15 675.327 8.27565 1921.98 1446.65
internal_count=6895335 6654303 3197180 521929 2675251 300697 221232 197927 488216 136618 3457123 91913 23787 8430 3365210 2943050 1134219 422160 1005477 750133 86930 663203 586883 255344 91223 276910 64557 6263 583366 404362
is_linear=0
shrinkage=0.15


Tree=44
num_leaves=31
num_cat=0
split_feature=21 23 23 32 32 28 1 17 29 8 27 29 32 16 13 29 29 20 23 29 27 10 33 32 32 27 13 13 29 25
split_gain=141.24 280.724 164.503 692.498 174.679 172.208 162.066 132.373 293.74 317.392 124.431 132.024 124.372 121.977 144.055 161.297 133.263 121.633 118.153 483.394 116.801 172.136 241.814 111.688 107.765 105.282 110.334 103.865 97.5478 131.917
threshold=1.0000000180025095e-35 1.5000000000000002 1.0000000180025095e-35 0.1507307514548302 0.54746860265731823 0.64583334326744091 1.0000000180025095e-35 25.500000000000004 0.27239832282066351 0.86263304948806774 1.0000000180025095e-35 0.18494269251823428 0.18303773552179339 0.014084815979003908 11.500000000000002 0.80346640944480907 0.26814900338649755 3.5000000000000004 1.5000000000000002 0.77486971020698558 3.5000000000000004 0.67900738120079052 0.89323708415031444 0.67489206790924083 0.28212855756282812 2.5000000000000004 2.5000000000000004 2.5000000000000004 0.8252890706062318 1.0000000180025095e-35
decision_type=2 2 2 2 2 2 2 2 2 8 2 2 2 2 10 2 2 2 2 2 2 10 2 2 2 2 8 10 2 2
left_child=1 2 4 -4 -1 25 7 18 9 -9 -11 -12 17 16 27 -16 23 -8 19 20 -2 -22 -23 -5 -3 26 -6 -15 -20 -30
right_child=6 24 3 13 5 -7 12 8 -10 10 11 -13 -14 14 15 -17 -18 -19 28 -21 21 22 -24 -25 -26 -27 -28 -29 29 -31
leaf_value=0.0010762749486114686 -0.0050267469347960612 -0.14507798086603704 -0.14328270118748782 -0.10995215443982859 -0.014447504097623668 0.12977002177301547 0.18765889549601078 0.26224180041567657 0.099167882979130248 0.010178696816973944 -0.18852238185262474 0.021647990135983435 0.13164559686241498 0.0062828209634171696 0.14332322330489614 0.013653946800893907 0.031119894214742864 -0.11124782534545809 0.00012297736883023745 0.12634916086073208 -0.079495078337271971 -0.080315173729258976 -1.5040472082765035 0.0073324162162558626 -0.048412243668183398 -0.21430352088748245 0.066304321724786799 -0.023453630383355597 -0.055448421601503692 0.075334448271498211
leaf_weight=12611.25973424215 3539.1835757336812 340.20850118157978 886.84178207667719 695.41984847918502 672.2926422705641 453.61561621609144 41.602992261643521 108.59715857103583 1011.7552233107563 4264.4896246600838 149.25911059757345 121.3939671755943 417.63900161394849 6020.1453402922634 304.28123108140426 737.57582210208056 332.82618667738279 108.10843494627625 2476.6945211507555 722.17036953405477 34.326229838421568 5.7664785268716496 4.2252208581194282 247.49023258726811 1091.9970078968327 39.319345235591754 875.86061689176131 4709.5108809200465 1929.9032013133692 189.80362299236003
leaf_count=747779 84833 1080619 3235899 669959 8328 29421 628 2954 65117 88813 4970 2627 113752 158408 8010 10803 38781 1657 51780 106319 2391 387 205 64762 121599 527 52814 94192 19313 27907
internal_value=-0.000722102 -0.00667762 -0.0034296 -0.0150975 0.0076666 0.0483658 0.0110976 0.0080291 0.0259725 0.0100071 0.0039107 -0.0945236 0.0896784 -0.00637424 -0.00159783 0.0516258 -0.0504115 -0.0274913 -0.00337199 0.0144812 -0.00809214 -0.247379 -0.764434 -0.0791927 -0.0714596 0.0250377 0.0312508 -0.00677021 -0.0200954 -0.0437078
internal_weight=45143.6 30018.6 28586.4 13934.1 14652.3 2041.09 15124.9 14557.6 5655.5 4643.74 4535.14 270.653 567.35 13047.2 11771.5 1041.86 1275.74 149.711 8902.07 4305.67 3583.5 44.3179 9.9917 942.91 1432.21 1587.47 1548.15 10729.7 4596.4 2119.71
internal_count=6895554 6321901 5119683 4280814 838869 91090 573653 457616 164481 99364 96410 7597 116037 1044915 271413 18813 773502 2285 293135 194135 87816 2983 592 734721 1202218 61669 61142 252600 99000 47220
is_linear=0
shrinkage=0.15


Tree=45
num_leaves=31
num_cat=0
split_feature=17 17 18 16 20 13 23 24 29 27 8 34 11 19 34 24 25 24 32 23 7 29 10 28 16 9 34 32 0 34
split_gain=126.241 147.793 336.103 180.058 174.241 161.828 137.871 151.651 377.268 158.995 132.523 127.601 122.899 117.882 110.975 107.416 112.151 110.51 105.196 208.803 123.062 172.228 140.936 102.172 99.1072 142.809 148.946 114.56 96.6035 179.478
threshold=352.50000000000006 22.500000000000004 0.016764035448431972 0.014286078978329899 23.500000000000004 11.500000000000002 2.5000000000000004 0.45000000298023229 0.79820960760116588 1.5000000000000002 0.7038446068763734 0.77525508403778087 0.17673762887716296 669.50000000000011 0.97700846195220958 0.45000000298023229 1.0000000180025095e-35 0.22500000149011615 0.70635864138603222 1.0000000180025095e-35 2.5000000000000004 0.77938890457153331 0.83150798082351696 0.46428571641445165 0.015151950065046551 0.9999997913837434 1.0000000180025095e-35 0.20212519168853763 1.0000000180025095e-35 0.99264705181121837
decision_type=2 2 2 2 2 10 2 2 2 2 10 2 8 2 2 2 2 2 2 2 2 2 8 2 2 8 2 2 2 2
left_child=1 2 4 11 6 14 7 18 9 -9 12 -3 -11 -14 -5 17 -17 -8 20 -20 22 23 -1 -22 -4 -26 -27 -28 29 -21
right_child=-2 3 24 5 -6 -7 15 8 -10 10 -12 -13 13 -15 -16 16 -18 -19 19 28 21 -23 -24 -25 25 26 27 -29 -30 -31
leaf_value=-0.038143343433965582 -0.050255941852846917 0.018813538996447977 -0.092382948322791078 0.033920882505060979 -0.10553957881494 0.18500805390879629 -0.088342789888637765 0.052200434467724974 0.11989401640695557 0.071634582619536702 0.026558748853472466 -0.026163657633771049 -0.079221207936313542 -0.28550442703709894 -0.022120880618433311 -0.15561263252908128 0.046263398819843177 0.065509810671600804 0.11098850879262354 0.016190750493402586 -0.083616356361153346 0.012168628267843909 0.027545717226370035 0.078726645008714319 -0.0052934464446895077 -0.022932016360006257 -0.13747431820758899 -0.051732511645400235 -0.035024684721129275 -0.05454088949596618
leaf_weight=1859.6243717628968 1110.922068840242 2614.8539948535763 554.52373417722993 6213.2837883973843 317.75874943478266 147.45042775050388 188.96478268850478 846.28493136307225 915.90852810407523 102.49737493344583 467.96196203434374 3101.5459007712343 466.84100817400031 71.269228137331083 910.96147844506777 295.80846832413226 77.744057778036222 233.98395821463782 308.86957348266151 3412.0217505148612 92.155237140977988 6132.4059009384946 1213.7126428996708 1415.0474477806856 3606.4708543846355 2298.7846602648497 558.51101887777622 944.95213599299314 3091.1987314785365 1056.195081399288
leaf_count=478737 1117256 630545 81306 436863 159957 2958 33899 18141 205725 8050 34832 1146414 20266 1073 39042 1670 6909 7367 20123 39560 50614 239580 86222 58635 80451 74341 1720165 43723 35443 15643
internal_value=-0.000347378 0.000927819 -0.00477383 0.0143293 0.0045758 0.0299868 0.00615317 0.00842947 0.0405094 0.00327303 -0.0340917 -0.00559004 -0.078369 -0.107021 0.0267528 -0.0550876 -0.113587 -0.0032746 0.00347127 -0.00969749 0.0131433 0.0233393 -0.0122011 0.0687516 -0.0312661 -0.0266798 -0.0469582 -0.0836543 -0.0146426 -0.000537225
internal_weight=44628.5 43517.6 30529.5 12988.1 22566.3 7271.7 22248.5 21452 2870.76 1954.85 1108.57 5716.4 640.608 538.11 7124.25 796.501 373.553 422.949 18581.2 7868.29 10712.9 7639.61 3073.34 1507.2 7963.24 7408.72 3802.25 1503.46 7559.42 4468.22
internal_count=6895510 5778254 3522432 2255822 1522446 478863 1362489 1312644 288087 82362 64221 1776959 29389 21339 475905 49845 8579 41266 1024557 110769 913788 348829 564959 109249 1999986 1918680 1838229 1763888 90646 55203
is_linear=0
shrinkage=0.15


Tree=46
num_leaves=31
num_cat=0
split_feature=37 33 29 28 33 29 27 8 10 28 27 33 32 10 21 24 10 9 10 33 33 29 10 33 19 9 27 10 33 33
split_gain=116.325 234.74 111.617 279.489 103.751 115.718 427.044 1021.02 578.033 284.26 503.725 457.692 194.422 191.074 182.504 174.539 238.781 173.268 139.572 137.774 199.84 127.507 117.435 320.54 110.799 107.691 105.174 330.583 120.93 168.692
threshold=1.0000000180025095e-35 0.97894504666328441 0.25091302394866949 0.41428571939468389 0.30839161574840551 0.55166909098625194 1.0000000180025095e-35 0.31328143179416662 0.53646206855773937 0.46428571641445165 1.5000000000000002 0.72046512365341198 0.4828466027975083 0.5087811052799226 1.5000000000000002 0.70833334326744091 0.74710392951965343 0.9999997913837434 0.5720152258872987 0.95505049824714672 0.90661337971687328 0.81147980690002453 0.41306616365909582 0.78153410553932201 594.50000000000011 0.29615391790866857 2.5000000000000004 0.5720152258872987 0.73746865987777721 0.97646731138229381
decision_type=2 2 2 2 2 2 2 10 10 2 2 2 2 8 2 2 8 8 8 2 2 2 8 2 2 10 2 10 2 2
left_child=4 2 -2 -4 -1 6 7 12 9 -8 11 -11 14 -12 -6 22 21 19 -9 20 -14 26 23 -7 -15 -18 -17 -28 -29 -30
right_child=1 -3 3 -5 5 15 8 18 -10 10 13 -13 17 24 -16 16 25 -19 -20 -21 -22 -23 -24 -25 -26 -27 27 28 29 -31
leaf_value=0.051188293240795012 -0.05345206142732932 0.091782878037620017 0.18906971528920086 -0.014442756454182762 -0.072857414559577893 -0.082590572176336127 -0.12680829913801397 -0.18326446407863564 0.13797559762964826 -0.13766837642440655 -0.15129701515864821 0.086437864632048486 0.00093081719607172994 0.025046639316732087 0.095856950480021547 0.012520998151609288 -0.018006012631686698 -0.076827722420139508 0.20301997314558856 -0.069829878156169964 0.073778989165472389 0.10807824326474888 -0.0038907641670318537 0.076561839530149584 -0.16099982039590768 0.12718781504577803 0.01089804500785509 0.13011796769480632 -0.5337312375860831 -0.082659905064735792
leaf_weight=784.85325974918669 625.51666478611878 898.31709056042018 191.91007631624234 712.4890867494978 1517.0809572319849 373.33811360299296 1385.4124196002012 21.080874337028945 315.79217847601831 270.28552334042615 789.61717742498149 839.07807340257568 5050.7488021893078 285.12286327233596 158.54916845075786 390.77709141257219 136.48528004786931 605.13615217403276 590.26727832462348 485.26068279205356 1017.0733300290885 167.6731798988767 24311.917027647782 1189.5359488915419 95.276901124423603 719.39247083186638 183.50759608484805 10.898185880854724 57.969859668286517 27.895847123349085
leaf_count=186903 99837 40719 21215 36043 831673 95988 1113182 6918 139467 124444 559769 161032 368186 65800 1448 21668 3766 4781 60845 28038 37911 33423 2494537 107072 25057 207306 14217 561 2900 1241
internal_value=-0.000944221 0.0309653 -0.00478139 0.0289029 -0.00279948 -0.0038343 -0.0152538 0.0021145 -0.0564559 -0.073243 -0.0406446 0.0317618 -0.0108682 -0.109266 -0.0568459 0.00172715 0.0483494 -9.90204e-05 0.189422 0.00699704 0.0131516 -0.00853652 -0.001328 0.0385151 -0.0218515 0.10404 -0.0377922 -0.107738 -0.330535 -0.389827
internal_weight=44208.3 2428.23 1529.92 904.399 41780 40995.2 13425.8 9445.2 3980.59 3664.79 2279.38 1109.36 8833.85 1170.02 1675.63 27569.4 1694.6 7158.22 611.348 6553.08 6067.82 838.722 25874.8 1562.87 380.4 855.878 671.049 280.271 96.7639 85.8657
internal_count=6895947 197814 157095 57258 6698133 6511230 3528551 1339800 2188751 2049284 936102 285476 1272037 650626 833121 2982679 285082 438916 67763 434135 406097 74010 2697597 203060 90857 211072 40587 18919 4702 4141
is_linear=0
shrinkage=0.15


Tree=47
num_leaves=31
num_cat=0
split_feature=13 23 32 24 0 31 22 32 0 34 0 34 32 30 8 34 8 34 10 33 34 30 9 22 0 32 24 23 0 13
split_gain=93.5609 95.3879 486.771 253.409 232.085 161.91 137.86 135.396 135.098 199.266 120.948 327.12 270.722 114.492 85.194 83.8976 83.3739 82.4828 82.3029 147.325 79.7127 124.657 108.406 76.5181 218.868 125.975 93.8553 104.832 103.139 78.6299
threshold=1.5000000000000002 1.0000000180025095e-35 0.091646198183298125 0.22500000149011615 1.0000000180025095e-35 0.61250001192092907 1.5000000000000002 0.80698642134666454 1.0000000180025095e-35 0.99264705181121837 1.0000000180025095e-35 0.6868872642517091 0.10702170059084894 2.5000000000000004 0.74092122912406932 0.88784068822860729 0.74355736374855053 0.95141619443893444 0.68283784389495861 0.84409722685813915 0.71834936738014232 1.5000000000000002 0.71312379837036144 1.5000000000000002 1.0000000180025095e-35 0.46597172319889074 0.55000001192092907 1.5000000000000002 1.0000000180025095e-35 4.5000000000000009
decision_type=8 2 2 2 2 2 2 2 2 2 2 2 2 2 10 2 10 2 10 2 2 2 10 2 2 2 2 2 2 8
left_child=-1 7 3 -3 -5 20 -6 10 9 15 11 13 16 -2 -14 -7 18 -17 19 -12 21 -4 23 24 25 -22 27 -25 -29 -26
right_child=1 2 5 4 6 8 -8 -9 -10 -11 12 -13 14 -15 -16 17 -18 -19 -20 -21 22 -23 -24 26 29 -27 -28 28 -30 -31
leaf_value=0.01523365410391754 -0.0028029839135672772 -0.1452251459657532 -0.035326825724102277 -0.18159348098460215 -0.048638007207524099 0.027809394180768523 0.12520899841915717 0.071118171398222074 -0.039915009836378378 -0.0513350304365656 -0.038428477886967266 -0.10338298471034753 0.068157765621721891 0.13538703123476936 0.17704573376326857 -0.024126624246967848 -0.006769897781759745 0.028435025492361085 0.12222175198857294 0.058093812905279839 -0.11773760457378826 0.065118418955029844 0.037221008130837091 0.043004857089617682 -0.02559181240545421 -0.0282919365905425 0.091420654376145508 0.050995637493745971 -0.042243440648904958 0.027616084086054201
leaf_weight=6806.0139872676227 6122.7643077118846 870.35743922476104 364.98999778900907 139.2902491010027 196.41421725170221 2627.8704480173183 213.01887631136924 678.443361171172 3752.4114944333269 1631.6582453270094 578.61098210570344 768.71981426050479 622.39388020575279 136.93567866482772 218.71626332389133 2238.4256152307207 3870.7996027241898 958.64710742549505 203.91157744944212 920.72377519094152 584.98462544689392 1158.1805313104269 1748.837789492507 974.74476414779929 985.26186483923811 898.2228350302903 317.10706717811991 348.18344895443443 1133.1729858147519 1704.7883934923011
leaf_count=241468 196927 4015476 151841 8073 5284 95711 8026 20707 126246 56233 94513 227972 125172 11370 9874 79948 83518 38029 4523 52958 279674 98858 60728 156204 25469 123514 10982 25361 70577 390517
internal_value=-0.000927119 -0.00390269 -0.00989298 -0.0949408 -0.0150631 -0.00425634 0.0418954 0.00578839 -0.0167051 -0.00502138 0.00248641 -0.0111056 0.0173772 0.000241169 0.0966488 0.00795839 0.00540011 -0.00836197 0.0330454 0.0208439 0.00939951 0.0410418 0.00385259 -0.00455237 -0.0173842 -0.0636253 0.0147569 0.0048257 -0.0203086 0.00812581
internal_weight=43774.6 36968.6 22846.6 1419.08 548.723 21427.5 409.433 14122 11209 7456.6 13443.6 7028.42 6415.16 6259.7 841.11 5824.94 5574.05 3197.07 1703.25 1499.33 10218.5 1523.17 8695.3 6946.47 4173.26 1483.21 2773.21 2456.1 1481.36 2690.05
internal_count=6895753 6654285 5826751 4036859 21383 1789892 13310 827534 396167 269921 806827 436269 370558 208297 135046 213688 235512 117977 151994 147471 1393725 250699 1143026 1082298 819174 403188 263124 252142 95938 415986
is_linear=0
shrinkage=0.15


Tree=48
num_leaves=31
num_cat=0
split_feature=15 20 33 28 10 33 29 17 17 20 16 12 29 10 29 14 9 13 13 33 33 10 32 32 20 28 33 33 29 23
split_gain=124.921 96.5832 194.079 111.902 140.233 130.552 101.344 91.5052 108.696 213.057 196.544 161.46 128.668 130.888 126.376 94.1968 90.2421 82.7518 84.4953 77.1602 72.0679 91.2027 89.187 88.9675 104.569 115.057 108.744 97.6317 75.6366 71.8697
threshold=34.500000000000007 1.0000000180025095e-35 0.54226192831993114 0.64583334326744091 0.39139841496944433 0.92637759447097789 0.57227855920791637 331.50000000000006 25.500000000000004 61.500000000000007 0.026397913694381717 11.500000000000002 0.28471513092517858 0.21642185002565387 0.4701161682605744 8.5000000000000018 0.26392841339111334 3.5000000000000004 10.500000000000002 0.78319624066352855 0.79516318440437328 0.70230659842491161 0.36245033144950872 0.24453146010637286 3.5000000000000004 0.30952382087707525 0.9529346525669099 0.90661337971687328 0.71229526400566112 1.5000000000000002
decision_type=10 2 2 2 10 2 2 2 2 2 2 8 2 10 2 8 10 8 10 2 2 10 2 2 2 2 2 2 2 2
left_child=1 2 -1 -4 5 -5 -6 8 9 10 17 -10 -12 14 -14 -13 -11 19 -19 -3 21 22 -17 -22 25 26 27 -25 -23 -15
right_child=-2 7 3 4 6 -7 -8 -9 11 16 12 15 13 29 -16 20 -18 18 -20 -21 23 28 -24 24 -26 -27 -28 -29 -30 -31
leaf_value=0.043217654957668557 0.029455096832352177 -0.036543131470957439 -0.041062646762306858 -0.015384438312745378 -0.12413823565017777 0.097372627633702857 -0.013702297010856486 -0.045154480646976386 0.16531144261952965 -0.13638884311401089 0.1365759694163777 0.22347835722649417 -0.1954798915415569 0.014568787358338747 -0.024430913265250761 -0.058613358326963724 0.086767683271220489 -0.058639877527625332 0.059345308538823902 0.017842944803866768 -0.0058049845347128018 0.3413458601082327 0.0021702356615877264 -0.0325485937113267 0.067137174401852726 0.086029350724604867 -0.10920663005946568 0.063007626472174061 0.046229802646556864 -0.014366977337583454
leaf_weight=1201.3441623330582 3032.3261276079575 1148.0163803431205 3760.6616526506477 428.22763508729258 192.77340687360993 500.11806533680647 5340.4717385036492 878.73432585675619 162.13020973053062 353.34919760923367 172.9738972787527 47.378268533444498 128.50623878228362 11264.730844978752 390.90246995275811 650.88871284431661 45.388970768137369 1885.3855924649106 146.44033190679329 1198.9891408439144 1312.3869259097628 19.32534505656804 3255.4159742271877 530.07487014247454 1627.2288946240151 364.99920827391907 205.18367870437214 438.85685452684993 531.22184561745962 2330.1024522507432
leaf_count=309621 328551 22118 944878 47308 92002 25330 377687 846012 27912 261497 8781 12809 9974 916485 15445 460155 9573 940680 3066 21945 395930 4460 277724 56714 100788 18893 21546 24340 53209 260416
internal_value=9.40364e-05 -0.0021043 -0.0137908 -0.0204942 -0.00851878 0.0453994 -0.0175715 0.00248551 0.00397104 -0.00247782 -0.00015736 0.0174138 0.00836405 0.00678322 -0.0670442 0.0147263 -0.110833 -0.0279565 -0.0501113 -0.00876374 0.0135946 8.97936e-05 -0.00797025 0.0270305 0.0406376 0.0125956 -0.0102867 0.0107519 0.0571891 0.00960862
internal_weight=43544.5 40512.2 11423.6 10222.3 6461.59 928.346 5533.25 29088.6 28209.9 19064.8 18666 9145.09 14287.2 14114.2 519.409 8982.96 398.738 4378.83 2031.83 2347.01 8935.58 4456.85 3906.3 4478.73 3166.34 1539.11 1174.12 968.932 550.547 13594.8
internal_count=6895849 6567298 1796826 1487205 542327 72638 469689 4770472 3924460 2469980 2198910 1454480 1211101 1202320 25419 1426568 271070 987809 943746 44063 1413759 795548 737879 618211 222281 121493 102600 81054 57669 1176901
is_linear=0
shrinkage=0.15


Tree=49
num_leaves=31
num_cat=0
split_feature=25 29 26 24 34 3 24 26 17 21 24 22 24 33 20 24 34 32 34 31 17 18 12 20 32 0 7 26 19 27
split_gain=91.897 222.487 145.767 119.745 188.183 110.596 95.9288 123.264 87.4238 90.8691 112.74 79.9895 245.675 75.2818 74.9676 73.0345 71.4481 104.944 75.7378 120.434 90.9894 173.497 150.2 134.088 91.7007 82.0761 70.9569 69.1139 66.572 64.98
threshold=1.0000000180025095e-35 0.77022564411163341 1.0000000180025095e-35 0.70833334326744091 0.83469945192337047 1.0000000180025095e-35 0.70833334326744091 1.0000000180025095e-35 371.50000000000006 1.5000000000000002 0.55000001192092907 2.5000000000000004 0.29166667163372045 0.36882591247558599 3.5000000000000004 0.45000000298023229 0.9759001135826112 0.89304080605506908 0.95401689410209667 0.89444443583488475 24.500000000000004 0.022063895128667358 16.500000000000004 24.500000000000004 0.79576316475868236 1.0000000180025095e-35 1.5000000000000002 1.0000000180025095e-35 501.50000000000006 1.0000000180025095e-35
decision_type=2 2 2 2 2 2 2 2 2 2 2 2 2 2 2 2 2 2 2 2 2 2 8 2 2 2 2 2 2 2
left_child=8 6 3 4 -3 -4 29 -8 9 11 15 16 -13 14 -9 -11 18 -18 20 25 21 23 28 24 -1 -20 -21 -17 -22 -2
right_child=1 2 5 -5 -6 -7 7 13 -10 10 -12 12 -14 -15 -16 27 17 -19 19 26 22 -23 -24 -25 -26 -27 -28 -29 -30 -31
leaf_value=0.0069460364742436947 0.095341470295734601 -0.084420396685080126 -0.0090595132671692728 0.13463234812299882 -0.9056926395448518 0.12754842908762665 0.15784245843249098 0.073445745805982482 -0.054107284896664477 0.093981637857059028 0.033760931888853575 0.0054530009158912174 0.23457398735531843 -0.007719588592988858 -0.070143311354656124 -0.0657629230195141 0.010162012957198988 -0.054249428744046355 -0.036553424622981799 0.0030464240483368665 0.034136674271871482 -0.037222166983767561 0.0065664687268456477 -0.10370650006241257 -0.017779670624277065 0.030403815231982836 0.11005271219234503 -0.19357005911462241 0.1569620123688408 -0.0015419905869037099
leaf_weight=12497.800687238538 421.40282899315935 18.782425613608215 166.93347709602676 16.687548469984904 8.6117042961996031 659.16584015940316 108.47823516069911 478.90416979417205 753.3889906219265 38.022567466134205 200.05241523170844 546.55483847094001 129.43833387026098 5900.5141191218281 97.793360869283788 218.85528869833797 967.9239687954323 1379.43822124906 678.92685768289812 197.05187751314952 183.43726750380301 3691.800195319156 6813.6318909011388 282.68904530833242 4622.2167032217258 1044.0023450028821 476.30354736046866 169.7506230645813 217.25085097428382 246.70395455940161
leaf_count=1186083 6016 941 4923 2487 326 238150 1582 5747 993825 423 4495 115856 2327 148184 1487 1546 251712 29647 242269 6006 22923 1355561 1753515 170138 71620 205005 5114 1081 55648 10967
internal_value=-0.000268734 0.0141069 0.0857316 -0.177322 -0.365403 0.0999659 0.00550406 6.1152e-06 -0.00359552 -0.00248628 -0.0590354 -0.00143387 0.0496065 -0.00266123 0.0490174 -0.102526 -0.00247922 -0.0276967 -0.000550543 0.0250493 -0.00271833 -0.00769152 0.0118222 -0.00142513 0.000269719 0.00401316 0.0787892 -0.121945 0.100957 0.0596176
internal_weight=43232.5 8123.98 870.181 44.0817 27.3941 826.099 7253.8 6585.69 35108.5 34355.1 626.681 33728.5 675.993 6477.21 576.698 426.628 33052.5 2347.36 30705.1 2396.28 28308.8 21094.5 7214.32 17402.7 17120 1722.93 673.355 388.606 400.688 668.107
internal_count=6895604 420810 246827 3754 1267 243073 173983 157000 6474794 5480969 7545 5473424 118183 155418 7234 3050 5355241 281359 5073882 458394 4615488 2783402 1832086 1427841 1257703 447274 11120 2627 78571 16983
is_linear=0
shrinkage=0.15


Tree=50
num_leaves=31
num_cat=0
split_feature=37 33 10 20 27 9 33 10 29 27 10 27 14 29 27 27 29 10 32 33 29 27 8 29 33 33 33 8 19 25
split_gain=77.724 166.771 84.9565 144.435 152.109 119.613 108.583 258.074 256.579 219.572 218.468 240.403 235.669 345.208 194.068 183.44 229.813 182.985 181.583 158.248 174.553 155.605 513.039 246.395 161.184 147.461 128.727 156.866 117.439 106.058
threshold=1.0000000180025095e-35 0.97894504666328441 0.83451512455940258 60.500000000000007 2.5000000000000004 0.25172781944274908 0.90353596210479747 0.58520174026489269 0.63431376218795787 1.5000000000000002 0.56566765904426586 2.5000000000000004 75.500000000000014 0.67375949025154125 1.5000000000000002 3.5000000000000004 0.77938890457153331 0.3167742788791657 0.39079697430133825 0.94174209237098705 0.46132382750511175 1.0000000180025095e-35 0.82217615842819225 0.40493978559970861 0.4236596822738648 0.69309264421463024 0.93582704663276683 0.96324434876441967 599.50000000000011 1.0000000180025095e-35
decision_type=2 2 10 2 2 10 2 10 2 2 8 2 8 2 2 2 2 10 2 2 2 2 8 2 2 2 2 10 2 2
left_child=2 -2 6 4 -4 -5 10 8 9 19 -1 12 13 18 -10 26 -17 -11 -12 -8 -21 22 -14 -23 28 -13 27 -9 -24 -6
right_child=1 -3 3 5 29 -7 7 15 14 17 11 25 21 -15 -16 16 -18 -19 -20 20 -22 23 24 -25 -26 -27 -28 -29 -30 -31
leaf_value=-0.050459748645032387 -0.0046590374442643193 0.0783937123293552 0.045865310465461571 -0.075672284058882669 -0.00071238709474598697 0.1051793080829333 0.053009868185702365 -0.037505887133042509 -0.098750781576730867 0.019210199297755578 0.053455105078008991 0.014845333805281729 0.18991586391315482 0.007309764949520639 0.063444981413755028 -0.12317127397209625 0.088839318982841267 -0.090745584955751593 0.18377943706194044 -0.034884497725476873 0.093970288447026387 -0.10841565676347725 0.016593017855803919 -0.0086457493391771129 -0.019799400343974802 -0.065930578811236012 -0.077071811426236717 0.14613539147083951 0.12907382176904819 0.095952206560804831
leaf_weight=2995.2543905300554 1499.7228643118287 852.54229627716995 2509.9414455352817 671.23538312651363 6826.6993025948323 92.874359919514973 1613.8416252975512 443.45419144845073 175.41932406455453 538.17688337299478 564.27663545840187 667.84502900855296 305.21467863899306 3114.2751302215765 2836.1508974685858 150.71865681264899 475.36524609440676 924.86765117305185 419.87583034415729 1382.8969391714854 284.32223980457638 860.00748471355473 1182.7089676340838 1577.6648470004366 5648.4246774075145 2126.0087798529421 1555.1648698463105 135.89418701655813 252.74977891829622 264.30603801168036
leaf_count=1709477 157157 40616 252597 349379 375496 15991 197221 43205 15101 62490 223572 75043 54307 268701 196962 6278 24334 272773 14088 231227 47454 490698 132579 357843 815097 190168 145053 6232 20143 106505
internal_value=-0.0010405 0.0254627 -0.00257678 0.00914156 0.0141386 -0.0535818 -0.00659478 0.00571347 0.0197325 -0.00200689 -0.0131604 -0.00647548 0.00158229 0.031794 0.0539677 -0.0336647 0.0376865 -0.0503132 0.109186 0.0195419 -0.0128669 -0.01102 -0.000176782 -0.0438745 -0.00839272 -0.0466234 -0.0546009 0.0057473 0.0364743 0.00290365
internal_weight=42947.9 2352.27 40595.6 10365.1 9600.95 764.11 30230.6 10516.3 7755.68 4744.11 19714.3 16719.1 13925.2 4098.43 3011.57 2760.6 626.084 1463.04 984.152 3281.06 1667.22 9826.77 7389.1 2437.67 7083.88 2793.85 2134.51 579.348 1435.46 7091.01
internal_count=6897787 197773 6700014 1099968 734598 365370 5600046 1248330 1023228 811165 4351716 2642239 2377028 506361 212063 225102 30612 335263 237660 475902 278681 1870667 1022126 848541 967819 265211 194490 49437 152722 482001
is_linear=0
shrinkage=0.15


Tree=51
num_leaves=31
num_cat=0
split_feature=24 23 33 28 8 37 28 10 27 29 32 28 33 13 9 29 33 0 22 23 13 10 17 21 32 32 32 29 10 33
split_gain=75.4704 165.61 105.48 107.825 135.896 98.9008 94.0705 200.461 295.832 222.338 156.147 136.057 163.423 200.219 132.176 106.784 104.866 99.585 126.145 126.013 133.312 96.4695 86.3681 115.597 103.509 84.0977 82.5915 81.9048 130.102 224.675
threshold=0.22500000149011615 1.5000000000000002 0.97849214076995861 0.93750000000000011 0.9217338263988496 1.0000000180025095e-35 0.64583334326744091 0.58179390430450451 1.5000000000000002 0.58663156628608715 0.50943702459335338 0.46428571641445165 0.77232852578163158 14.500000000000002 0.95460480451583873 0.57967036962509166 0.69905659556388866 1.0000000180025095e-35 1.5000000000000002 1.0000000180025095e-35 2.5000000000000004 0.48019969463348394 152.50000000000003 1.5000000000000002 0.47688487172126776 0.24453146010637286 0.72389507293701183 0.5555151402950288 0.44812059402465826 0.84877073764801036
decision_type=2 2 2 2 10 2 2 10 2 2 2 2 2 10 8 2 2 2 2 2 10 10 2 2 2 2 2 2 8 2
left_child=1 6 22 4 5 -4 7 8 10 -9 11 -1 -13 15 17 21 -11 26 19 20 -19 -14 -2 24 -24 -3 -12 -8 29 -29
right_child=2 25 3 -5 -6 -7 27 9 -10 16 14 12 13 -15 -16 -17 -18 18 -20 -21 -22 -23 23 -25 -26 -27 -28 28 -30 -31
leaf_value=-0.083647808886183769 -0.00055067326014129284 -0.14220561084580319 0.0054743349365511023 0.093756456296674576 -0.1685968561494289 0.10603097175200621 -0.067254627348534421 0.16373989464629671 -0.099216058049872491 0.047049371877120251 -0.061672521465570868 -0.097220478543426914 0.083380452157328699 0.61606997348027437 0.24652322042018948 -0.037043156092754402 -0.083057431081484431 0.031156627878669223 -0.097636787218256069 0.012402337863055836 0.18979652532161409 0.4816572467427791 -0.019400384178726738 0.20452001922580196 0.083387851983958497 -0.040162159291468894 4.0476038306252693e-06 -0.049956842344291583 0.00083007988404124858 0.086868451510149727
leaf_weight=1046.6617443409341 11107.681740477739 217.6639784427025 917.95730379770976 600.50419774721377 82.21971629827749 288.51667351764627 366.90170981732081 269.78438126610126 1036.4747489464498 385.20876940043672 688.73098095695605 243.54943868571718 209.71385862755415 12.865260200822375 49.09637289668899 220.08704135634616 217.09922027205903 247.68112626904622 153.09454621479381 899.6203330338758 229.5892833234393 13.720688168934428 466.26717492152238 92.591031735413708 416.57334942900343 1085.6005977113236 1674.5305830643338 372.28346171206067 18058.108273456615 976.83790986951499
leaf_count=1722503 314750 1075906 30494 141365 1287 24260 205667 78172 600033 41606 190318 189609 116922 628 1791 42512 19264 2866 23200 73700 8782 7116 37407 1976 16104 132354 64190 72030 1606885 51989
internal_value=-0.000675329 -0.00508 0.00836395 0.0413146 0.016824 0.0295894 -0.00259157 -0.0167771 -0.0255523 0.0508472 -0.0121163 -0.0494381 0.00176441 0.0546845 0.00442692 0.037051 9.30189e-05 0.00131141 0.0311157 0.0454919 0.107707 0.109875 0.00320912 0.0459803 0.0291403 -0.0573009 -0.017989 0.00285928 0.00418821 0.0491031
internal_weight=42647.2 28674.9 13972.3 1889.2 1288.69 1206.47 27371.6 7597.51 6725.42 872.092 5688.94 1746.6 699.936 456.387 3942.34 443.522 602.308 3893.25 1529.99 1376.89 477.27 223.435 12083.1 975.432 882.841 1303.26 2363.26 19774.1 19407.2 1349.12
internal_count=6895686 6328043 567643 197406 56041 54754 5119783 3183212 3044170 139042 2444137 2079290 356787 167178 364847 166550 60870 363056 108548 85348 11648 124038 370237 55487 53511 1208260 254508 1936571 1730904 124019
is_linear=0
shrinkage=0.15


Tree=52
num_leaves=31
num_cat=0
split_feature=15 29 18 20 10 28 32 33 7 29 8 33 27 16 19 29 28 16 21 31 19 6 24 29 13 32 8 13 28 29
split_gain=68.3841 68.247 65.6806 146.719 152.441 127.689 219.073 211.377 116.467 153.823 310.511 168.237 131.644 533.656 143.017 137.825 122.394 116.105 134.204 118.456 111.502 106.776 103.846 102.725 213.638 104.415 258.852 102.246 90.6834 81.0479
threshold=32.500000000000007 0.71560639142990123 0.044462749734520919 32.500000000000007 0.83767697215080272 0.77500000596046459 0.15274566411972049 0.90353596210479747 2.5000000000000004 0.78422570228576671 0.67240571975708019 0.68469786643981945 1.0000000180025095e-35 0.016393851488828663 597.50000000000011 0.59207913279533397 0.64583334326744091 0.014084815979003908 1.5000000000000002 0.70714285969734203 578.50000000000011 1.0000000180025095e-35 0.87500000000000011 0.40899467468261724 15.500000000000002 0.28802660107612615 0.79480665922164928 3.5000000000000004 0.64583334326744091 0.66800111532211315
decision_type=10 2 2 2 10 2 2 2 2 2 10 2 2 2 2 2 2 2 2 2 2 2 2 2 10 2 8 8 2 2
left_child=2 -2 3 4 8 6 -6 -8 12 10 -10 -12 13 27 -14 -16 29 18 23 -19 -18 22 -11 25 -25 -4 -27 -1 -26 -13
right_child=1 -3 17 -5 5 -7 7 -9 9 21 11 16 14 -15 15 -17 20 19 -20 -21 -22 -23 -24 24 28 26 -28 -29 -30 -31
leaf_value=-0.0093741296007754226 0.053996978861832343 0.0060801607454548509 -0.090774931978057249 -0.087444571932756135 0.0031979395663022858 0.0032650261004977736 0.15358915008430865 -0.12761802597790192 -0.020778975013411624 -0.029583352765593245 0.13766281232491057 0.022461612939630768 -0.029992361509120977 0.1716920866302277 -0.14849242775252031 0.0055624050848831355 0.093579134045875395 0.038519973229505559 0.09701179582330921 -0.0012023028397366306 0.0056468487085543874 0.08124475893093 0.093520421743327767 -0.0034461533795144277 0.29009335822274063 0.31041462525662555 -0.024954001146497897 -0.085143311831260685 0.081520117593620975 -0.10635184320622221
leaf_weight=2370.0885673777666 952.94801868840295 2238.356106312327 537.80821145926166 495.80616490104876 837.28400622987829 6353.5503277879543 531.92597164685139 67.03277761299978 2244.0010489343476 4251.3876303757279 469.86490183856222 266.40383768379252 5125.1915672847317 358.7061920299675 461.51401357192663 182.01649632026238 834.10735534009291 3592.2241207769985 257.08328404719941 3187.581870152324 530.85420200584485 222.11369144274795 159.02647008874919 2131.6031991531636 72.683416194071469 51.757623648882145 2812.2085846492846 481.34482156671584 132.37396202332457 185.74910605190962
leaf_count=43108 230135 119216 1028476 373054 68837 401020 31420 1459 167685 128643 28345 12381 1470451 18163 363215 25675 27323 394117 3009 75083 12650 10126 46168 787249 1936 2616 954640 59043 1980 8142
internal_value=-0.000710546 0.0204009 -0.00242958 -0.00669827 -0.00515114 0.012399 0.0527748 0.121957 -0.0126869 -0.000789832 0.0188591 0.0577443 -0.0248272 -0.000478528 -0.0383742 -0.104978 0.0370148 0.00640078 -0.00880491 0.0198468 0.0594101 -0.0200079 -0.0251244 -0.0135616 0.010651 -0.0301913 -0.018787 -0.0221899 0.156499 -0.0305742
internal_weight=42394.6 3191.3 39203.3 26428 25932.2 7789.79 1436.24 598.959 18142.4 9163.51 4530.98 2286.98 8978.86 3210.14 5768.72 643.531 1817.11 12775.3 5995.52 6779.81 1364.96 4632.53 4410.41 5738.43 2336.66 3401.77 2863.97 2851.43 205.057 452.153
internal_count=6895365 349351 6546014 3296908 2923854 502736 101716 32879 2421118 441463 256526 88841 1979655 120314 1859341 388890 60496 3249106 2779906 469200 39973 184937 174811 2776897 791165 1985732 957256 102151 3916 20523
is_linear=0
shrinkage=0.15


Tree=53
num_leaves=31
num_cat=0
split_feature=37 29 29 13 8 33 33 20 33 26 33 10 29 13 23 27 8 8 29 29 10 8 27 8 27 10 29 10 29 10
split_gain=68.9289 170.623 179.271 201.518 88.2991 83.1031 72.0071 105.994 71.9117 79.1498 69.7331 361.854 272.762 321.329 175.159 174.864 183.015 155.739 132.867 123.127 308.728 194.555 104.183 93.0564 86.1489 85.3054 145.18 106.777 281.949 215.191
threshold=1.0000000180025095e-35 0.23366826027631762 0.55755880475044262 14.500000000000002 0.46921965479850775 0.97894504666328441 0.3364779949188233 5.5000000000000009 0.90081965923309337 1.0000000180025095e-35 0.78319624066352855 0.6175350844860078 0.91459476947784435 95.500000000000014 1.0000000180025095e-35 1.0000000180025095e-35 0.32900610566139227 0.97994947433471691 0.18494269251823428 0.71560639142990123 0.76007574796676647 0.95214784145355236 1.5000000000000002 0.9324968457221986 1.5000000000000002 0.39850039780139929 0.51910662651062023 0.85817676782608043 0.97357577085495006 0.73840305209159862
decision_type=2 2 2 8 10 2 2 2 2 2 2 10 2 8 2 2 10 10 2 2 10 8 2 10 2 8 2 8 2 10
left_child=6 -2 3 -3 -5 -4 7 -1 9 -6 11 15 13 19 -14 16 -8 -16 -17 24 21 -21 -22 -20 -13 26 -12 28 29 -27
right_child=1 2 5 4 8 -7 10 -9 -10 -11 25 12 14 -15 17 18 -18 -19 23 20 22 -23 -24 -25 -26 27 -28 -29 -30 -31
leaf_value=0.062426585082169986 -0.036116701557933652 0.067117683463103719 -0.021956785799396184 0.16358103726070397 0.83195219372196483 0.061341536870108619 -0.01999733992640141 -0.058950861961725526 0.28790170214891719 0.1804336209624281 -0.059840342035841917 -0.052466768944185373 0.039243586376800914 0.011048014462889307 -0.046254555074431172 -0.1942792993239488 0.15037384469758791 0.1432321307749507 -0.057041673423490903 -0.084146337665897186 -0.1544095115591167 0.21154429802580321 0.19580189722011232 0.16158820646938735 0.20765543224885372 -0.010767730140102294 0.057847608244305501 0.0078206181363165549 0.04114527313549849 -0.069488992314124753
leaf_weight=803.80746094066126 704.60458677946735 361.05904191185255 559.5660116450963 74.211754294774437 13.841706799779788 518.13438136898912 4428.9184440763383 201.79043482031557 44.867274162439571 6.7839414924383155 288.71484856948155 30.881314040045254 971.63993939546344 1716.292775383663 2070.9744980092728 158.82711260631913 145.56695220790425 101.46044892817736 2798.1317768877489 261.22083606667002 19.57133816392161 60.89555593545083 328.82440167415189 43.56205402676278 340.12691793084377 5548.7119974784582 1270.1013863626213 14515.082840986186 1758.7624003374076 1879.112390262846
leaf_count=213300 104177 9222 26434 23192 4227 28562 788007 36579 2173 50 299273 931 14268 309366 163898 59042 33388 7184 1499181 5376 546 1999 19774 6545 15646 937538 130846 1885832 108855 160291
internal_value=-0.00011584 0.025224 0.0526111 0.126675 0.279028 0.0181109 -0.0015721 0.0380358 0.405417 0.635915 -0.00260125 -0.0113139 0.0165303 0.0509528 -0.0136699 -0.0330074 -0.0145442 -0.037343 -0.0611415 0.116637 0.0780813 -0.0277648 0.175743 -0.0536345 0.185921 0.00204736 0.0360257 -0.000188767 -0.0128433 -0.0256306
internal_weight=42026 2283.07 1578.46 500.764 139.705 1077.7 39743 1005.6 65.4929 20.6256 38737.4 13476.9 5901.89 2757.81 3144.07 7575.01 4574.49 2172.43 3000.52 1041.52 670.512 322.116 348.396 2841.69 371.008 25260.5 1558.82 23701.7 9186.59 7427.82
internal_count=6895702 198037 93860 38864 29642 54996 6697665 249879 6450 4277 6447786 2925151 538988 353638 185350 2386163 821395 171082 1564768 44272 27695 7375 20320 1505726 16577 3522635 430119 3092516 1206684 1097829
is_linear=0
shrinkage=0.15


Tree=54
num_leaves=31
num_cat=0
split_feature=17 17 12 14 24 29 2 27 32 23 32 9 9 9 9 16 31 32 19 11 18 23 29 8 11 32 8 11 9 28
split_gain=67.5448 183.296 126.588 106.557 90.045 167.593 154.019 126.527 99.2772 93.33 236.649 85.8592 82.4396 76.216 73.5832 138.046 70.5927 68.461 86.6299 90.2864 81.9684 77.3133 77.1914 69.9026 101.224 87.2218 92.7806 86.3574 76.3724 65.4892
threshold=21.500000000000004 9.5000000000000018 5.5000000000000009 13.500000000000002 0.22500000149011615 0.22700710594654086 1.0000000180025095e-35 1.0000000180025095e-35 0.22252079099416736 1.0000000180025095e-35 0.24453146010637286 0.24476983398199084 0.89058512449264537 0.77382215857505809 0.94299551844596874 0.015871291048824791 0.61250001192092907 0.65302383899688732 522.50000000000011 0.25297901034355169 0.0035304528428241615 1.0000000180025095e-35 0.7461756467819215 0.82883000373840343 0.15310768038034442 0.094107899814844145 0.97994947433471691 0.42841596901416784 0.31834858655929571 0.30952382087707525
decision_type=2 2 8 8 2 2 2 2 2 2 2 10 10 10 10 2 2 2 2 10 2 2 2 8 10 2 10 8 10 2
left_child=1 13 -2 -4 9 6 7 14 11 -5 -11 -7 -12 17 -6 -16 -15 18 19 22 21 -19 -1 24 -20 27 -27 -25 -26 -9
right_child=2 -3 3 4 5 8 -8 29 -10 10 12 -13 -14 16 15 -17 -18 20 23 -21 -22 -23 -24 25 28 26 -28 -29 -30 -31
leaf_value=-0.070477162479613262 0.16696605448156607 -0.026905312937178221 0.090391672699275435 0.0082310541232451066 0.015923336105975575 -0.083905550362882386 0.2144027745699344 -0.21461385802608737 0.093775033249795678 -0.1410711643070908 -0.016454991872823226 0.19161554781298887 0.11623260377910026 0.062410817335372328 -0.14833764083325721 0.0060661006243927203 0.010884326597276233 0.13819254387647734 0.0081155396651904684 0.075787840850285393 0.00012138694780262063 -0.035895351732468016 -0.010116354520653072 -0.034649188030586496 0.1074998190699611 0.013496235345715884 0.098277461531092708 0.013574229049512778 0.018554183981224142 -0.039584342206582974
leaf_weight=586.48894713401751 110.47250171135602 6618.7661244679839 331.023739686927 4189.9766510585032 3862.7580533441505 135.64252677571494 77.866263286268804 83.29537393283681 860.87183569651097 354.86577326137194 2785.2043076866685 30.293799976119772 108.50407465454191 731.68848689796869 183.8387359380722 441.16442854329944 3264.0159587985254 57.55670910741901 1174.2999367573357 229.5558710680707 3974.2905739512644 2992.7413840927766 2530.2894858699365 1570.5215483796201 582.49689884535474 1238.8853911246697 378.53307492416934 1783.2573731534285 346.77889753595809 113.34481614880497
leaf_count=140644 19286 1846564 116038 466089 82480 3859 3288 3270 71165 1844455 838961 561 1153 51395 1112 6045 180535 6941 293886 10600 77620 72996 366300 92081 92265 40444 25336 128167 8860 2801
internal_value=-0.000875074 -0.00508707 0.0077711 0.0064618 0.00435477 0.018382 0.00652483 0.00302437 0.0733146 -0.00656293 -0.0256407 -0.0327591 -0.0114412 0.00164897 0.00819549 -0.0395147 0.020333 -0.00263129 0.00508337 -0.0147994 -0.0140752 -0.0325662 -0.0214935 0.0144886 0.0374027 0.00478688 0.0333865 -0.00901163 0.0743635 -0.114436
internal_weight=41729.3 28060.2 13669.1 13558.7 13227.6 5789.08 4762.27 4684.4 1026.81 7438.55 3248.57 165.936 2893.71 21441.4 4487.76 625.003 3995.7 17445.7 10421.1 3346.33 7024.59 3050.3 3116.78 7074.77 2103.58 4971.2 1617.42 3353.78 929.276 196.64
internal_count=6895197 3434634 3460563 3441277 3325239 174581 98996 95708 75585 3150658 2684569 4420 840114 1588070 89637 7157 231930 1356140 1198583 517544 157557 79937 506944 681039 395011 286028 65780 220248 101125 6071
is_linear=0
shrinkage=0.15


Tree=55
num_leaves=31
num_cat=0
split_feature=15 24 23 17 13 10 32 32 9 23 32 32 28 16 31 32 31 31 17 14 31 29 10 33 10 29 28 29 32 27
split_gain=54.795 51.1823 124.211 65.9627 77.5157 67.9427 77.7265 65.0045 62.3942 66.6671 376.997 65.2811 134.588 125.568 97.0349 71.9364 76.0381 65.1249 64.8055 63.2659 95.5296 96.1591 189.749 111.49 114.878 86.2135 65.5335 84.7997 94.321 63.1003
threshold=47.500000000000007 0.22500000149011615 1.5000000000000002 162.50000000000003 47.500000000000007 0.99999991059303295 0.25918672978878027 0.17199121415615085 0.94299551844596874 1.0000000180025095e-35 0.14688071608543399 0.69793134927749645 0.64583334326744091 0.015385021921247246 0.64583334326744091 0.53363570570945751 0.43650794029235845 0.58571431040763866 23.500000000000004 96.500000000000014 0.23611111193895343 0.89295819401741039 0.86251240968704235 0.65419578552246105 0.55914703011512767 0.77022564411163341 0.64583334326744091 0.58121514320373546 0.6253105401992799 1.0000000180025095e-35
decision_type=10 2 2 2 8 10 2 2 10 2 2 2 2 2 2 2 2 2 2 8 2 2 10 2 10 2 2 2 2 2
left_child=1 2 8 5 -5 -3 -7 -4 9 11 -11 14 13 18 15 16 -1 -17 -13 20 -12 22 23 24 -22 26 27 28 -21 -30
right_child=-2 3 7 4 -6 6 -8 -9 -10 10 19 12 -14 -15 -16 17 -18 -19 -20 25 21 -23 -24 -25 -26 -27 -28 -29 29 -31
leaf_value=0.0014562465433081767 0.024520427804346077 0.0012209489681807575 -0.14508171556069946 0.082237997368791158 -0.0036803905262708246 -0.022403979112018215 0.12091600767580894 -0.039564444870844109 0.10740343069971657 -0.14025273455356632 0.19258094051630387 -0.054540723915981838 0.14484940321361905 -0.028399075973970168 -0.11301688037860456 0.10326554964481947 -0.077855452167216607 -0.014518169603395682 0.10012839780525566 -0.065143626719979239 -0.045516532677676212 -0.016658918549279669 0.14997733661019189 -5.0957055175278212e-05 0.14577727501746068 -0.10110600684521401 0.032224945156250968 -0.14194822272849272 0.018494348158440175 -0.0450606058989357
leaf_weight=11071.53464641012 1909.2263977498951 11838.495827960491 150.58435749954879 530.93225887211156 424.91484442085493 135.90932131942827 225.7045144176227 998.45722336813196 113.44447922281688 491.4545618449265 57.138511362347344 72.071550453081727 211.43525720346952 638.58227155779605 166.81256556123844 288.43746975314571 277.83048995964054 165.96568512669182 375.21901665261248 715.44247627652658 99.257478783518309 4044.3140270802978 224.07989010300662 3394.9577720771122 240.60326166445157 292.98606125605875 523.50242449852522 133.47743909522251 1193.8056440943037 496.9926234351442
leaf_count=653917 214440 376788 1021483 22305 34176 2751 102271 147450 1839 3114422 22578 2235 21949 7944 19594 20440 66079 15411 9621 678127 18215 70905 2765 87892 6674 3623 6000 3018 126254 15280
internal_value=-0.000293098 -0.00149019 -0.00529446 0.00615475 0.0440797 0.00318006 0.0671372 -0.0535068 -0.00310186 -0.00360406 -0.0117513 0.00370849 0.0356559 0.0142807 0.000243501 0.00185355 -0.000491978 0.0603089 0.0751406 -0.00620784 0.000998163 -0.000393522 0.0162228 0.00815988 0.0899396 -0.0235091 -0.0160567 -0.0260175 -0.0195304 -0.000202564
internal_weight=41503.6 39594.3 26438.4 13156 955.847 12200.1 361.614 1149.04 25289.3 25175.9 11908 13267.9 1297.31 1085.87 11970.6 11803.8 11349.4 454.403 447.291 11416.6 8060.35 8003.21 3958.9 3734.82 339.861 3356.21 3063.22 2539.72 2406.24 1690.8
internal_count=6896446 6682006 6143715 538291 56481 481810 105022 1168933 4974782 4972943 4155753 817190 41749 19800 775441 755847 719996 35851 11856 1041331 209029 186451 115546 112781 24889 832302 828679 822679 819661 141534
is_linear=0
shrinkage=0.15


Tree=56
num_leaves=31
num_cat=0
split_feature=13 34 32 24 30 34 35 8 14 27 29 20 17 32 21 31 32 10 9 17 29 29 10 22 11 18 16 8 31 37
split_gain=50.9419 62.4249 137.779 139.098 98.8699 121.499 117.004 121.275 101.574 126.995 84.8157 114.491 229.731 84.7743 85.2901 81.2842 100.539 79.8493 78.3605 70.8848 74.2881 69.9242 86.1016 69.1451 61.845 61.8344 64.7559 56.2694 100.492 56.1233
threshold=1.5000000000000002 0.79205974936485302 0.091646198183298125 0.29166667163372045 1.5000000000000002 0.63196593523025524 1.0000000180025095e-35 0.74355736374855053 8.5000000000000018 1.5000000000000002 0.97357577085495006 1.5000000000000002 1.0000000180025095e-35 0.099169436842203154 1.5000000000000002 0.52777779102325451 0.56181430816650402 0.83150798082351696 0.70441865921020519 24.500000000000004 0.60255271196365368 0.60037919878959667 0.35164035856723791 1.5000000000000002 0.15347619354724887 0.0016090114950202408 0.057562896981835372 0.45469447970390325 0.31666667759418493 1.0000000180025095e-35
decision_type=8 2 2 2 2 2 2 10 10 2 2 2 2 2 2 2 2 8 10 2 2 2 10 2 10 2 2 10 2 2
left_child=25 4 3 -3 6 -6 13 8 9 21 -9 17 -13 14 -2 18 -17 -12 -4 24 -21 22 29 -5 -11 26 -1 -15 -29 -8
right_child=1 2 15 23 5 -7 7 10 -10 19 11 12 -14 27 -16 16 -18 -19 -20 20 -22 -23 -24 -25 -26 -27 -28 28 -30 -31
leaf_value=-0.06410927719391625 -0.10915633879781823 -0.13406091455879274 0.00047350689450778013 -0.061523731189948402 0.082699809935711688 0.013063294365286271 -0.061888922099193111 -0.025339160916491865 0.0013669131533547386 0.026647606201963856 -0.017492487717902433 -0.18104934141031356 0.001161482671205186 -0.05796282353494505 0.14032886722148891 -0.097935777717507957 -0.010820280950486117 0.074205295843183444 0.04608597777104316 0.27674527982836572 0.1010234186628494 -0.10622737968412684 0.19660475657004223 0.092420360449537706 0.11523009689157178 0.018153670569779276 0.018320092176636136 0.080279703640361605 -0.079248270310463706 0.15465162242722308
leaf_weight=451.75650736870011 479.17072360060411 382.3105004694371 4631.9257966289588 145.5007994119369 651.25348409551952 4159.1325248823487 143.48831276013516 3506.6376305614831 1696.213099913206 555.72168127482291 295.35353427566588 162.58375598862767 3225.0885882377625 343.01298164780746 32.106036203447729 305.34791619272437 11069.36672555744 768.42734241485596 1036.2184575515275 67.418932718923315 272.64127020165324 137.81102846562862 51.875132371322252 117.95650905524963 260.05298536422197 5557.7099582301453 406.71554879925679 255.99628333139844 134.84997129299882 32.115099801681936
leaf_count=14874 1857428 2464273 927586 5084 65731 281285 31152 40005 73872 19696 1998 1201 28199 195048 586 51945 435265 4599 38832 3663 2112 1644 3839 4106 2418 176128 50377 104334 7908 773
internal_value=8.23957e-05 -0.00217489 -0.00843422 -0.0763894 0.00425081 0.0225063 -0.00282063 0.00204051 0.0266113 0.0547421 -0.00789521 0.0058489 -0.00763417 -0.0464172 -0.0932464 -0.00585501 -0.0131673 0.0487533 0.00881878 0.079091 0.136571 -0.0223074 0.0287755 0.00748978 0.0549925 0.0123659 -0.0250811 -0.0137091 0.0251775 -0.0216356
internal_weight=41335.8 34919.6 17688.6 645.768 17231 4810.39 12420.6 11175.4 3217.34 1521.12 7958.09 4451.45 3387.67 1245.14 511.277 17042.9 11374.7 1063.78 5668.14 1155.83 340.06 365.29 227.479 263.457 815.775 6416.18 858.472 733.859 390.846 175.603
internal_count=6895961 6654582 3927091 2473463 2727491 347016 2380475 215171 139169 65297 76002 35997 29400 2165304 1858014 1453628 487210 6597 966418 27889 5775 37408 35764 9190 22114 241379 65251 307290 112242 31925
is_linear=0
shrinkage=0.15


Tree=57
num_leaves=31
num_cat=0
split_feature=30 9 30 34 30 34 0 32 0 24 8 10 33 29 34 15 20 16 23 12 12 14 0 34 33 33 28 20 17 14
split_gain=53.7538 54.7176 102.07 75.4683 121.329 120.006 105.915 95.0289 123.188 110.282 85.7526 113.329 114.591 84.2114 80.2717 70.9274 68.1034 65.2622 84.5704 65.2218 62.0143 54.2068 52.6236 70.565 51.0453 49.3507 94.465 72.5661 109.462 52.3892
threshold=4.5000000000000009 0.70857754349708568 2.5000000000000004 0.80576285719871532 1.5000000000000002 1.0000000180025095e-35 1.0000000180025095e-35 0.088827673345804228 1.0000000180025095e-35 0.18333333730697635 0.79187726974487316 0.69455742835998546 0.94312667846679699 0.83415070176124584 0.62593284249305736 3.5000000000000004 60.500000000000007 0.014706237707287075 1.0000000180025095e-35 3.5000000000000004 7.5000000000000009 5.5000000000000009 1.0000000180025095e-35 0.98507130146026622 0.50384616851806652 0.94665718078613292 0.84523808956146251 1.5000000000000002 1.0000000180025095e-35 2.5000000000000004
decision_type=2 10 2 2 2 2 2 2 2 2 10 10 2 2 2 10 2 2 2 8 10 10 2 2 2 2 2 2 2 8
left_child=1 3 -3 4 5 10 -7 8 -5 -10 11 12 20 -12 -6 16 25 18 -4 -8 -1 -14 23 -2 -19 -15 -27 -28 -29 -30
right_child=22 2 17 7 14 6 19 -9 9 -11 13 -13 21 15 -16 -17 -18 24 -20 -21 -22 -23 -24 -25 -26 26 27 28 29 -31
leaf_value=0.01520554067167445 0.013073584973830035 0.043113248064960495 0.11442889776113468 -0.15973402688494218 0.075028607327547181 -0.11182223624850313 0.048545179465525591 -0.0083332164396251775 -0.11147650310339199 0.058610894105642283 -0.038045757987239498 0.083419333113290542 0.08615302932705271 0.037925051101708365 0.017354890659244011 -0.026795323787410882 -0.037413866378941257 0.042091394935932051 -0.071865978597705812 -0.042334495460458726 -0.035687788249297789 0.021323996872306756 -0.046291653811453178 -0.041722602528938529 0.0030467396994993431 -0.12825025862743802 0.07597328271141153 -0.13937445315276978 -0.010697587154325955 0.053859596129947805
leaf_weight=1028.6312480406377 1542.826629825242 1831.7134571105853 61.767858935403638 217.51753840591846 629.24189321040467 388.66211311794541 240.38289679441732 10190.43135121281 151.52966148911582 195.01516461948631 1620.3703511438798 538.90655611082911 466.16561306244694 1633.2597438897938 3931.0677764454376 1525.7879875190556 560.12267903611064 846.04027676131227 436.69053842910216 672.87135157037483 1129.0694681212772 768.58137848426122 1034.9317075899016 803.25828708529298 6815.3927595536807 115.99480064772069 315.66305263526738 120.82574195414782 917.0650829449296 407.81164539791644
leaf_count=51433 47537 75871 1416 1183296 61440 1077978 128417 1177516 1120199 6384 20627 5178 8547 11212 294944 9218 7653 16228 8780 1151240 70761 15133 37200 29567 263239 1140 2043 746 5520 6046
internal_value=-1.66454e-05 0.0016061 0.0111245 -0.00181949 0.00439862 -0.00326875 -0.0463444 -0.0116542 -0.0715311 -0.015868 0.00176543 0.0195871 0.00942543 -0.00794416 0.0253275 0.000776433 0.0111149 0.00393931 -0.0485978 -0.0183866 -0.0114298 0.0458494 -0.0181334 -0.00569745 0.00736331 0.0188661 0.00227394 0.0109375 -0.00330548 0.00919946
internal_weight=41137.6 37756.6 9991.6 27765 17010.5 12450.2 1301.92 10754.5 564.062 346.545 11148.3 3931.35 3392.45 7216.9 4560.31 5596.53 4070.74 8159.89 498.458 913.254 2157.7 1234.75 3381.02 2346.08 7661.43 3510.62 1877.36 1761.37 1445.7 1324.88
internal_count=6896509 6782205 365534 6416671 2929276 2572892 2357635 3487395 2309879 1126583 215257 151052 145874 64205 356384 43578 34360 289663 10196 1279657 122194 23680 114304 77104 279467 26707 15495 14355 12312 11566
is_linear=0
shrinkage=0.15


Tree=58
num_leaves=31
num_cat=0
split_feature=33 10 28 33 32 8 6 33 8 34 9 14 10 8 17 10 29 10 10 18 28 16 29 10 33 28 33 33 29 8
split_gain=47.8029 176.391 195.521 169.437 162.55 150.958 137.86 146.458 109.394 108.333 104.105 108.266 103.112 97.5937 84.5477 82.0971 95.995 81.6402 72.4962 71.937 71.3863 67.1347 66.3991 65.6932 97.9286 96.4916 71.6178 63.2016 58.8258 57.1974
threshold=0.80810147523880016 0.69455742835998546 0.73214286565780651 0.58876052498817455 0.40155549347400671 0.98238280415534984 1.0000000180025095e-35 0.68469786643981945 0.95214784145355236 0.72046512365341198 0.4151162207126618 42.500000000000007 0.37885282933712011 0.74092122912406932 21.500000000000004 0.39139841496944433 0.51531562209129345 0.5720152258872987 0.9227183759212495 0.21057137846946719 0.53571429848670971 0.029631881043314937 0.60255271196365368 0.75555580854415905 0.74443343281745922 0.58571431040763866 0.67694497108459484 0.3364779949188233 0.75958648324012767 0.83883407711982738
decision_type=2 10 2 2 2 8 2 2 10 2 10 8 10 10 2 8 2 10 10 2 2 2 2 10 2 2 2 2 2 10
left_child=1 3 4 10 29 6 13 9 12 -8 17 20 -5 -4 -13 16 -2 -1 -7 27 -12 -15 -19 24 -6 26 -25 -16 -18 -3
right_child=15 2 5 8 23 18 7 -9 -10 -11 11 14 -14 21 19 -17 28 22 -20 -21 -22 -23 -24 25 -26 -27 -28 -29 -30 -31
leaf_value=-0.073425177188180799 -0.045805513090820503 0.067501686825940238 0.079693823435492736 -0.023666157421637836 0.11174122534595002 0.056876618084304595 0.063986832344395173 0.0096722800406947151 0.14224976265608491 0.34101653748331723 0.15387493921937109 -0.031602201804292213 -0.066571609775301036 0.017716076191061997 0.084858426461820138 0.001762345896996502 0.070338248912221721 0.083568123480053616 0.24445356394836984 -0.020991079455584771 0.020505428367476042 -0.043584448960321626 -0.043954278970418065 0.19063705805022693 -0.095572279568306343 0.17473763650708135 -0.18738693089004349 0.020308118056265468 -0.010495064258795032 -0.0029052460980367218
leaf_weight=616.47067239410899 257.74465302665703 393.36275441737962 183.1095831001403 4212.8233536299813 177.33921236655442 367.60387812311819 66.490453968268412 337.56410028858954 77.06141238816781 60.826969585876213 195.04691680968972 954.67381245890283 1798.5038386103188 484.93755772852091 451.1395627715392 22914.03617945025 1026.314467344786 171.97512563073542 52.271082744220621 677.96054437415296 168.05880987911951 2335.2828567729157 195.00231376558077 16.662951387523208 71.075113365892321 378.50820446675061 30.328440932673402 1396.1613370421837 252.02328561071045 759.57268637722154
leaf_count=949445 257182 69748 20157 1214093 7467 18914 1512 15342 6540 5205 6377 26276 563381 78133 9983 2957693 104762 70809 2368 186117 8118 92366 41047 1091 1320 23940 768 41282 15247 99052
internal_value=-0.000206316 -0.00641051 0.0149374 -0.0175884 0.055399 -0.00408318 -0.0143742 0.0615547 -0.0342262 0.197966 0.00340209 0.0145476 -0.0365118 -0.0261437 0.00640289 0.00401357 0.0375725 -0.0401218 0.0807538 0.0207775 0.0923724 -0.0330413 0.0158707 0.113867 0.0522803 0.149616 -0.052162 0.0361097 0.0544063 0.0211541
internal_weight=41079.9 16629.8 5714.94 10914.9 1826.85 3888.09 3468.21 464.882 6088.39 127.317 4826.49 3843.04 6011.33 3003.33 3479.94 24450.1 1536.08 983.448 419.875 2525.26 363.106 2820.22 366.977 673.914 248.414 425.5 46.9914 1847.3 1278.34 1152.94
internal_count=6895735 3560851 437383 3123468 203386 233997 212715 22059 1784014 6717 1339454 278153 1777474 190656 263658 3334884 377191 1061301 21282 237382 14495 170499 111856 34586 8787 25799 1859 51265 120009 168800
is_linear=0
shrinkage=0.15


Tree=59
num_leaves=31
num_cat=0
split_feature=20 33 28 10 33 29 16 27 10 8 27 10 13 33 13 7 32 10 13 29 7 27 32 26 32 23 21 13 8 23
split_gain=42.248 90.5629 83.0676 74.655 124.253 82.5173 79.4356 57.6518 128.292 109.084 174.558 96.1171 51.8296 48.896 54.123 44.8743 44.6672 43.9729 43.4414 92.804 197.283 167.467 136.329 107.544 91.2179 53.8298 45.4212 45.0262 42.9076 41.2728
threshold=1.0000000180025095e-35 0.55051019787788402 0.64583334326744091 0.49253806471824652 0.91751700639724743 0.56185555458068859 0.032256403937935836 1.5000000000000002 0.58179390430450451 0.80632475018501293 1.0000000180025095e-35 0.26244845986366278 1.5000000000000002 0.74133810400962841 89.500000000000014 3.5000000000000004 0.58913996815681469 0.60682767629623424 13.500000000000002 0.28471513092517858 1.5000000000000002 1.5000000000000002 0.32196818292140966 1.0000000180025095e-35 0.62935569882392894 2.5000000000000004 1.0000000180025095e-35 29.500000000000004 0.96994096040725719 1.0000000180025095e-35
decision_type=2 2 2 10 2 2 2 2 10 8 2 10 8 2 8 2 2 8 10 2 2 2 2 2 2 2 2 8 8 2
left_child=1 -1 7 4 -4 -6 -5 9 -9 10 17 -12 15 14 -10 -2 -8 -3 29 20 23 -21 26 24 -20 -25 -23 -22 -24 -14
right_child=12 2 3 6 5 -7 16 8 13 -11 11 -13 18 -15 -16 -17 -18 -19 19 21 27 22 28 25 -26 -27 -28 -29 -30 -31
leaf_value=0.029854846211322495 0.01008958619476902 -0.15094093382808335 -0.022758139797598713 -0.050375221036234145 -0.044923812253757495 0.078535242493101343 0.019340922779703749 -0.10924319415915036 0.2196652647272872 -0.036667810670942463 -0.08491902771770779 0.060191479021010616 0.0047002702288510183 -0.097837249774766169 0.015986576787513817 0.049659411485675549 -0.014055614157834607 0.19156068346207678 -0.094487126032120769 0.17523422412817616 0.51703375423151365 0.37256890559949668 -0.0088199758372644269 0.019418112963712052 0.029226968123041347 0.24820165152821605 0.1316286258171514 0.14740740121141047 0.053435563343252647 -0.0081669446084889647
leaf_weight=1236.7631670707015 3177.5220742971869 8.2322715781556308 718.84766411871897 992.21017941659011 142.82881311770325 804.79969684746538 1341.7566545574082 502.25709671926234 44.007502202701289 2334.8801597303973 210.51188027739408 198.68249500084494 10166.593380827908 42.103033858147683 84.905716729062988 808.28640589688439 2738.5811403148691 145.77175390514094 499.86923292980282 187.74344183099311 16.544152848655358 24.819280756026274 815.26456603378756 461.0439933463058 182.58668791610398 23.379766582314915 61.991681558894925 14.747935515086285 357.54572252204525 12509.085520422632
leaf_count=341758 92368 3023 130349 232151 28799 47566 52319 258673 1913 415576 201644 63659 433581 5846 21778 84380 75583 17066 686651 7286 298 761 14793 11176 95901 579 1790 300 10528 3557430
internal_value=-0.000800445 -0.00848471 -0.0130861 -0.00328331 0.0242522 0.0598995 -0.0123325 -0.0315776 -0.0710907 -0.0223766 0.036831 -0.0144863 0.00222738 0.0409429 0.0866727 0.0181244 -0.00307163 0.172397 -0.000275584 0.0179103 -0.0129628 0.0434593 0.0236952 -0.0230648 -0.0613939 0.0309485 0.203972 0.352789 0.0101887 -0.002398
internal_weight=40854.2 11547.1 10310.4 6739.02 1666.48 947.629 5072.55 3571.35 673.273 2898.08 563.198 409.194 29307 171.016 128.913 3985.81 4080.34 154.004 25321.2 2645.54 1198.17 1447.36 1259.62 1166.88 682.456 484.424 86.811 31.2921 1172.81 22675.7
internal_count=6895525 1897703 1555945 566767 206714 76365 360053 989178 288210 700968 285392 265303 4997822 29537 23691 176748 127902 20089 4821074 830063 794905 35158 27872 794307 782552 11755 2551 598 25321 3991011
is_linear=0
shrinkage=0.15


Tree=60
num_leaves=31
num_cat=0
split_feature=17 20 12 17 23 14 32 34 29 12 27 26 29 13 13 31 27 7 23 9 37 24 9 26 9 22 24 28 37 16
split_gain=52.9189 122.415 102.47 94.5596 81.4734 79.3258 73.5412 108.586 104.244 218.423 142.061 133.795 123.212 121.986 80.0708 98.2549 71.2446 71.0704 68.8268 70.4538 64.398 62.211 69.7577 67.8165 61.4636 60.9007 67.7082 59.6908 58.1523 55.874
threshold=21.500000000000004 31.500000000000004 31.500000000000004 11.500000000000002 2.5000000000000004 12.500000000000002 0.24844861775636676 1.0000000180025095e-35 0.27695579826831823 99.500000000000014 1.0000000180025095e-35 1.0000000180025095e-35 0.18494269251823428 4.5000000000000009 7.5000000000000009 0.5634920895099641 1.0000000180025095e-35 4.5000000000000009 1.0000000180025095e-35 0.82929664850234996 1.0000000180025095e-35 0.45000000298023229 0.88330480456352245 1.0000000180025095e-35 0.40098887681961065 2.5000000000000004 0.29166667163372045 0.35416667163372045 1.0000000180025095e-35 0.010204589460045101
decision_type=2 2 8 2 2 8 2 2 2 8 2 2 2 10 10 2 2 2 2 8 2 2 10 2 10 2 2 2 2 2
left_child=1 3 16 4 25 -4 7 -7 9 -8 14 13 -12 18 15 -11 -2 -3 -10 -20 -18 23 -23 -6 -9 -1 -27 28 -15 -17
right_child=2 17 5 -5 21 6 8 24 11 10 12 -13 -14 27 -16 29 20 -19 19 -21 -22 22 -24 -25 -26 26 -28 -29 -30 -31
leaf_value=0.001984041745096813 0.1959877929039851 -0.10154058468422654 0.10756183441465091 -0.021488722722607174 -0.04881871788104037 -0.0043717948054697343 0.27480113353310975 -0.10389991711240776 0.086585426193781748 0.051787707524570528 -0.15330555217364414 0.11221356222164194 0.0024207829589447455 0.11233483022567788 -0.021217243905443484 0.2575403432847112 0.030917403295446733 0.078898486503509349 -0.071470517963873367 0.027237716948389234 0.18317924888051329 -0.11059177981584357 0.16404645443820368 0.08609580613774058 0.019969282091436714 0.020631964779959509 0.15312888684465675 0.057358556139245544 0.52264223891007799 0.00026072976398067204
leaf_weight=20751.829715511849 68.109164490910189 412.26054947785087 160.36812974373242 4973.8702695658867 263.19443969944768 1959.9276396060013 63.48524312445079 449.29480585616329 116.87652203995094 1152.763789960256 252.35549058570177 435.99437124037649 208.25402077694162 23.047578639787389 2145.7484375895365 18.091839516564505 1142.2869556946316 54.992821459367406 466.25126427877694 248.94504609977594 65.187472371842887 328.05686194408918 21.345290068304166 121.79739213548601 112.32375788773788 293.81039828275971 122.38673416082747 552.70614487788407 11.347387331130447 3649.9790738786687
leaf_count=1586577 12819 377837 62841 1363145 46703 66002 3348 1708842 5266 36770 71726 61939 16991 2847 935232 829 360990 14233 5467 14926 3380 7238 1653 5806 30839 27282 3678 7736 238 52269
internal_value=-0.000370046 -0.00414518 0.00738906 -0.00282034 0.00141989 0.0031001 0.00167953 -0.0210483 0.00781319 -7.23593e-05 -0.00245857 0.0396358 -0.0830447 0.0172754 0.0028807 0.0136088 0.0477965 -0.0801809 -0.0196626 -0.0371222 0.0392823 -0.0476624 -0.0933936 -0.0060242 -0.0791346 0.0031249 0.0598676 0.0695704 0.258643 0.00159954
internal_weight=40646.9 27343.5 13303.3 26876.3 21902.4 12027.8 11867.4 2521.55 9345.85 7490.68 7427.19 1855.17 460.61 1419.17 6966.58 4820.83 1275.58 467.253 832.073 715.196 1207.47 734.394 349.402 384.992 561.619 21168 416.197 587.101 34.395 3668.07
internal_count=6895449 3434152 3461297 3042082 1678937 3084108 3021267 1805683 1215584 1117165 1113817 98419 88717 36480 1025100 89868 377189 392070 25659 20393 364370 61400 8891 52509 1739681 1617537 30960 10821 3085 53098
is_linear=0
shrinkage=0.15


Tree=61
num_leaves=31
num_cat=0
split_feature=15 17 12 17 16 9 32 21 31 32 9 9 16 24 23 29 29 0 34 30 31 32 22 24 23 9 31 0 30 23
split_gain=36.9865 38.9058 88.223 69.9077 57.9709 63.8066 59.7081 89.5585 83.1361 61.4046 61.741 59.1386 57.9215 59.6883 57.1405 51.5427 50.9766 43.876 101.517 42.0009 46.8617 105.382 106.878 67.3155 54.9887 53.0086 60.7551 46.5015 77.1265 53.4087
threshold=47.500000000000007 21.500000000000004 17.500000000000004 11.500000000000002 0.016392350196838382 0.99999991059303295 0.50353023409843456 1.5000000000000002 0.47222222387790685 0.38517180085182195 0.42684483528137213 0.77382215857505809 0.014286078978329899 0.45000000298023229 2.5000000000000004 0.40698143839836126 0.77022564411163341 1.0000000180025095e-35 0.71547618508338939 1.5000000000000002 0.5634920895099641 0.69793134927749645 1.5000000000000002 0.18333333730697635 1.5000000000000002 0.64163377881050121 0.88194444775581371 1.0000000180025095e-35 2.5000000000000004 1.0000000180025095e-35
decision_type=10 2 8 2 2 10 2 2 2 2 8 10 2 2 2 2 2 2 2 2 2 2 2 2 2 10 2 2 2 2
left_child=1 3 -3 14 5 6 7 8 9 10 15 16 13 -13 -1 -4 19 18 -12 -8 27 23 24 -22 -23 26 -24 28 -21 -29
right_child=-2 2 4 -5 -6 -7 11 -9 -10 -11 17 12 -14 -15 -16 -17 -18 -19 -20 20 21 22 25 -25 -26 -27 -28 29 -30 -31
leaf_value=0.00069995855005852248 0.020374910362025479 0.06037578836217352 -0.098200844210755908 -0.020710430531079922 0.026307352885494469 -0.092052647315917155 -0.089518945525917215 0.08109283389395891 -0.075935849479302542 0.042134120259382186 -0.013674169044374596 0.057667558791332584 -0.0025935276569257208 -0.11470533928822908 -0.043631755424875893 0.11429977162318702 -0.064700535075135096 0.0065578823843724524 -0.13857379462951461 -0.031726110951572968 -0.06639626341743976 0.048539432201983437 0.049956709374068771 0.013307332776491225 0.14076661753739936 -0.044620374669110049 -0.081985811002090528 0.18428073006226536 0.1222663206949141 0.059730342754679353
leaf_weight=20026.245847866452 1881.7306687806777 626.77154177191551 299.63751471382056 4876.1295601324055 1973.3646629605464 172.02958487276919 74.194573405053234 207.72414538508747 512.73356010678253 424.49410543608246 928.45193315936012 56.857978217303753 1624.8001489068847 209.91224108333699 675.27028960714233 27.250666248750349 158.80545478349086 1409.1252404815041 172.90013358773285 259.11364283149305 478.25799985481717 1162.2364416240744 434.6003773798875 473.89032521795889 165.80197257958935 429.83876680156391 94.848965226279688 92.731182522024028 100.83764761616476 459.73696163893328
leaf_count=1759293 214228 172384 334894 1476395 255493 3016 16206 3001 181050 152476 227199 2063 30741 1441 67171 778 3782 942928 639737 66360 162419 51085 31677 9990 6791 7965 15047 4684 11623 43376
internal_value=-0.000154683 -0.00115577 0.00551508 -0.00455443 0.00273838 -0.00172264 -0.000199068 -0.0145634 -0.0198477 -0.0110106 -0.0189735 0.00891577 -0.013248 -0.0778885 -0.000748151 -0.0801914 0.0184777 -0.0109736 -0.03339 0.0216179 0.023625 0.0151584 0.0326097 -0.0267549 0.060151 -0.00554134 0.0262097 0.0536355 0.0116329 0.0809312
internal_weight=40490.3 38608.6 13030.9 25577.6 12404.2 10430.8 10258.8 3982.32 3774.59 3261.86 2837.37 6276.46 1891.57 266.77 20701.5 326.888 4384.89 2510.48 1101.35 4226.09 4151.89 3239.47 2287.33 952.148 1328.04 959.288 529.449 912.419 359.951 552.468
internal_count=6895293 6681065 3378206 3302859 3205822 2950329 2947313 2482063 2479062 2298012 2145536 465250 34245 3504 1826464 335672 431005 1809864 866936 427223 411017 284974 112565 172409 57876 54689 46724 126043 77983 48060
is_linear=0
shrinkage=0.15


Tree=62
num_leaves=31
num_cat=0
split_feature=33 10 8 28 32 6 10 28 29 8 27 33 8 20 33 32 29 20 10 29 27 10 28 28 27 29 20 10 11 28
split_gain=38.3788 135.196 166.466 127.199 215.56 186.187 129.978 121.242 119.681 106.492 102.141 100.518 100.853 83.0982 80.544 88.5693 78.3105 81.1191 65.6489 144.742 351.563 154.646 124.083 105.778 295.311 182.632 171.501 135.874 136.049 129.463
threshold=0.78319624066352855 0.627119541168213 0.68687289953231823 0.77500000596046459 0.18303773552179339 1.0000000180025095e-35 0.74710392951965343 0.41428571939468389 0.6940455734729768 0.95899111032485973 1.5000000000000002 0.50384616851806652 0.42085318267345434 2.5000000000000004 0.68469786643981945 0.19706057757139209 0.41090288758277899 8.5000000000000018 0.39850039780139929 0.67681735754013073 1.5000000000000002 0.59957221150398265 0.64583334326744091 0.64583334326744091 1.5000000000000002 0.76496347784996044 5.5000000000000009 0.28018182516098028 0.1464873403310776 0.84523808956146251
decision_type=2 10 10 2 2 2 10 2 2 10 2 2 10 2 2 2 2 2 10 2 2 10 2 2 2 2 2 10 10 2
left_child=1 7 -3 4 -4 -5 8 11 -6 -10 -8 13 -13 -1 15 -7 -9 -18 23 20 -20 22 -21 24 26 -25 27 28 -2 -27
right_child=18 2 3 5 6 14 10 16 9 -11 -12 12 -14 -15 -16 -17 17 -19 19 21 -22 -23 -24 25 -26 29 -28 -29 -30 -31
leaf_value=0.033387469752063165 -0.0011348278725312258 0.08759869684199699 -0.009720671417672631 -0.035337523435473348 0.12254096990365124 0.03601966385852122 -0.0995396926684574 -0.14151962009600574 -0.076646153479366333 0.17179579342703044 0.159755069142758 -0.029512495578875666 0.063822722445064012 -0.027622280483416389 0.018859871212033304 0.24799025703668895 -0.050803478171781373 0.020103555542442929 0.10653921774741591 -0.083633093950733844 -0.062683943384346269 -0.0031526312214521968 0.050087329876617841 0.063915264269592098 -0.10091218299873705 -0.094958898899052291 0.063988912618592519 0.082634542130952698 -0.12819232250023874 0.033660746750603064
leaf_weight=1836.8105550996879 4335.381476028866 587.54432668507798 1286.1810515541729 2321.932021433644 179.06509524022113 84.524311222739925 36.399116000102367 174.98854761109033 228.62534897014848 45.745636575622484 439.37051134876674 3343.8797236451628 281.54977341893937 690.39021622478867 278.32027664996713 93.245748568326235 1983.5252902999 443.71421254773668 322.8185310974477 168.14069529325207 1880.8070780464113 12372.936653708472 2044.6545905017447 1877.5366329958451 555.35700200908104 324.92066682165023 1202.5685556106255 417.50659127677864 197.29052282997145 382.18663310645206
leaf_count=504395 679427 90066 225039 144531 8579 5787 1049 129939 5380 1513 26745 840422 311860 158727 11866 3724 741483 56023 79035 13755 580748 1348068 148220 144637 189312 17496 130310 123454 136160 37758
internal_value=0.000137851 -0.00609652 0.0121467 0.00325293 0.0300546 -0.0181237 0.0850617 -0.0177261 0.0274982 -0.0347502 0.13975 -0.00624356 -0.0222485 0.0167163 0.0693966 0.14797 -0.0448621 -0.0378383 0.00356462 -0.00203418 -0.0378566 0.00338014 0.0398933 0.0136792 0.00374336 0.0394549 0.0132046 0.000856913 -0.00669223 -0.0254915
internal_weight=40417.9 14335.8 5580.95 4993.41 2215.39 2778.02 929.206 8754.86 453.436 274.371 475.77 6152.63 3625.43 2527.2 456.09 177.77 2602.23 2427.24 26082.1 16789.4 2203.63 14585.7 2212.8 9292.75 6708.1 2584.64 6152.75 4950.18 4532.67 707.107
internal_count=6895508 3267128 524279 434213 268305 165908 43266 2742849 15472 6893 27794 1815404 1152282 663122 21377 9511 927445 797506 3628380 2169826 659783 1510043 161975 1458554 1258663 199891 1069351 939041 815587 55254
is_linear=0
shrinkage=0.15


Tree=63
num_leaves=31
num_cat=0
split_feature=13 12 29 33 28 10 24 29 16 28 32 15 24 28 20 10 11 8 33 8 33 8 33 32 29 10 28 27 29 28
split_gain=42.585 69.3506 58.6137 49.3475 49.0231 151.031 49.6782 41.4301 79.5807 77.6479 46.7468 39.1177 48.1857 49.1335 60.6398 40.6041 81.2337 72.2982 120.133 98.2337 88.4157 85.2816 72.2561 82.1874 95.5899 88.6376 70.3664 183.315 69.3711 98.0965
threshold=13.500000000000002 27.500000000000004 0.35428154468536383 0.87138131260871898 0.93750000000000011 0.78477597236633312 0.45000000298023229 0.27239832282066351 0.019299814477562908 0.53571429848670971 0.70179614424705516 17.500000000000004 0.70833334326744091 0.46428571641445165 2.5000000000000004 0.8087032437324525 0.21672128140926364 0.96994096040725719 0.9529346525669099 0.99999985098838817 0.99074074625968944 0.91284659504890453 0.62115561962127697 0.69002687931060802 0.60255271196365368 0.54444366693496715 0.84523808956146251 2.5000000000000004 0.80346640944480907 0.93750000000000011
decision_type=10 10 2 2 2 10 2 2 2 2 2 10 2 2 2 8 10 10 2 10 2 10 2 2 2 10 2 2 2 2
left_child=11 3 -3 4 5 6 7 8 10 -9 -2 15 13 -13 -15 16 17 20 19 28 22 26 23 25 -25 -1 -22 -28 -19 -30
right_child=1 2 -4 -5 -6 -7 -8 9 -10 -11 -12 12 -14 14 -16 -17 -18 18 -20 -21 21 -23 -24 24 -26 -27 27 -29 29 -31
leaf_value=-0.10676290080029603 -0.082093047111309936 0.36586221634506016 0.078118213798960237 0.032947087409811338 -0.044905502450185548 0.16543592364840715 0.032228029305970934 0.11272483712549208 0.37473099139447513 -0.036153520999059538 0.030765953961951798 -0.072997083835951632 0.074513030090438109 0.021545432463294517 -0.02106423362808419 0.00062308851707746 0.021245543039419678 -0.080927350145862262 -0.12656153673430762 -0.030393908653351193 0.0073270393041929465 -0.10120786448855715 -0.031679554147620713 0.16326251082025381 0.0081873636561345803 0.0051178954368165629 -0.12321666370160772 0.15418825230679833 0.23345596718336978 0.0016028595252946842
leaf_weight=196.2237991357797 425.3950481610882 16.925684700981947 154.21113993874314 1366.3562810386757 495.19806235110445 126.83372861274984 513.4686948149465 117.33898175500144 8.6500768290425167 235.12070727452374 101.84924015121942 161.90626279169373 257.40191037405748 3042.8326285524636 996.96844054412577 20720.965084528674 1567.5628758537059 27.884672882068116 74.403778785625036 115.59932577984364 1279.9962594088483 135.09086619316804 6414.3240590672158 139.90819766142522 245.14270400145324 828.75444083330149 69.442389388212177 224.94098032163311 146.5441609599402 56.910298058763146
leaf_count=525186 793401 443 3640 240062 8256 2682 17041 8565 128 3391 53363 225150 52444 171709 87910 2254136 117936 3811 8209 6993 171421 12858 1863709 4950 13181 215504 4948 13985 8049 2997
internal_value=-5.52288e-06 0.0156525 0.108537 0.0109331 -0.00393801 0.00935381 -0.00487601 -0.0263343 -0.0525683 0.013589 -0.0602748 -0.00152524 0.0116414 0.00777298 0.0110273 -0.00334641 -0.0104841 -0.0154819 0.0452552 0.0823606 -0.0181706 0.0127276 -0.0249221 0.00581894 0.0648108 -0.016384 0.022562 0.0885553 0.138592 0.168927
internal_weight=40264.2 3561.35 171.137 3390.21 2023.85 1528.66 1401.82 888.354 535.894 352.46 527.244 36702.8 4459.11 4201.71 4039.8 32243.7 11522.7 9955.17 421.342 346.938 9533.82 1709.47 7824.35 1410.03 385.051 1024.98 1574.38 294.383 231.339 203.454
internal_count=6896058 1130972 4083 1126889 886827 878571 875889 858848 846892 11956 846764 5765086 537213 484769 259619 5227873 2973737 2855801 30059 21850 2825742 203212 2622530 758821 18131 740690 190354 18933 14857 11046
is_linear=0
shrinkage=0.15


Tree=64
num_leaves=31
num_cat=0
split_feature=18 20 10 3 10 29 33 23 34 21 13 29 9 10 27 10 31 27 29 25 16 32 17 16 27 20 18 28 7 33
split_gain=45.3265 99.7775 150.766 95.3612 58.4783 124.998 100.788 97.7431 58.4001 48.9996 47.8446 60.9395 58.4331 55.1168 70.3285 83.8809 78.0699 77.9421 71.5421 65.9247 67.8717 67.2652 54.3741 95.2372 149.216 96.2474 80.6791 73.5756 67.4212 50.2935
threshold=0.0027491422370076184 2.5000000000000004 0.97278150916099559 1.0000000180025095e-35 0.81333142518997203 0.90212523937225353 0.90081965923309337 1.0000000180025095e-35 1.0000000180025095e-35 1.0000000180025095e-35 2.5000000000000004 0.53560027480125438 0.71312379837036144 0.49033452570438391 1.5000000000000002 0.25545403361320501 0.81666666269302379 1.0000000180025095e-35 0.14245053380727771 1.0000000180025095e-35 0.014925695955753328 0.40437242388725286 25.500000000000004 0.023296408355236057 1.0000000180025095e-35 61.500000000000007 0.071011595427989974 0.46428571641445165 2.5000000000000004 0.82650500535964977
decision_type=2 2 10 2 10 2 2 2 2 2 8 2 10 10 2 10 2 2 2 2 2 2 2 2 2 2 2 2 2 2
left_child=1 2 4 -3 -1 6 8 -7 -6 -4 11 13 -13 14 15 16 17 19 -19 -2 -21 -22 23 -12 28 27 -24 29 -25 -26
right_child=10 3 9 -5 5 7 -8 -9 -10 -11 22 12 -14 -15 -16 -17 -18 18 -20 20 21 -23 26 24 25 -27 -28 -29 -30 -31
leaf_value=-0.035954040028746553 0.00054848409874425812 -0.10849236474753478 0.031639742498426507 0.041222466134042672 -0.0043661693843836434 0.11409475301777589 -0.085367065360664587 -0.029587820691243032 0.13469824318246285 0.12936834253248156 -0.036626924672624697 0.0011162636555669893 0.039953896893964863 0.12344460917823485 -0.070866197991639485 0.13063765378042405 -0.027373551019607964 -0.19803470356097583 -0.020243170660233841 -0.10048357314951416 -0.090373744731957237 0.063077775951461287 0.0506064818144027 0.20125697171971282 -0.030129801438172298 -0.10382906164999427 0.0028096685817780528 -0.00074524774632718342 -0.14378990947638676 -0.16057317144788064
leaf_weight=2221.3957136195531 1382.6925203000428 414.75020333737484 958.61556092489627 123.77038009348325 89.252868227660656 113.24998607486486 77.915560937497503 1579.1579726620148 282.80219451274752 130.47318299114704 2130.9146394930594 1381.9000546223833 2359.8515887434187 79.953788684157189 306.56786658184137 112.30253113713115 1570.4312682396267 56.280601633101469 461.99541150027653 65.628653031308204 67.032085278071463 1205.7510650717886 876.28744881228886 108.58122371176796 185.35403973785105 212.97111865455736 8431.4729934421284 12954.553812587206 13.697765786317175 103.25384788350311
leaf_count=71162 24218 58805 29122 40365 422 2296 2067 35295 21563 58907 930446 35071 140142 2258 5579 2490 22503 895 10406 419 616 17330 84075 5353 189538 240233 3110824 1696032 158 58572
internal_value=-0.000504979 -0.0125355 -0.00644588 -0.0740702 -0.0189071 -0.00122298 0.0689553 -0.0199114 0.101416 0.0434556 0.00161111 0.0109564 0.0256146 0.000621838 -0.00127954 0.0030681 6.29854e-05 0.0133684 -0.0398941 0.023524 0.0472415 0.0549315 -0.00177003 -0.00715272 -0.00252486 -0.00402959 0.0073145 -0.00241694 0.161752 -0.0771912
internal_weight=40058.9 5991.38 5452.86 538.521 4363.77 2142.38 449.971 1692.41 372.055 1089.09 34067.5 9050.39 3741.75 5308.64 5228.68 4922.11 4809.81 3239.38 518.276 2721.1 1338.41 1272.78 25017.1 15709.3 13578.4 13456.1 9307.76 13243.2 122.279 288.608
internal_count=6897162 320004 220834 99170 132805 61643 24052 37591 21985 88029 6577158 261927 175213 86714 84456 78877 76387 53884 11301 42583 18365 17946 6315231 3120332 2189886 2184375 3194899 1944142 5511 248110
is_linear=0
shrinkage=0.15


Tree=65
num_leaves=31
num_cat=0
split_feature=37 29 29 24 13 14 33 15 13 33 28 33 19 34 32 24 29 26 34 9 29 17 8 32 33 28 28 8 33 10
split_gain=40.5356 103.332 129.429 86.6052 68.7699 52.6029 48.7683 40.7125 35.363 34.2806 59.3739 31.8519 51.923 37.9543 47.0436 46.7052 83.1901 55.2606 46.3748 91.5086 50.8975 31.3988 31.3697 30.393 30.0511 29.5472 315.086 307.854 107.878 69.5151
threshold=1.0000000180025095e-35 0.21068513393402102 0.545841544866562 0.36666667461395269 11.500000000000002 4.5000000000000009 0.90353596210479747 67.500000000000014 5.5000000000000009 0.83484846353530895 0.46428571641445165 0.30839161574840551 544.50000000000011 0.97646731138229381 0.90072506666183483 0.87500000000000011 0.77938890457153331 1.0000000180025095e-35 0.95875850319862377 0.68058478832244884 0.52779340744018566 5.5000000000000009 0.59317475557327282 0.97782999277114879 0.99074074625968944 1.0000000180025095e-35 0.46428571641445165 0.84234201908111583 0.9529346525669099 0.59206044673919689
decision_type=2 2 2 2 8 8 2 8 10 2 2 2 2 2 2 2 2 2 2 10 2 2 8 2 2 2 2 8 2 8
left_child=11 6 4 5 9 21 -2 -6 -7 10 -3 12 -1 18 -15 17 -17 -16 25 23 -21 -4 -11 -20 -10 27 -27 29 -29 -13
right_child=1 2 3 -5 7 8 -8 -9 24 22 -12 13 -14 14 15 16 -18 -19 19 20 -22 -23 -24 -25 -26 26 -28 28 -30 -31
leaf_value=-0.010914267118527702 -0.058814380925794538 0.1959490275837559 0.097061890957605493 0.11860551229234864 0.083927460291076575 -0.038349806561176737 0.026841455164158839 0.25426854577623104 -0.024920916530806803 -0.074209896852080265 -0.0055062297396237664 -0.14556787717911007 0.069542810253035423 0.0077399878963833853 -0.044083034954923682 -0.019410902214963586 0.13197778146455133 -0.22659169454383279 -0.015951542833788537 0.013413284684756239 0.075780523813388942 -0.059757558048664006 0.064544292182824481 0.064905058411574165 0.1235816545581447 -0.093201043254853802 -0.00064465404823520157 0.0060284401705777311 -0.066873448501161656 0.17047017072787266
leaf_weight=351.3591084192667 431.5321720633583 90.907993754372001 147.19908385610324 147.9465654870728 50.069488964123593 593.14312392171996 227.87167809285165 91.237042000262591 60.077080051763915 50.382825340842828 51.201533483108506 15.809318519892257 369.5631060085434 1164.2851815894101 1123.172105961974 949.15669539553346 88.353254310815828 37.690608580247499 1136.0760060204811 511.26186150206195 694.80402675841469 34.913400451187044 127.34620721254032 114.20841705727798 61.026412024919409 856.50634128629099 23696.272267021075 5745.3718091430928 495.14077359632938 291.46264546344173
leaf_count=68812 85806 1540 2735 22641 16599 28582 17478 12127 806 912 798 6440 118049 298518 27780 20892 43660 429 496042 9364 26095 1792 5277 3620 727 995471 3471651 980601 73991 58268
internal_value=0.000313552 0.0202683 0.041949 0.0126874 0.108044 -0.00490735 -0.0292183 0.194925 -0.0232676 0.0691711 0.123834 -0.000834633 0.0303693 -0.00144475 -0.0166353 -0.0295424 -0.00640413 -0.0501986 7.79025e-05 0.0199154 0.0493755 0.0668353 0.025015 -0.00851965 0.0503117 -0.00148947 -0.00387708 0.0074628 0.000234401 0.15379
internal_weight=39805.3 2164.85 1505.45 1044.31 461.145 896.359 659.404 141.307 714.247 319.839 142.11 37640.5 720.922 36919.6 3362.66 2198.37 1037.51 1160.86 33556.9 2456.35 1206.07 182.112 177.729 1250.28 121.103 31100.6 24552.8 6547.78 6240.51 307.272
internal_count=6897503 197820 94536 57283 37253 34642 103284 28726 30115 8527 2338 6699683 186861 6512822 391279 92761 64552 28209 6121543 535121 35459 4527 6189 499662 1533 5586422 4467122 1119300 1054592 64708
is_linear=0
shrinkage=0.15


Tree=66
num_leaves=31
num_cat=0
split_feature=20 33 28 10 33 16 33 33 27 32 34 11 27 13 17 23 12 20 17 3 8 27 29 8 11 26 23 10 28 27
split_gain=39.9565 47.4781 47.8261 62.4289 75.1107 48.1679 43.8757 45.9997 46.926 43.2942 43.1174 44.0529 42.2607 39.7797 39.1358 47.7591 38.9958 88.9964 57.8998 41.1539 37.1754 36.0995 51.5632 34.2458 32.5027 30.4241 29.5865 29.2548 29.0942 76.2908
threshold=1.0000000180025095e-35 0.55051019787788402 0.58571431040763866 0.48019969463348394 0.94312667846679699 0.032623577862977989 0.95875850319862377 0.86602565646171581 1.5000000000000002 0.67135366797447216 0.68903905153274547 0.14391905069351199 2.5000000000000004 4.5000000000000009 4.5000000000000009 1.5000000000000002 1.5000000000000002 2.5000000000000004 1.5000000000000002 1.0000000180025095e-35 0.58733323216438305 2.5000000000000004 0.69784191250801098 0.89228600263595592 0.42294175922870642 1.0000000180025095e-35 1.0000000180025095e-35 0.44812059402465826 0.30952382087707525 1.5000000000000002
decision_type=2 2 2 10 2 2 2 2 2 2 2 10 2 8 2 2 8 2 2 2 10 2 2 8 8 2 2 8 2 2
left_child=1 -1 6 4 10 -5 7 20 -9 14 11 12 -4 -6 15 -7 17 27 19 -19 -3 -11 25 -16 -25 -23 -24 -2 -8 -30
right_child=16 2 3 5 13 9 28 8 -10 21 -12 -13 -14 -15 23 -17 -18 18 -20 -21 -22 22 26 24 -26 -27 -28 -29 29 -31
leaf_value=0.020495434587125771 0.15151205448652541 -0.044518381673024174 -0.049305999616756364 -0.037791264225681222 0.020730732272435833 0.042959356617026476 -0.1139736941197764 0.016507460023552828 -0.085195187846364526 0.013217847419496045 -0.030462231757533122 0.14090333769762042 0.10755393738838374 0.089659334490618414 0.021299564067870872 -0.0232444863360361 0.0012282486255829935 -0.08847208380804493 0.012310338623571756 0.05962032539839314 0.012722070728344628 -0.06748871890272419 0.13130492046946252 -0.11160179539145705 0.11808201507404149 -0.25010377184638627 -0.02462659705771748 0.031492157337003057 0.033228203647078056 -0.13546964822060745
leaf_weight=1220.5236061924697 45.717631911364151 1402.4540096230157 115.8429200040664 1214.4294273305168 363.5412376204622 976.45330596082931 190.16815447607041 949.85939515841892 113.35782168882906 662.14493650538498 593.95284419030031 73.062180860270018 56.74420190033743 391.73442220669313 121.58292157286996 326.5408829282751 25473.892356851273 312.0190191491638 443.08216276881285 48.08968314708909 311.58166013399023 53.349667966249399 26.881612994911848 126.49261542653403 14.733152888591574 33.511536470381543 1579.1033899318136 2268.3831003679843 146.68447741746058 101.08590059874768
leaf_count=341587 2877 526503 25814 270667 16334 26869 35524 164957 53428 20352 109738 2124 3856 41740 9540 9248 4776244 39127 38851 17053 131426 594 2317 11332 814 917 43518 124027 22851 25886
internal_value=0.000194729 -0.00741425 -0.0108412 -0.00365016 0.0222643 -0.0117013 -0.0258877 -0.0189145 0.00559429 -0.00361265 -0.008611 0.0441322 0.00258982 0.0565528 0.015712 0.026363 0.00316645 0.0189996 -0.0239992 -0.0685852 -0.0341117 -0.0164626 -0.0280728 -0.0369951 -0.0869786 -0.139987 -0.0219365 0.0339277 -0.0699651 -0.0358654
internal_weight=39757 11165.8 9945.29 6730.1 1594.88 5135.22 3215.19 2777.25 1063.22 3920.79 839.602 245.649 172.587 755.276 1565.8 1302.99 28591.2 3117.29 803.191 360.109 1714.04 2354.99 1692.85 262.809 141.226 86.8612 1605.99 2314.1 437.939 247.77
internal_count=6896115 1897936 1556349 595774 199606 396168 960575 876314 218385 125501 141532 31794 29670 58074 57803 36117 4998179 221935 95031 56180 657929 67698 47346 21686 12146 1511 45835 126904 84261 48737
is_linear=0
shrinkage=0.15


Tree=67
num_leaves=31
num_cat=0
split_feature=37 29 29 34 10 13 17 11 32 24 8 29 33 13 7 28 27 28 20 10 24 27 33 28 20 17 18 8 33 20
split_gain=29.0206 65.5899 102.959 87.1498 79.2766 62.8025 50.635 66.8143 44.4362 49.7967 43.1576 40.575 36.3188 36.3043 32.6751 40.933 32.7318 30.8546 25.5653 25.149 83.3036 80.1761 87.9753 193.57 127.653 88.5521 72.9316 87.7939 100.265 70.2023
threshold=1.0000000180025095e-35 0.23366826027631762 0.5703420639038087 1.0000000180025095e-35 0.72936025261878978 16.500000000000004 5.5000000000000009 0.36594890058040624 0.48836216330528265 0.36666667461395269 0.46921965479850775 0.43990074098110205 0.83484846353530895 71.500000000000014 1.5000000000000002 0.46428571641445165 1.5000000000000002 0.46428571641445165 138.50000000000003 0.83150798082351696 0.55000001192092907 2.5000000000000004 0.91751700639724743 0.93750000000000011 1.5000000000000002 1.0000000180025095e-35 0.0027491422370076184 0.96994096040725719 0.9506097435951234 3.5000000000000004
decision_type=2 2 2 2 10 8 2 8 2 2 10 2 2 8 2 2 2 2 2 10 2 2 2 2 2 2 2 10 2 2
left_child=19 18 5 6 8 12 -4 -8 -5 -10 13 -12 17 -7 -14 -16 -17 -3 -2 26 21 -21 -23 -24 -25 -26 27 -1 -29 -27
right_child=1 2 3 4 -6 10 7 -9 9 -11 11 -13 14 -15 15 16 -18 -19 -20 20 -22 22 23 24 25 29 -28 28 -30 -31
leaf_value=-0.038317607160110338 -0.028089762544852903 0.16497121168955456 0.091848122865960599 0.1271010234358825 0.27080348091063516 0.23522376375349527 -0.16445046941848654 -0.014925138917705758 -0.013058646598943928 0.10801452900902292 0.43535600417885228 0.17929388885790359 0.096292014108973076 0.014239776839158325 -0.14317963351848484 0.15774310562150054 -0.030441847686177637 0.026707007770877231 0.13366297642447453 0.024553026182229334 0.083936200595039714 0.0072507238749225447 -0.14061863408561159 0.059400093245420386 -0.12133546370985032 0.019219592143766086 -0.0014794984506548783 0.13376822856748921 -0.12443494483990646 -0.043578574438388321
leaf_weight=2079.4907518991422 642.98129701102152 87.405634785187431 41.720144488848746 80.921739172972593 29.88666424479743 22.964990298780322 124.29768641851842 145.58807477448136 432.75672313317773 91.790819320245646 17.580989255184249 70.63220053373152 68.121777692926116 55.856764996300626 46.532480156281963 28.802974235382862 68.029305585543625 62.39553332014475 21.783157908728754 2699.1895179757266 291.08581079269061 4315.4907962694342 300.68050395528553 443.55256230710802 210.89126957740154 668.65421548468294 25251.695266455965 136.5139056594453 44.013126240766724 996.18629618972409
leaf_count=66610 101619 1582 417 21828 3716 759 815 1040 6848 18334 2314 4746 4323 23183 562 1392 1278 998 2388 432790 153130 176383 17069 16096 24575 23335 5510193 4553 1347 270292
internal_value=-0.000484031 0.0165006 0.0341212 0.00449985 0.0363555 0.0871054 -0.0603614 -0.0841429 0.0243554 0.00829322 0.162938 0.234635 0.0516924 0.0807645 0.0115303 -0.0291335 0.0265744 0.10794 -0.0225966 -0.00145534 0.00501688 0.00262408 -0.0059127 -0.0275894 -0.0128816 -0.0299965 -0.0037905 -0.0295998 0.0704787 -0.0183604
internal_weight=39577.5 2140.05 1475.28 946.962 635.356 528.323 311.606 269.886 605.469 524.548 167.035 88.2132 361.288 78.8218 211.487 143.365 96.8323 149.801 664.764 37437.4 9925.73 9634.65 6935.46 2619.96 2319.28 1875.73 27511.7 2260.02 180.527 1664.84
internal_count=6894515 198142 94135 52998 50726 41137 2272 1855 47010 25182 31002 7060 10135 23942 7555 3232 2670 2580 104007 6696373 1113670 960540 527750 351367 334298 318202 5582703 72510 5900 293627
is_linear=0
shrinkage=0.15


Tree=68
num_leaves=31
num_cat=0
split_feature=33 10 29 8 10 28 28 8 6 33 19 29 28 11 9 29 8 33 37 32 27 13 33 10 9 17 10 29 27 26
split_gain=32.5966 105.449 161.261 123.63 103.753 100.827 91.2638 85.3548 83.1806 77.7142 74.7166 103.884 86.7683 80.7129 66.0023 64.3195 66.9999 66.2635 63.5227 62.3191 108.486 58.5624 58.069 57.3029 53.3353 51.0701 50.4209 118.506 388.523 175.241
threshold=0.78319624066352855 0.59595704078674328 0.60486993193626415 0.96552586555480968 0.70230659842491161 0.6904762089252473 0.41428571939468389 0.62335699796676647 1.0000000180025095e-35 0.64051282405853283 599.50000000000011 0.23366826027631762 0.18333333730697635 0.33266359567642217 0.35612036287784582 0.38979482650756841 0.82217615842819225 0.66410258412361156 1.0000000180025095e-35 0.17531669884920123 1.5000000000000002 77.500000000000014 0.4236596822738648 0.72936025261878978 0.9999997913837434 17.500000000000004 0.5720152258872987 0.73381957411766063 2.5000000000000004 1.0000000180025095e-35
decision_type=2 10 2 8 10 2 2 10 2 2 2 2 2 8 10 2 8 2 2 2 2 8 2 10 10 2 10 2 2 2
left_child=1 6 14 4 -4 19 10 -7 -9 -10 11 12 24 -13 25 17 -17 -8 21 -6 -21 -15 -12 -22 -1 -3 -2 28 -28 -30
right_child=26 2 3 -5 5 7 15 8 9 -11 22 13 -14 18 -16 16 -18 -19 -20 20 23 -23 -24 -25 -26 -27 27 -29 29 -31
leaf_value=-0.012815181150655231 0.0095706496156872743 0.027665420582346372 -0.055894709298041072 0.054017235159629258 0.011995376577080592 0.28709116842222343 -0.20315096772070798 -0.028183722364086602 0.18092800773110226 0.009801274676004024 0.084366306256529508 -0.070738377659046392 -0.14327737670095128 0.11089366579126282 0.17645648631835423 -0.060508060026130871 -0.006624758354900678 0.02108387851177208 0.24943714112174592 -0.15064560209627556 -0.018057290084838667 -0.063072156552320582 0.0067080628605790567 0.13220652692119236 -0.071963828080453054 0.17820962436835028 0.036771655545027579 0.00040079557973854375 -0.10581824211544472 -0.33604540942153877
leaf_weight=4087.2087721365715 12596.177591723565 275.03624683061935 834.61789482516178 853.91455747816508 739.45306009098204 19.886569032249099 103.12820861121691 2079.6675750652212 80.699305820075097 222.31889798044722 299.47338798486271 78.450877148025029 126.53719308385553 166.52155036619661 145.57495013441076 1148.7750727027797 947.24865215958926 41.211670840169973 51.659783824528859 39.731023347470909 68.588678262400208 58.088268602143216 777.27683301282195 333.47061164595652 373.53350831172429 61.31356038526792 518.83237000382724 11904.92731904117 390.84644615913203 91.466669750050642
leaf_count=812412 2159213 97000 102046 59167 107466 2656 48409 139449 3902 10471 106190 76757 75224 5500 7176 534812 243092 40149 2134 943 2563 339700 391483 22448 3130 33012 92434 1297422 77380 1764
internal_value=-0.0003738 -0.00618535 0.00940246 0.00180304 -0.00829791 0.00279919 -0.0170455 -0.0148421 -0.0174815 0.0558207 -0.00742245 -0.0152239 -0.0212753 0.0628733 0.0923656 -0.042883 -0.0361715 -0.139423 0.100933 0.0386627 0.0831695 0.0658227 0.0283652 0.106591 -0.0177832 0.0555552 0.00281974 -0.00376929 -0.053308 -0.150084
internal_weight=39515.6 14013.4 5754.27 5272.35 4418.43 3583.82 8259.11 2402.57 2382.69 303.018 6018.75 4942 4587.28 354.72 481.925 2240.36 2096.02 144.34 276.27 1181.24 441.79 224.61 1076.75 402.059 4460.74 336.35 25502.3 12906.1 1001.15 482.313
internal_count=6895504 3267291 588299 451111 391944 289898 2678992 156478 153822 14373 1812530 1314857 890766 424091 137188 866462 777904 88558 347334 133420 25954 345200 497673 25011 815542 130012 3628213 1469000 171578 79144
is_linear=0
shrinkage=0.15


Tree=69
num_leaves=31
num_cat=0
split_feature=30 9 30 26 24 34 32 24 31 33 32 30 28 10 34 8 28 12 12 17 13 8 33 10 9 28 8 27 19 20
split_gain=33.6601 28.2134 69.6882 56.8228 84.1881 69.8014 84.2798 117.49 59.6209 103.873 58.5029 54.9795 59.0034 60.2097 57.2817 51.602 52.266 58.2382 50.1685 48.4463 48.0031 43.964 51.4796 71.53 46.7943 42.2452 46.547 45.1657 41.1153 39.2037
threshold=4.5000000000000009 0.70857754349708568 2.5000000000000004 1.0000000180025095e-35 0.29166667163372045 0.76533168554306041 0.12340310961008073 0.29166667163372045 0.29285715520381933 0.97332859039306652 0.38794195652008062 2.5000000000000004 0.30952382087707525 0.53909412026405346 0.63714733719825756 0.71725594997406017 0.81666666269302379 9.5000000000000018 5.5000000000000009 200.50000000000003 24.500000000000004 0.80632475018501293 0.94665718078613292 0.79593443870544445 0.56024184823036205 0.46428571641445165 0.72853371500968944 1.0000000180025095e-35 523.50000000000011 1.5000000000000002
decision_type=2 10 2 2 2 2 2 2 2 2 2 2 2 10 2 10 2 10 8 2 8 10 2 10 8 2 8 2 2 2
left_child=1 3 -3 5 -5 11 7 -7 9 25 -10 12 13 -1 -13 18 17 21 -14 -6 -21 28 24 -24 -23 26 27 -8 -17 -18
right_child=-2 2 -4 4 19 6 8 -9 10 -11 -12 14 15 -15 -16 16 29 -19 -20 20 -22 22 23 -25 -26 -27 -28 -29 -30 -31
leaf_value=-0.065011768575563525 -0.015012061107752786 0.035014356520867131 0.0018402293523765744 0.18292758526363365 0.0063175693234309742 -0.12520469060439599 0.35056696898159123 0.073196649490541582 -0.072212270762267883 0.13182812203090286 -0.012389288509078378 0.08372925460152543 0.062220033312333403 0.27350825920672139 0.013794469238937406 -0.027578429416140592 0.029159261994242538 -0.054232772574877817 0.0094369501429744859 0.16608817740516799 0.036066663542531331 0.14615056103363883 -0.026596853932256543 -0.17516505912200594 -0.012206640616609029 0.026666756392970725 -0.085244679754284569 -0.055996527186427954 0.052412717802146562 -0.0022534396103918775
leaf_weight=417.84941169583544 3261.2683906188613 1741.2532122177799 7819.2201324411144 65.689389359300549 3096.8246135672671 308.80248249491342 10.63485221456722 85.024666033292306 385.52262665671151 169.25196317189693 7624.295889352783 335.73955010876671 476.35198065323675 11.19351464750798 1214.5614766467843 215.22231525161988 1185.5597876350585 789.40577228999246 2682.6766057795176 77.993428157817107 339.14422386216756 41.859763041400583 243.19086447642621 103.42436961569547 2065.1311829312708 404.98208816856823 171.50355327340003 12.53975283193722 436.29745280915267 3624.0596803813278
leaf_count=517900 114692 75876 290091 1404 112781 2827950 2212 4370 83539 42749 615610 18757 77548 5186 63149 34899 30855 146861 876782 1410 12470 591 22716 8204 117695 104681 294132 34176 45813 311095
internal_value=-0.000419548 0.000897103 0.00788528 -0.00161526 0.015963 -0.00434986 -0.0144971 -0.0822943 -0.0114466 0.0284264 -0.0152773 0.00237461 -0.000983465 -0.0555645 0.028984 0.000995025 -0.00496504 -0.0178799 0.0174133 0.0127906 0.0607162 -0.00862356 -0.0178207 -0.0713036 -0.00899271 -0.000929259 -0.0581792 0.13736 0.0259868 0.00549417
internal_weight=39416.5 36155.2 9560.47 26594.7 3579.65 23015.1 9172.56 393.827 8778.73 768.912 8009.82 13842.5 12292.2 429.043 1550.3 11863.2 8704.15 3894.53 3159.03 3513.96 417.138 3105.13 2453.61 346.615 2106.99 599.66 194.678 23.1746 651.52 4809.62
internal_count=6896194 6781502 365967 6415535 128065 6287470 4009419 2832320 1177099 477950 699149 2278051 2196145 523086 81906 1673059 718729 376779 954330 126661 13880 229918 149206 30920 118286 435201 330520 36388 80712 341950
is_linear=0
shrinkage=0.15


Tree=70
num_leaves=31
num_cat=0
split_feature=30 24 23 17 9 9 24 9 33 33 28 10 20 32 28 24 28 29 10 27 28 33 32 33 0 30 22 31 27 8
split_gain=26.4759 30.6472 73.5485 58.1158 53.4572 49.8226 47.7401 47.6711 41.9949 71.525 67.4637 73.877 47.9503 46.6254 46.1616 40.237 33.946 65.9386 113.614 90.0679 99.9834 222.128 92.9579 87.0525 64.5854 88.9789 69.2901 90.3601 61.0641 49.9749
threshold=5.5000000000000009 0.22500000149011615 1.5000000000000002 165.50000000000003 0.78389057517051708 0.94299551844596874 0.29166667163372045 0.31028091907501226 0.97801932692527782 0.94665718078613292 0.93750000000000011 0.69829559326171886 10.500000000000002 0.26942862570285803 0.30952382087707525 0.36666667461395269 0.64583334326744091 0.58663156628608715 0.5720152258872987 1.5000000000000002 0.46428571641445165 0.72046512365341198 0.43756379187107092 0.90521115064620983 1.0000000180025095e-35 2.5000000000000004 1.5000000000000002 0.70714285969734203 1.5000000000000002 0.67619043588638317
decision_type=2 2 2 2 8 10 2 8 2 2 2 10 2 2 2 2 2 2 10 2 2 2 2 2 2 2 2 2 2 10
left_child=1 2 5 6 -4 16 -3 -5 9 -8 11 14 -12 -14 -10 -16 17 18 19 20 22 -22 -1 29 25 -24 27 -26 -25 -19
right_child=-2 3 4 7 -6 -7 8 -9 10 -11 12 -13 13 -15 15 -17 -18 23 -20 -21 21 -23 24 28 26 -27 -28 -29 -30 -31
leaf_value=-0.069851977105744381 -0.028168208071054187 0.061170335083065921 -0.018777469794413731 -0.067620411708135417 -0.092331259300401564 0.10443496137269137 0.0025272256533066316 0.054538639467111072 -0.040737832161515178 -0.043076675501326996 0.1069097355699148 -0.12348806036918281 -0.078640120645363243 0.1077882577176078 -0.021460829089185913 0.058670342300196326 0.0020390827925671879 -0.057324449933714966 0.085119476590535939 -0.072128030523483336 -0.10288721483861502 0.088885089656937852 -0.10289623808808103 -0.040979885646379152 0.074487946121513757 -0.0071150985394379009 -0.07747058331314273 -0.01111465519784299 -0.15078145633934437 0.014097525612324411
leaf_weight=537.38276250835406 740.51451882736728 315.73553485401499 720.40831900653211 78.079585283230699 321.01824769327868 99.715767379675526 8991.5533935122367 803.7385214259557 229.93238042178564 845.67138562048785 309.37341575708706 90.857466992805712 73.937529982067645 49.543358167691622 194.21802888507955 509.33213264442747 18360.255220218001 355.45867639073003 310.28032270322365 451.05878115474661 173.50449416390802 614.48067220841767 251.21132086626312 242.11988958453003 618.63058422679023 1620.9851357545776 134.35061834193039 502.00125471047795 216.05662473009579 576.86164184197878
leaf_count=1550042 25454 8608 123210 15021 1083217 1758 272360 40727 2626 27678 111544 2978 1173 23825 2432 42829 1932554 72687 86632 530417 127282 156065 146104 20011 113985 201012 33823 26207 28047 87629
internal_value=-9.29091e-05 0.000446443 -0.00247739 0.00655639 -0.0415171 -0.000853693 0.00373493 0.0436579 0.00212405 -0.00139716 0.0258797 0.00487725 0.0754558 -0.00357578 0.01749 0.0365507 -0.00127841 -0.0105 -0.0027571 -0.0083338 -0.00185647 0.0465823 -0.0122821 -0.0395103 -0.00236992 -0.0200151 0.0239483 0.0361655 -0.0929733 -0.0131652
internal_weight=39338.3 38597.8 26105.8 12492 1041.43 25064.4 11610.2 881.818 11294.4 9837.22 1457.19 1024.34 432.854 123.481 933.483 703.55 24964.6 6604.38 5213.89 4903.61 4452.55 787.985 3664.56 1390.5 3127.18 1872.2 1254.98 1120.63 458.177 932.32
internal_count=6897937 6872483 6320682 551801 1206427 5114255 496053 55748 487445 300038 187407 50865 136542 24998 47887 45261 5112497 3179943 2971569 2884937 2354520 283347 2071173 208374 521131 347116 174015 140192 48058 160316
is_linear=0
shrinkage=0.15


Tree=71
num_leaves=31
num_cat=0
split_feature=34 34 9 17 16 17 20 29 16 28 25 33 7 37 23 8 19 9 10 10 8 32 27 23 29 10 24 28 32 33
split_gain=25.5619 35.3798 83.3689 40.3345 69.6109 61.5359 61.0907 51.6235 106.85 103.429 101.496 85.6442 78.7189 68.6843 47.1108 46.702 49.2917 42.5604 39.6539 38.633 39.4173 68.9941 72.6448 48.135 43.8727 36.9373 87.6287 61.5001 126.077 58.8366
threshold=0.9740215837955476 0.95401689410209667 0.63340443372726452 25.500000000000004 0.015151950065046551 52.500000000000007 61.500000000000007 0.19993426650762561 0.018857548944652084 0.46428571641445165 1.0000000180025095e-35 0.80993431806564342 2.5000000000000004 1.0000000180025095e-35 2.5000000000000004 0.82883000373840343 494.50000000000006 0.90621492266654979 0.71949720382690441 0.59957221150398265 0.63125470280647289 0.15274566411972049 1.5000000000000002 1.0000000180025095e-35 0.52598464488983165 0.85026848316192638 0.45000000298023229 0.77500000596046459 0.15274566411972049 0.96225070953369152
decision_type=2 2 10 2 2 2 2 2 2 2 2 2 2 2 2 8 2 10 10 8 8 2 2 2 2 10 2 2 2 2
left_child=1 3 -3 4 -1 15 7 8 10 11 -6 13 -10 18 25 16 -5 -12 -9 -7 21 22 -21 24 -23 -11 27 28 -27 -30
right_child=-2 2 -4 5 6 19 -8 9 12 14 17 -13 -14 -15 -16 -17 -18 -19 -20 20 -22 23 -24 -25 -26 26 -28 -29 29 -31
leaf_value=-0.063067685388446107 -0.011627820855513596 -0.01383455596022963 0.040293947733018844 0.0040179200667611941 -0.03690034684203302 -0.02991703986322973 -0.080884440046567099 -0.062145491151665525 0.15394487696301545 -0.0058640184849967549 0.069098666108481768 -0.14559251389851188 -0.15379506774802293 0.14560125757532269 -0.043243402418621568 0.01897387273119313 0.11051168435770886 0.0058988695340351652 0.3458204392268775 -0.056526216083407514 0.0023538585823274596 0.60902391804445799 0.10396454031936334 0.12425338176016208 -0.0063808893697480515 0.0054282612444762875 0.092045964755010271 -0.0017870101058845623 0.13887639255337986 -0.14503023900016235
leaf_weight=434.75441806741219 3926.0443740425326 1093.3885661808745 1542.3839248751756 149.59122155507612 639.86547445705219 799.26375682720209 220.68037165240094 215.51340017936673 187.0268490322851 12335.034266345898 521.50394104514271 205.94978745732078 19.966299558254832 47.074860309265205 610.52840744112109 1873.3562308916498 281.84630127705896 443.40779048576951 4.5139526499697231 135.02030591083349 6429.2183725874547 8.7070560634674603 118.00062142410206 60.633695163174707 3.5351415689219712 747.35151345178747 266.3432933834556 5577.8641854520283 271.90302234014962 16.684307585674105
leaf_count=80551 465037 505798 46091 22305 37704 698033 236030 303947 15335 1694077 2792 100982 323 4526 88541 91363 62183 2325 308 365139 1478586 807 54282 14203 131 48744 113256 357958 5330 362
internal_value=-0.000148245 0.00113022 0.0178433 -0.000220532 -0.00369133 0.00779349 -0.00253259 -0.00174695 0.0225064 -0.00391269 0.00938964 -0.0731546 0.123664 -0.0169664 -0.00225694 0.0292423 0.0736821 0.0400925 -0.0522492 0.0012466 0.00493776 0.0557491 0.018436 0.183295 0.444253 -0.000952482 0.00785271 0.00444878 0.0379938 0.122019
internal_weight=39187 35260.9 2635.77 32625.1 22766 9859.17 22331.2 22110.5 1811.77 20298.8 1604.78 473.052 206.993 267.102 19825.7 2304.79 431.438 964.912 220.027 7554.38 6755.12 325.897 253.021 72.8759 12.2422 19215.2 6880.15 6613.8 1035.94 288.587
internal_count=6897049 6432012 551889 5880123 3093091 2787032 3012540 2776510 58479 2718031 42821 409763 15658 308781 2308268 175851 84488 5117 304255 2611181 1913148 434562 419421 15141 938 2219727 525650 412394 54436 5692
is_linear=0
shrinkage=0.15


Tree=72
num_leaves=31
num_cat=0
split_feature=10 29 27 33 29 28 19 27 29 28 20 33 28 33 33 27 12 16 11 19 8 32 10 18 37 28 33 29 8 33
split_gain=27.1769 35.8727 55.5582 49.2259 42.5593 29.8996 27.4109 37.8882 37.1273 37.1259 26.8331 42.5562 44.0921 37.2899 52.7839 37.1145 54.2468 35.9326 36.124 59.9478 49.9333 68.4824 49.1079 40.3703 36.5126 33.4292 33.4037 29.2932 28.8943 28.3524
threshold=0.37705636024475103 0.46367803215980535 1.5000000000000002 0.61167800426483165 0.75958648324012767 0.46428571641445165 617.50000000000011 2.5000000000000004 0.82984957098960888 0.93750000000000011 1.0000000180025095e-35 0.59317129850387584 0.64583334326744091 0.9529346525669099 0.86602565646171581 1.0000000180025095e-35 2.5000000000000004 0.064264308661222472 0.14274276793003085 594.50000000000011 0.88581073284149181 0.27899491786956793 0.83767697215080272 0.0065484317019581803 1.0000000180025095e-35 0.46428571641445165 0.94665718078613292 0.60037919878959667 0.62141340970993053 0.7670542597770692
decision_type=8 2 2 2 2 2 2 2 2 2 2 2 2 2 2 2 10 2 10 2 10 2 8 2 2 2 2 2 10 2
left_child=1 2 5 -3 -5 -1 7 8 -6 -9 11 -2 13 14 28 16 -16 18 19 22 21 -20 24 -22 -14 -17 -23 -24 -13 -19
right_child=10 3 -4 4 6 -7 -8 9 -10 -11 -12 12 17 -15 15 25 -18 29 20 -21 23 26 27 -25 -26 -27 -28 -29 -30 -31
leaf_value=-0.019612323749678955 0.016215277064540488 -0.081001072807870195 -0.13938931283883008 0.045290563105613503 0.050486023347180144 0.13918950068821551 -0.12420675745929061 -0.057403704378223515 -0.15315376012368076 0.13087218642254392 0.0016535181332912924 -0.04701997479977358 -0.022274794194030237 -0.06568217890424298 0.016816992744438663 -0.11149359912870903 0.1912893816576284 0.039453464146885081 0.10141434856062866 -0.079270550454688574 0.003929452384101321 -0.0074820520971262553 0.098217454603667223 -0.074096294388232467 0.085989423257807285 -0.0020361033674540208 0.055289948443599614 0.012758378801593804 0.0092449654155624256 -0.073182206286676765
leaf_weight=117.67216855004608 1477.3294104596098 88.563478988202405 77.300056476417012 1175.8900898268557 32.656931617650116 33.430040523971911 48.347095059245476 36.114581713081861 49.970535292746717 64.396926277422608 27017.952918834519 1182.3492454428497 2029.7484770703704 461.08819809739271 610.56804328553335 89.866830462518919 41.939577183597066 61.202744106500177 272.89696548261418 263.75240414376094 897.88192206002714 534.72965689832927 98.025257406672608 177.91245395599799 71.626861677028501 203.22432089385075 295.33671327674529 1024.2984145671289 248.1258359522144 267.31987691744143
leaf_count=408831 326556 51568 222935 223148 1941 29964 1841 1235 8976 3401 4393401 375496 327991 82391 52720 50386 5433 2210 16852 47491 25071 13671 7168 13667 4007 52409 11345 43064 84064 6199
internal_value=1.99106e-05 0.0184252 -0.0368319 0.0268809 0.0337224 0.0162053 -0.0249832 0.00174325 -0.0730277 0.0633241 -0.000830797 -0.00734111 -0.0112828 -0.0266853 -0.0190933 0.00840032 0.0283067 -0.00398998 -0.00118943 -0.010655 0.0139596 0.0363718 -0.00501821 -0.0090311 -0.0185454 -0.0358627 0.0148918 0.0203033 -0.0372608 -0.0521425
internal_weight=39051.5 1724.34 228.402 1495.94 1407.38 151.102 231.486 183.139 82.6275 100.512 37327.2 10309.2 8831.89 2837.16 2376.07 945.599 652.508 5994.73 5666.21 3487.45 2178.76 1102.96 3223.7 1075.79 2101.38 293.091 830.066 1122.32 1430.48 328.523
internal_count=6895432 953840 661730 292110 240542 438795 17394 15553 10917 4636 5941592 1548191 1221635 702899 620508 160948 58153 518736 510327 429721 80606 41868 382230 38738 331998 102795 25016 50232 459560 8409
is_linear=0
shrinkage=0.15


Tree=73
num_leaves=31
num_cat=0
split_feature=18 8 20 9 32 29 10 33 33 13 8 9 16 29 26 15 19 28 29 28 8 33 12 10 18 17 20 0 32 35
split_gain=28.9443 70.0459 80.3486 63.7481 53.1617 51.8094 122.288 49.2426 39.9222 36.2365 31.4315 31.3951 49.7731 31.0163 30.2345 25.5766 33.8417 30.1258 25.2117 37.0139 27.9324 48.6027 25.1192 60.7471 37.7235 28.0597 33.8534 30.8981 97.8684 184.146
threshold=0.0027491422370076184 0.7038446068763734 2.5000000000000004 0.77382215857505809 0.15734768658876422 0.91459476947784435 0.87175527215003978 0.72046512365341198 0.96922349929809581 1.5000000000000002 0.93513435125350963 0.93647652864456188 0.015385021921247246 0.61271190643310558 1.0000000180025095e-35 47.500000000000007 581.50000000000011 0.18333333730697635 0.80740225315094005 0.64583334326744091 0.97227361798286449 0.94312667846679699 1.5000000000000002 0.6175350844860078 0.0061396812088787564 2.5000000000000004 3.5000000000000004 1.0000000180025095e-35 0.55094242095947277 1.0000000180025095e-35
decision_type=2 10 2 8 2 2 10 2 2 8 10 10 2 2 2 8 2 2 2 2 10 2 8 10 2 2 2 2 2 2
left_child=1 -1 3 5 -4 6 7 -3 -8 15 -5 22 -13 -14 -6 -2 -17 -18 19 -9 -20 -22 23 -11 -25 26 -24 28 29 -27
right_child=9 2 4 10 14 -7 8 18 -10 11 -12 12 13 -15 -16 16 17 -19 20 -21 21 -23 25 24 -26 27 -28 -29 -30 -31
leaf_value=-0.060720955885331919 0.044007655510375901 0.091538495478074203 -0.09274759347946418 -0.0061776263619260727 -0.020263828418730635 -0.032257078204856231 0.19233229884918138 -0.094206312663589573 -0.15435961362195555 0.091935256912831845 0.032512957221303582 -0.096593341875740271 -0.023062380431985573 0.060367778124043869 0.14556830440682766 0.018165860945249013 0.0081287699705732304 -0.041669362072980498 -0.058895937160791653 0.039688390541301237 0.15207226658312206 -0.098073140466769612 -0.012000070833885131 0.022104177945761864 -0.026680055425326931 -0.054952536089301514 -0.086464995630073885 0.0063960953165508629 0.0093037693407470711 0.00040431321250776562
leaf_weight=549.30609644334982 559.40550112188794 100.64326284005074 355.0330411183877 688.2817136182548 122.75794684131688 1493.031792930662 95.447508440600359 56.553077161777765 7.3692135544260955 215.92117294571835 1503.4581958588969 185.43479251215467 644.08388076463598 117.73031357541913 29.926278533879668 3006.9300181213184 666.17112800016184 462.21192971192067 370.80438718908408 240.16716649453156 39.422308106004493 29.884137798333541 1933.27407794799 1203.5832761833881 505.70011850094488 2009.1167290455833 146.93043770440272 11598.260191137395 5926.0381838709582 4130.1524587027961
leaf_count=17441 26064 3293 57308 34678 9038 54436 4511 870 121 20151 88497 1705 9720 19336 32940 99940 9130 11141 9936 4679 1151 957 67089 42507 39021 2677174 26606 3106885 313481 103966
internal_value=3.21001e-05 -0.009862 -0.00440835 0.00181486 -0.0609909 -0.0148956 0.0126767 -0.00635155 0.166236 0.00172005 0.0203655 -0.00028399 -0.0271216 -0.0101069 0.0129752 0.013933 0.00985495 -0.0122885 -0.0198282 0.0139382 -0.0425733 0.0443517 0.000635745 0.0171582 0.00766396 -0.000600479 -0.0172987 0.000868093 -0.00444601 -0.0177176
internal_weight=38993 5682.09 5132.78 4625.06 507.717 2433.32 940.291 837.474 102.817 33310.9 2191.74 28616.2 947.249 761.814 152.684 4694.72 4135.31 1128.38 736.831 296.72 440.111 69.3064 27669 1925.2 1709.28 25743.8 2080.2 23663.6 12065.3 6139.27
internal_count=6893772 319856 302415 203129 99286 79954 25518 20886 4632 6573916 123175 6427641 30761 29056 41978 146275 120211 20271 17593 5549 12044 2108 6396880 101679 81528 6295201 93695 6201506 3094621 2781140
is_linear=0
shrinkage=0.15


Tree=74
num_leaves=31
num_cat=0
split_feature=30 0 34 23 26 24 25 29 9 9 16 24 32 26 13 25 23 24 26 32 0 8 30 13 9 16 22 24 26 29
split_gain=26.017 41.2292 35.6618 26.1186 24.6528 47.3247 36.3504 38.4311 22.482 29.5611 104.985 59.3501 41.7644 85.2536 39.0604 35.6007 91.4259 92.9456 86.0946 80.4445 157.672 74.9065 72.4736 55.3968 51.1332 84.8201 48.96 58.1224 82.3124 46.6828
threshold=4.5000000000000009 1.0000000180025095e-35 0.98507130146026622 1.5000000000000002 1.0000000180025095e-35 0.55000001192092907 1.0000000180025095e-35 0.17313650995492938 0.99999997019767772 0.84040588140487682 0.015385021921247246 0.45000000298023229 0.79576316475868236 1.0000000180025095e-35 2.5000000000000004 1.0000000180025095e-35 2.5000000000000004 0.45000000298023229 1.0000000180025095e-35 0.64903101325035106 1.0000000180025095e-35 0.85268977284431469 1.5000000000000002 19.500000000000004 0.69974318146705639 0.014084815979003908 2.5000000000000004 0.29166667163372045 1.0000000180025095e-35 0.59207913279533397
decision_type=2 2 2 2 2 2 2 2 10 10 2 2 2 2 10 2 2 2 2 2 2 8 2 10 10 2 2 2 2 2
left_child=8 2 -2 -3 5 -5 -6 -8 9 15 11 -11 13 -12 -13 16 26 18 -18 20 22 -21 -17 -22 -23 -26 -1 -28 -29 -24
right_child=1 3 -4 4 6 -7 7 -9 -10 10 12 14 -14 -15 -16 19 17 -19 -20 21 23 24 29 -25 25 -27 27 28 -30 -31
leaf_value=-0.0013981892344413155 0.011726880855799289 -0.017624511340347343 -0.028195339353700978 -0.061331346420329627 -0.21860388867955496 0.13870064750451427 -0.13120869975117436 0.042130902869160949 -0.030040616745398031 0.067821028187973156 0.11749603524913699 -0.19341062723818686 0.013142133917009696 0.019609643402739376 -0.057350851657566614 -0.1353911398723337 -0.041090492763471854 -0.11642293162717986 0.13544829544596396 -0.023133320536579866 0.013357968624273802 0.1009365657733476 -0.047239453198642457 0.09564234391258071 -0.077086017220888176 0.055502833744005296 0.0066703732258540432 0.18920717287521152 0.020225111999658794 0.07293213331960087
leaf_weight=26626.482517156623 1480.0090705384209 555.44611524941138 761.73634760614368 211.80541626156628 49.260501716751605 29.458276782708708 75.068125238409266 45.663513505191077 513.661862448178 74.164206977235153 298.15606697279145 55.659890153736342 2006.019405468076 606.75106172740925 305.05737884453265 197.39598837823723 317.49402495502363 309.57184137078002 76.228510835717316 337.28080096072517 1123.8825225588516 396.28847857846995 549.6299298517406 219.26543614690308 126.77213685488096 724.16984875644266 486.26997138500883 114.34886531898519 148.79588151635835 82.893902062933194
leaf_count=6051630 47976 22389 29673 5756 650 1247 725 6470 30046 1511 4141 695 98220 55441 2772 7045 205868 2471 1246 28419 48551 20490 6395 9868 962 52465 128980 2507 4123 17334
internal_value=-7.96922e-05 -0.013016 -0.00184506 -0.0388923 -0.0675043 -0.0364358 -0.111128 -0.0658401 0.00108338 0.00153863 0.0149487 -0.0537154 0.0252218 0.0519561 -0.078822 0.000128904 -0.00170618 -0.0550683 -0.00665431 0.0138387 -0.00490376 0.0395298 -0.0562677 0.0268518 0.0564803 0.0356826 -0.000333329 0.0374523 0.0940941 -0.0314004
internal_weight=38904.7 3208.45 2241.75 966.702 411.256 241.264 169.992 120.732 35696.2 35182.6 3345.81 434.881 2910.93 904.907 360.717 31836.8 28079.2 703.294 393.723 3757.58 2173.07 1584.51 829.92 1343.15 1247.23 850.942 27375.9 749.415 263.145 632.524
internal_count=6896066 114886 77649 37237 14848 7003 7845 7195 6781180 6751134 162780 4978 157802 59582 3467 6588354 6396825 209585 207114 191529 89193 102336 30774 58419 73917 53427 6187240 135610 6630 23729
is_linear=0
shrinkage=0.15


Tree=75
num_leaves=31
num_cat=0
split_feature=11 32 15 13 28 32 8 21 32 28 7 26 31 11 13 24 32 32 29 33 11 15 19 33 29 29 12 11 29 19
split_gain=26.3661 47.9483 39.8729 25.2008 53.4496 133.47 100.782 81.6781 83.1867 77.2066 71.19 61.3007 48.4374 47.438 39.0621 33.1135 48.5629 32.4962 31.3208 28.1108 26.9591 24.9493 49.4403 86.2222 62.8632 97.3776 104.354 66.649 39.4653 51.935
threshold=0.42422442138195043 0.33000239729881292 3.5000000000000004 13.500000000000002 0.30952382087707525 0.29907643795013433 0.34155373275280004 1.5000000000000002 0.58913996815681469 0.53571429848670971 2.5000000000000004 1.0000000180025095e-35 0.52777779102325451 0.16398885846138003 29.500000000000004 0.29166667163372045 0.22734274715185168 0.15990332514047625 0.50135058164596569 0.45049019157886511 0.16079442948102954 17.500000000000004 590.50000000000011 0.48304596543312078 0.61777994036674511 0.24567271769046786 75.500000000000014 0.3841970711946488 0.76496347784996044 548.50000000000011
decision_type=10 2 10 10 2 2 10 2 2 2 2 2 2 10 10 2 2 2 2 2 10 10 2 2 2 2 8 8 2 2
left_child=3 2 -2 21 6 15 7 8 11 13 14 -5 20 19 -8 16 18 -17 -6 -7 -11 22 -1 -24 25 26 -25 -27 29 -23
right_child=1 -3 -4 4 5 9 10 -9 -10 12 -12 -13 -14 -15 -16 17 -18 -19 -20 -21 -22 28 23 24 -26 27 -28 -29 -30 -31
leaf_value=-0.00027575956760825693 0.13298691529459006 0.0065401410778760018 -0.069786842683274911 -0.091533946545173814 -0.062105379075798911 -0.045211649599455526 0.42118324899597104 0.1222023544021584 0.026622696888260453 0.051857525105588061 -0.1906001532517457 -0.011120161089692254 -0.019250497730226333 -0.032963024595671096 0.087302151083133314 0.23325268861748505 0.2306224032018028 0.044516628053875386 0.94551036068131211 0.12723728323964123 -0.015936371902014589 -0.047216305352586474 0.04528009083871317 0.1292740097884941 -0.0047273342239876883 0.0058742211297330765 -0.026454346277824201 -0.095655280779207971 -0.0017736958401953235 0.037599370266713006
leaf_weight=25651.621434290093 136.0236209205741 476.43661258686916 25.300777922895577 453.57843611383396 0.69891654973799022 22.818435627388681 21.997084409056697 87.659377089934424 436.40372798548924 505.99188978743041 7.3145755706209448 402.44787578083196 858.26655202620896 62.050844881581725 12.960133992062763 39.158026509641786 24.949406316140085 43.190971976320725 2.9552849481187877 241.78434059196661 177.89306691172533 182.51649080493007 455.09733205400153 104.35360944799231 2125.9151281422455 178.48448243038638 1195.1750582967088 782.97206312735034 2700.2349332231443 1421.5625129041637
leaf_count=4252818 5946 16546 2410 857429 3484 5127 396 1022 174154 11215 930 13393 16452 2889 370 943 6042 1780 200 31012 3876 34794 127173 41509 115946 126950 109756 428439 166058 336293
internal_value=0.000319128 0.0305426 0.100952 -0.000186248 0.0121334 0.0280641 -0.0100442 -0.0170999 -0.0266353 0.0185234 0.215382 -0.0537857 0.0044708 0.0846504 0.30327 0.187159 0.324919 0.135985 0.780854 0.112252 0.0342254 -0.00139103 -0.00290011 -0.0168003 -0.0232494 -0.0406551 -0.0138594 -0.0768209 0.00929812 0.0279254
internal_weight=38837.8 637.761 161.324 38200.1 3402.12 1979.76 1422.36 1380.09 1292.43 1868.81 42.2718 856.026 1542.15 326.654 34.9572 110.953 28.6036 82.349 3.6542 264.603 683.885 34797.9 30493.6 4842 4386.9 2260.99 1299.53 961.457 4304.31 1604.08
internal_count=6895352 24902 8356 6870450 1130714 83020 1047694 1045998 1044976 70571 1696 870822 31543 39028 766 12449 9726 2723 3684 36139 15091 5739736 5202591 949773 822600 706654 151265 555389 537145 371087
is_linear=0
shrinkage=0.15


Tree=76
num_leaves=31
num_cat=0
split_feature=33 10 29 13 8 32 10 29 32 6 16 27 33 20 33 32 8 27 23 33 33 32 33 33 33 10 18 29 7 8
split_gain=27.2151 67.5845 108.557 145.131 97.4111 75.7264 69.7701 63.9385 122.528 68.5031 66.7974 54.3686 52.067 66.488 49.1275 55.1689 48.6828 48.6138 66.3732 47.5522 47.2348 50.7334 46.4279 75.0994 46.0967 45.4284 66.8293 58.6901 76.2396 114.76
threshold=0.78319624066352855 0.55914703011512767 0.690290927886963 93.500000000000014 0.96552586555480968 0.27238743007183081 0.74299544095993053 0.88513177633285534 0.41824321448802954 1.0000000180025095e-35 0.028986481949687008 1.5000000000000002 0.36882591247558599 5.5000000000000009 0.76043477654457103 0.24453146010637286 0.98238280415534984 1.5000000000000002 1.0000000180025095e-35 0.65419578552246105 0.64051282405853283 0.52477234601974498 0.79008570313453685 0.79516318440437328 0.58411949872970592 0.61403992772102367 0.0032760055037215356 0.85970616340637218 3.5000000000000004 0.73096325993537914
decision_type=2 10 2 8 8 2 8 2 2 2 2 2 2 2 2 2 10 2 2 2 2 2 2 2 2 10 2 2 2 10
left_child=1 5 3 17 6 -1 19 8 -8 10 -9 -10 13 -7 15 -6 -17 24 -19 -4 21 -11 -2 -24 -3 26 -25 28 -27 -30
right_child=22 2 4 -5 14 12 7 9 11 20 -12 -13 -14 -15 -16 16 -18 18 -20 -21 -22 -23 23 25 -26 27 -28 -29 29 -31
leaf_value=-0.055838470993845007 0.04546349315220078 0.16137879705443695 -0.010795775270469286 0.014697329431710558 0.023015393864213935 0.038114344227680043 -0.0027414276706250822 0.039985048012017729 -0.10434057052434333 0.043295960003744978 -0.041820567658124946 0.1378178492291709 -0.014824540859709964 -0.058494889055021093 -0.023665349139674337 0.067981035482861427 0.19805633053816324 -0.12465901628508209 0.17971268501327445 -0.072641718162430174 0.014546666023130057 0.28963604720413888 -0.074304245044235995 -0.031956206893484065 -0.13315422574167068 -0.035420201145525562 0.011891684510793693 0.001864301490715598 -0.093923956746305742 0.077963362572190914
leaf_weight=882.76921008455611 564.35545234506208 20.123328807327198 515.5975719842445 774.82509760923858 365.85828303465678 896.036399752531 659.47790844794145 268.99140217830063 22.072821931622457 43.409997023292817 1338.4989169414657 245.14070139989781 5850.7362103431878 194.22260386061316 192.93444210700181 204.0796550714731 95.129777225796715 16.545989695179742 249.31561164365849 611.50514291471518 212.27675152470329 32.77599271654617 285.93245390187803 835.84814294450371 26.550483883533161 2160.6136081333389 11959.321501548562 8801.1879504233457 117.88424385787221 329.45803001234526
leaf_count=1812308 87526 917 63691 254339 31651 69099 83481 37939 495 2195 54879 17983 693508 31268 11802 8991 3917 1168 13367 63084 9727 1444 53503 23589 521 284547 2130398 1037020 2159 10797
internal_value=2.52273e-05 -0.00534503 0.00678313 0.0495613 -0.00290023 -0.0144831 -0.0128535 -0.000251626 0.0320198 -0.0160336 -0.0281152 0.1175 -0.00921621 0.0208662 0.0428806 0.0621919 0.109859 0.135672 0.160374 -0.0443847 0.0511568 0.151653 0.00296586 0.00198472 -0.00544546 0.00288898 0.00902503 -0.0039927 -0.0237517 0.0325589
internal_weight=38773.5 13718.9 5895.11 1087.36 4807.75 7823.76 3949.75 2822.64 926.691 1895.95 1607.49 267.214 6941 1090.26 858.002 665.068 299.209 312.535 265.862 1127.1 288.463 76.186 25054.6 24490.2 46.6738 24204.3 12795.2 11409.1 2607.96 447.342
internal_count=6897313 3267774 661591 270312 391279 2606183 334918 208143 101959 106184 92818 18478 793875 100367 56361 44559 12908 15973 14535 126775 13366 3639 3629539 3542013 1438 3488510 2153987 1334523 297503 12956
is_linear=0
shrinkage=0.15


Tree=77
num_leaves=31
num_cat=0
split_feature=33 8 32 28 33 10 33 10 28 8 6 19 10 33 20 33 17 8 32 33 14 9 32 10 17 33 10 28 32 27
split_gain=23.5178 50.8683 73.394 58.5009 67.9044 53.618 37.8079 53.9467 62.2543 48.3678 45.3956 46.9149 40.4911 32.6814 35.2541 61.7403 46.0828 49.7135 38.8439 39.6134 32.9803 33.4368 36.9867 31.6858 38.0922 31.2242 31.2181 32.8668 29.4781 44.8164
threshold=0.78319624066352855 0.96780294179916393 0.18710978329181674 0.81666666269302379 0.68469786643981945 0.941653072834015 0.63733074069023143 0.74710392951965343 0.6904762089252473 0.73583030700683605 1.0000000180025095e-35 639.50000000000011 0.37885282933712011 0.63373982906341564 92.500000000000014 0.49615384638309484 21.500000000000004 0.79480665922164928 0.69408363103866588 0.46385017037391668 32.500000000000007 0.79435431957244884 0.82804733514785778 0.69455742835998546 75.500000000000014 0.14854215830564502 0.54444366693496715 0.61250001192092907 0.19128373265266421 1.5000000000000002
decision_type=2 10 2 2 2 10 2 10 2 8 2 2 10 2 2 2 2 8 2 2 8 8 2 10 2 2 10 2 2 2
left_child=1 6 -3 -4 -5 -6 10 12 -9 -10 11 13 -8 14 16 -16 17 18 19 -1 -18 22 -22 24 -23 -19 -21 -28 -12 -30
right_child=-2 2 3 4 5 -7 7 8 9 -11 28 -13 -14 -15 15 -17 20 25 -20 26 21 23 -24 -25 -26 -27 27 -29 29 -31
leaf_value=-0.084150040267155835 0.0026509895229404243 -0.019762544412578808 0.18016684727935958 0.19598912574694607 -0.045046858422344363 0.19284000521853437 -0.014592193518531435 0.042353844036277621 0.14783351311547274 -0.016661669816618242 0.019263460537094376 0.034996039368237503 -0.046015255819619717 0.072355908095418489 -0.13099745851789596 0.010616559162436902 0.076329960203523076 0.14976412741613357 0.05143322420487545 -0.067537929980149791 0.0050528156227243395 -0.0037169761942501987 0.056236137667441143 0.057624418520702506 -0.067805247099051391 -0.038700170503924006 0.065748239696977434 -0.020455625563217984 -0.0014339579166876709 0.24805825390411976
leaf_weight=138.6920698131471 25072.631371924064 259.72328876576648 102.82866811855638 47.766880852170289 131.40894513696549 24.410422179935267 2587.8339168228586 648.33610391197726 40.263528753886931 1597.1199975064446 76.583126085723052 723.25073583908397 1434.238421458148 117.89705209828207 135.78893105386305 140.05148177583214 150.58602248990701 19.079812209794909 305.2905622785911 101.75447400151734 1374.5255049094303 590.77277327765205 412.2434492589091 112.69494641969141 321.73401008547626 1510.2235550820715 210.34870476999458 187.370719827426 25.878050352737773 42.263451176520903
leaf_count=123110 3628801 23132 5786 2151 2804 732 823474 72252 4135 97440 10553 270281 431618 28075 24872 18875 81670 1292 16432 144933 400811 41797 17102 10280 364466 139189 60198 46447 677 2007
internal_value=-7.14172e-05 -0.00510095 0.0388746 0.0884791 0.0415146 -0.00678782 -0.00701817 -0.0153508 0.00305007 -0.0125289 0.000831274 -0.00101017 -0.0258061 -0.00548294 -0.00710218 -0.0593176 -0.00444184 -0.0195557 0.00751878 -0.0135369 0.00817565 0.00450002 0.0168867 -0.0170834 -0.0263629 -0.0362525 0.0061996 0.025187 0.0836361 0.154658
internal_weight=38643.6 13571 566.138 306.415 203.586 155.819 13004.8 6307.79 2285.72 1637.38 6697.03 6552.3 4022.07 5829.05 5711.16 275.84 5435.32 2472.76 943.457 638.166 2962.56 2811.97 1786.77 1025.2 912.507 1529.3 499.474 397.719 144.725 68.1415
internal_count=6895392 3266591 34605 11473 5687 3536 3231986 1428919 173827 101575 1803067 1789830 1255092 1519549 1491474 43747 1447727 531601 391120 374688 916126 834456 417913 416543 406263 140481 251578 106645 13237 2684
is_linear=0
shrinkage=0.15


Tree=78
num_leaves=31
num_cat=0
split_feature=17 20 12 7 14 16 16 23 22 16 9 24 9 31 13 11 13 29 24 34 19 29 24 10 27 9 24 34 33 22
split_gain=23.4136 70.843 51.7361 43.9575 42.9354 39.2043 37.7751 37.7337 46.0499 91.1185 128.152 70.1335 44.9399 41.7425 41.5043 40.2245 30.7418 29.9929 49.2416 31.3141 29.8221 29.2473 71.3283 62.6673 37.8722 36.1643 33.9441 47.3491 38.3016 47.0564
threshold=21.500000000000004 28.500000000000004 4.5000000000000009 4.5000000000000009 3.5000000000000004 0.014925695955753328 0.045827884227037437 1.5000000000000002 1.5000000000000002 0.023555157706141475 0.6293783187866212 0.22500000149011615 0.7490091621875764 0.61250001192092907 2.5000000000000004 0.17857791483402255 5.5000000000000009 0.21938078105449679 0.87500000000000011 0.93063354492187511 623.50000000000011 0.83721771836280834 0.87500000000000011 0.7689022719860078 1.5000000000000002 0.9142272174358369 0.45000000298023229 0.83469945192337047 0.99074074625968944 2.5000000000000004
decision_type=2 2 8 2 8 2 2 2 2 2 10 2 10 2 10 8 8 2 2 2 2 2 2 10 2 10 2 2 2 2
left_child=1 5 -2 -3 -4 -1 -6 8 12 -10 11 -11 16 17 15 -15 -7 -14 19 -19 -17 23 25 -9 -25 26 -23 -28 29 -29
right_child=2 3 4 -5 6 7 -8 21 9 10 -12 -13 13 14 -16 20 -18 18 -20 -21 -22 22 -24 24 -26 -27 27 28 -30 -31
leaf_value=-0.066545378992339393 0.12533796560575461 -0.083440147827967104 0.18541634234346505 0.063983663268591437 0.0040759437289823227 -0.017288723298669057 0.19839416015875277 -0.0078064865222242947 -0.045787385518291895 0.0091355656919780079 0.12175362251185527 0.086525435108188858 0.092546420422767298 0.057354503661063407 -0.021895516454439528 0.012847487808903881 -0.0010952666557064155 0.022270054948132344 -0.034368055497284306 0.10301750801652497 -0.033289711168115556 -0.026202168456471622 0.12915165637318915 -0.10764196345509508 0.12756386995976862 0.1438351042075352 0.0047198864468702365 -0.45491377392621052 0.03233560423266181 -0.13938962187594409
leaf_weight=204.24375160760246 79.685938150681977 352.08828529681705 28.55891440637788 51.492016705062269 12660.60312320203 3880.5491122162493 21.549831978773 2156.2163890915454 457.964877564581 2763.0966868955757 283.70441426291654 290.29149466968374 193.54829474817961 400.84681379063113 1014.2235349615366 2243.3272812964278 8232.1269657123339 284.07400633730867 210.58781870431267 174.14881990675349 365.75826888997108 1792.6931036743663 63.618659322906751 16.928847444773055 117.52808824491512 25.330780607124325 81.484703741210978 11.080922949447993 24.682816960266791 113.29448372818297
leaf_count=49585 12386 386702 5669 14909 3438293 108096 4805 437804 163234 350492 16063 14609 3075 28510 36053 103281 1450330 4091 38317 2728 9926 138879 32769 1107 29020 441 9683 1590 2814 890
internal_value=0.00035598 -0.00224506 0.00560341 -0.064519 0.00484297 -0.00125315 0.00442175 -0.000721277 0.0019499 0.0168872 0.0254994 0.0165191 -0.00138563 0.0107557 0.00433364 0.0131761 -0.00628418 0.040684 0.0255597 0.0531158 0.0063694 -0.0133346 -0.0260617 -0.00159284 0.0973742 -0.0309425 -0.0332007 -0.087273 -0.137259 -0.170905
internal_weight=38595.3 25804.9 12790.4 403.58 12710.7 25401.4 12682.2 25197.1 20794.2 3795.06 3337.09 3053.39 16999.2 4886.51 4024.16 3009.93 12112.7 862.359 668.811 458.223 2609.09 4402.86 2112.19 2290.67 134.457 2048.57 2023.24 230.543 149.058 124.375
internal_count=6896151 3434998 3461153 401611 3448767 3033387 3443098 2983802 2328805 544398 381164 365101 1784407 225981 177770 141717 1558426 48211 45136 6819 113207 654997 187066 467931 30127 154297 153856 14977 5294 2480
is_linear=0
shrinkage=0.15


Tree=79
num_leaves=31
num_cat=0
split_feature=18 12 19 32 20 32 23 13 0 34 0 32 23 24 32 32 24 12 10 32 14 23 32 23 24 22 31 23 32 32
split_gain=19.8215 34.3781 29.3307 29.0473 92.4841 54.0291 46.8051 28.6045 28.1151 24.4222 45.6024 89.2456 77.8493 59.3051 40.684 39.3019 37.066 35.9572 66.1287 41.9698 39.3566 61.8123 54.7839 67.1391 71.3968 51.3093 48.9656 36.4741 34.8887 32.6042
threshold=0.0016090114950202408 1.5000000000000002 472.50000000000006 0.58046171069145214 1.5000000000000002 0.13841403275728228 1.0000000180025095e-35 1.5000000000000002 1.0000000180025095e-35 0.91403940320014965 1.0000000180025095e-35 0.48836216330528265 1.5000000000000002 0.22500000149011615 0.60901468992233287 0.8876924216747285 0.70833334326744091 2.5000000000000004 0.60682767629623424 0.11827922984957696 6.5000000000000009 1.0000000180025095e-35 0.30923926830291754 1.0000000180025095e-35 0.18333333730697635 1.5000000000000002 0.47222222387790685 1.0000000180025095e-35 0.15274566411972049 0.53363570570945751
decision_type=2 8 2 2 2 2 2 8 2 2 2 2 2 2 2 2 2 8 10 2 8 2 2 2 2 2 2 2 2 2
left_child=3 2 -2 4 -1 -6 -5 -3 -8 17 11 -11 -12 -13 -14 16 -15 18 -9 -20 21 -19 23 -22 -25 -26 -24 -21 -23 -28
right_child=1 7 -4 6 5 -7 8 9 -10 10 12 13 14 15 -16 -17 -18 20 19 27 22 28 26 24 25 -27 29 -29 -30 -31
leaf_value=0.038722991885264249 -0.023550523764168958 0.010010947310108166 0.020420212849773415 0.13450929978963683 -0.0890321526078105 0.079973562106813084 -0.0089758087356549485 0.039315673306701507 -0.046326252814069081 -0.093062150660176771 0.016967661361121416 -0.03113528602336469 0.0018516121027664768 0.082031281272497023 -0.065278599009746141 -0.013999147002013304 0.008649809682586846 0.028393444019568673 -0.041154768232868434 0.11683600208918651 -0.0064239009868008474 -0.075330819033303575 0.037143651023535028 -0.11214169828739304 -0.066934071717119112 0.030553456336375996 -0.02735278573188353 -0.0082717332427351496 -0.0005817484045162034 0.0054779279865244364
leaf_weight=692.12489105048189 385.21682300533212 4795.5532583661407 2945.0454527762813 40.404703448846703 251.41559647451322 50.378123852278804 950.01153658799012 422.99479206705837 867.58721670274099 354.23475755382515 2334.4713693688855 1929.0463286271042 355.22351610103033 245.32718235158245 473.24516481875617 763.96428084099898 417.90413354660268 2820.4307186148453 1454.8936846308134 54.430605199173442 4472.0309750207452 151.72192343140614 1008.9418103347853 295.08117368483727 243.7962447298778 240.26718632941993 767.75400119968253 968.37631517532282 1754.8251515971169 5934.8855327862038
leaf_count=23841 37220 156162 131093 8342 28049 7682 60827 44327 55699 663088 634449 137876 137431 6104 19870 26015 15264 87883 98399 2797 379109 596757 292098 2625279 9877 18883 183626 33714 64538 309184
internal_value=-0.000143181 0.00082115 0.0153285 -0.0121733 0.00851895 -0.0606493 -0.023241 -0.000676929 -0.0268198 -0.00254347 -0.0102847 -0.0215629 0.00294854 -0.0139911 -0.0365276 0.00918721 0.035876 4.10491e-05 -0.0154356 -0.0247949 0.00257958 0.0142945 -0.00169313 -0.0135089 -0.054114 -0.0185824 0.00635348 -0.00150627 -0.00656661 0.00171381
internal_weight=38441.6 35589.7 3330.26 2851.92 993.919 301.794 1858 32259.4 1817.6 27463.8 6873.42 3710.48 3162.94 3356.24 828.469 1427.2 663.231 20590.4 2900.7 2477.7 17689.7 4726.98 12962.8 5251.18 779.145 484.063 7711.58 1022.81 1906.55 6702.64
internal_count=6895483 6711043 168313 184440 59572 35731 124868 6542730 116526 6386568 1640097 848347 791750 185259 157301 47383 21368 4746471 179237 134910 4567234 749178 3818056 3033148 2654039 28760 784908 36511 661295 492810
is_linear=0
shrinkage=0.15


Tree=80
num_leaves=31
num_cat=0
split_feature=37 29 29 34 10 33 28 27 13 12 15 25 20 33 16 17 11 24 28 11 33 26 33 13 33 15 29 28 16 8
split_gain=23.462 50.4073 74.7997 57.6479 78.4745 51.4826 147.705 100.985 47.577 46.6041 25.0633 24.8678 24.4021 24.0997 25.9706 23.5531 23.1047 22.4184 20.3057 21.6697 19.2065 19.5178 22.368 23.6205 18.2124 18.452 27.4063 34.347 30.1414 34.5483
threshold=1.0000000180025095e-35 0.23366826027631762 0.58831122517585765 0.54027026891708385 0.72936025261878978 0.97752526402473461 0.64583334326744091 1.5000000000000002 8.5000000000000018 3.5000000000000004 46.500000000000007 1.0000000180025095e-35 144.50000000000003 0.87138131260871898 0.019707685336470607 7.5000000000000009 0.31167076528072363 0.36666667461395269 0.38750000298023229 0.173367515206337 0.90661337971687328 1.0000000180025095e-35 0.93405798077583324 4.5000000000000009 0.14854215830564502 47.500000000000007 0.76496347784996044 0.64583334326744091 0.037829818204045303 0.75099816918373119
decision_type=2 2 2 2 10 2 2 2 8 8 8 2 2 2 2 2 8 2 2 10 2 2 2 8 2 10 2 2 2 10
left_child=24 12 8 9 5 11 7 -7 13 -4 15 -5 20 18 -15 -10 -11 -16 19 -3 -2 22 -22 -24 -1 -26 27 -27 -29 -30
right_child=1 2 3 4 -6 6 -8 -9 10 16 -12 -13 -14 14 17 -17 -18 -19 -20 -21 21 -23 23 -25 25 26 -28 28 29 -31
leaf_value=0.070476780053072244 -0.044097280055214898 0.17916572793437335 0.089901951445672076 -0.036947370801412416 0.27752726785881543 0.15572317235200836 0.14377152800928603 -0.24873340343300121 0.19586708387976548 -0.12590754373046997 0.16292094527520251 0.10233287695208848 0.14150993368781378 0.086823254202144928 -0.081025983685479683 0.001288306202260555 -0.034695341570892803 0.0479436283219771 0.030386162344944307 -0.033456804893673975 0.091784823061795098 0.057927067077542881 -0.13044968326158146 0.038862643664838874 -0.0020727152700491299 -0.00040870455251930003 0.00014369020267425165 0.11488393106616754 -0.020757036145499546 0.15062391097354225
leaf_weight=78.643167392910982 406.50685198819338 57.878959976136684 44.889096507766226 269.36866115111843 26.777608525000687 19.385142574523343 170.6694830675624 43.510034632548923 18.117104256285529 110.26735966015622 148.73933600562123 31.319050434743986 19.426463985071678 55.613098619156517 83.295957180322148 52.312947315826023 145.02049416334921 46.542311149474699 80.586562806856818 12.85556757962331 23.636930902041058 103.08725371240871 52.079408265650272 27.909999004197743 34592.139735071061 253.66523225087258 1086.0973758390955 175.70354177293848 106.45509814310935 34.14214033830649
leaf_count=15173 85166 1301 560 16236 3678 1661 21146 706 998 1050 17221 3078 2258 4475 908 15487 1469 2603 1389 231 4413 1144 652 10250 6478787 123419 65837 9767 2723 1307
internal_value=-0.000293491 0.015316 0.0310258 0.00331859 0.0316912 0.0188741 0.0715559 -0.123588 0.0738639 -0.049639 0.128123 -0.0221491 -0.019868 0.0382777 0.00195505 0.0533822 -0.0744305 -0.034782 0.0824878 0.140595 -0.0252024 0.0119881 -0.0338287 -0.0716226 -0.00117468 -0.00133207 0.0141306 0.0407364 0.0736311 0.0216303
internal_weight=38376.6 2049.8 1417.15 861.207 561.03 534.252 233.565 62.8952 555.942 300.177 219.169 300.688 632.647 336.772 185.451 70.4301 255.288 129.838 151.321 70.7345 613.22 206.714 103.626 79.9894 36326.8 36248.2 1656.06 569.966 316.301 140.597
internal_count=6895093 198080 94197 49584 46505 42827 23513 2367 44613 3079 33706 19314 103883 10907 7986 16485 2519 3511 2921 1532 101625 16459 15315 10902 6697013 6681840 203053 137216 13797 4030
is_linear=0
shrinkage=0.15


Tree=81
num_leaves=31
num_cat=0
split_feature=18 17 18 12 14 19 20 17 32 10 23 22 24 9 24 11 28 23 22 21 29 9 28 29 10 33 28 33 28 10
split_gain=18.7425 22.9118 41.311 37.5005 42.6703 37.3416 28.68 26.4758 30.3519 28.968 25.1902 58.4906 58.6486 29.9213 24.8984 24.4311 27.2227 23.9384 57.5267 51.1276 70.0971 59.9847 36.0013 34.9186 66.7425 52.6971 92.7183 38.8969 44.0819 167.78
threshold=0.74686938524246227 21.500000000000004 0.022376419045031074 31.500000000000004 10.500000000000002 493.50000000000006 14.500000000000002 24.500000000000004 0.094107899814844145 0.99999997019767772 2.5000000000000004 2.5000000000000004 0.22500000149011615 0.73202604055404674 0.70833334326744091 0.21958450973033908 0.64583334326744091 1.5000000000000002 1.5000000000000002 1.0000000180025095e-35 0.65744346380233776 0.6293783187866212 0.38750000298023229 0.8709511160850526 0.83767697215080272 0.99074074625968944 0.86607143282890331 0.9506097435951234 0.84523808956146251 0.88492548465728771
decision_type=2 2 2 8 8 2 2 2 2 10 2 2 2 8 2 10 2 2 2 2 2 10 2 2 10 2 2 2 2 10
left_child=1 2 6 5 -5 -3 17 9 -9 -7 15 12 -12 -14 -13 -6 -17 18 -1 21 -21 -20 -23 24 -19 27 -27 28 29 -25
right_child=-2 3 -4 4 10 7 -8 8 -10 -11 11 14 13 -15 -16 16 -18 23 19 20 -22 22 -24 25 -26 26 -28 -29 -30 -31
leaf_value=-0.00077301721120558479 -0.025230436712750409 0.0025659317320756111 -0.01593175860996612 0.085127268827625044 -4.220366823639296e-05 -0.0059833626227814192 -0.044446434177099987 0.051211773210418747 0.13917449012092284 0.48502775125842945 -0.07526841408566233 -0.081824838849737278 0.17415397906491606 0.033489832157839662 0.067148377040595772 -0.049048304707777969 0.26194377886560666 -0.0027380137348325061 0.0086520902642316985 0.0010052257292770409 0.1150491362816191 -0.10868808582982449 0.15172365230445226 -0.052735949407168629 0.12205048496630234 -0.13619952837106755 0.075430467639956325 -0.161864319367403 -0.044247159719920236 0.22523819886473853
leaf_weight=14204.408646764499 666.05306161947374 585.98133308836805 4237.5166413877487 138.43406899378715 10338.377437992196 161.79531970003609 316.83195895498284 382.46900250147246 114.77290781072588 1.7491223065007933 37.289143618577327 86.483072272115351 112.50752258094144 49.386954208355746 34.615305768267717 9.8051044012809161 15.57518244541461 1890.7380394048068 2546.5296051147197 213.08534161004354 280.47601709526498 12.858602826949207 98.096079591181478 170.60934874359373 100.61622421683933 57.314579765394228 231.06278547360489 53.162709119738793 1162.6945353804967 67.317322053437238
leaf_count=1076320 840090 108626 1424071 47948 2122280 83580 240731 165685 18739 362 52879 4910 4126 2149 1043 7823 475 249673 272979 4704 23893 721 1666 7982 15070 2576 55786 2777 49643 6180
internal_value=-0.00030647 0.000134378 -0.00240209 0.00552332 0.00268413 0.0301468 0.000276877 0.0545646 0.0717538 0.00218383 0.00160804 0.0429731 0.0927812 0.131712 -0.0390405 0.000325665 0.144494 0.000950857 0.00329492 0.021627 0.0659145 0.01338 0.120843 -0.00994362 0.00362521 -0.0254465 0.033044 -0.0370636 -0.0322145 0.0265257
internal_weight=38378.6 37712.6 25643.3 12069.2 10822.5 1246.77 21405.8 660.786 497.242 163.544 10684 320.282 199.184 161.894 121.098 10363.8 25.3803 21089 17355.5 3151.05 493.561 2657.48 110.955 3733.52 1991.35 1742.16 288.377 1453.78 1400.62 237.927
internal_count=6895487 6055397 3434772 2620625 2243633 376992 2010701 268366 184424 83942 2195685 65107 59154 6275 5953 2130578 8298 1769970 1380283 303963 28597 275366 2387 389687 264743 124944 58362 66582 63805 14162
is_linear=0
shrinkage=0.15


Tree=82
num_leaves=31
num_cat=0
split_feature=10 32 27 29 27 29 19 35 16 28 29 10 28 32 29 10 27 33 28 20 33 28 27 27 29 33 8 27 31 10
split_gain=18.68 31.3896 59.6069 51.5341 45.6664 47.9231 39.8742 37.4587 28.7341 26.5148 23.9089 27.9013 22.391 21.8446 22.4826 21.5032 76.4438 60.8646 161.844 59.8234 54.3515 135.29 143.572 137.853 123.406 233.904 141.206 92.7933 91.4755 89.4333
threshold=0.37705636024475103 0.20212519168853763 1.5000000000000002 0.52779340744018566 2.5000000000000004 0.79820960760116588 617.50000000000011 1.0000000180025095e-35 0.0046620299108326444 0.64583334326744091 0.57227855920791637 0.28018182516098028 0.6904762089252473 0.54746860265731823 0.75958648324012767 0.8087032437324525 2.5000000000000004 0.90661337971687328 0.84523808956146251 3.5000000000000004 0.90661337971687328 0.77500000596046459 3.5000000000000004 2.5000000000000004 0.80740225315094005 0.93582704663276683 0.95214784145355236 3.5000000000000004 0.18333333730697635 0.76466295123100292
decision_type=8 2 2 2 2 2 2 2 2 2 2 10 2 2 2 10 2 2 2 2 2 2 2 2 2 2 10 2 2 8
left_child=1 4 10 -4 5 7 13 -1 -6 -9 11 -3 -8 -5 -15 20 -17 -18 -19 -20 27 22 24 -23 -22 26 -26 -2 -29 -28
right_child=15 2 3 6 8 -7 12 9 -10 -11 -12 -13 -14 14 -16 16 17 18 19 -21 21 23 -24 -25 25 -27 29 28 -30 -31
leaf_value=-0.10942986781863404 -0.0057094632227161612 0.018945006286831538 -0.087219506618791784 0.12579633492858969 -0.12250968227506466 -0.1771060687912612 0.0049659737349079889 -0.020490838167768175 0.10662751035507471 0.063333786786923696 0.024199106506527859 0.13915937786954236 -0.10751693185370029 0.055809849984193687 -0.029881469134282784 0.024371605491632035 0.0073324068321550953 -0.10857689249188142 0.014820614726903844 -0.032882428600862365 0.0077898851476396937 -0.072502997285524173 -0.21071038539946016 0.069260285532936186 -0.02989692811681997 -0.09602270929067605 0.26386454054688752 0.050443810211817229 -0.08605626276258746 -0.037846816433858871
leaf_weight=78.33504507593716 16181.386108739636 58.021079244244902 110.35330342967427 68.101326779593364 13.265959250922604 43.692919649842224 104.96482990603545 302.58634593329043 95.462802618939349 116.87040888547199 108.57075182564586 176.09396836521046 63.074090426496696 261.99818563368171 92.617569820402423 3194.6660713407982 4526.9778447518256 403.36234955087093 1354.2766271208638 1048.6602132729367 6799.6589465288307 177.22116696184094 71.942438756334013 1157.7451051815588 143.21762152788142 685.25054466657457 89.786677943000541 135.19566796700019 589.22975388925624 28.916153192498314
leaf_count=841527 3606630 5217 8838 2382 2503 12870 2639 35387 15770 3082 3695 7650 1404 7388 3721 516315 237623 30044 103031 299530 926090 16237 3960 62953 11075 59708 4077 39330 24640 1520
internal_value=2.31388e-06 0.0153966 0.031501 0.00640661 -0.0104646 -0.0283005 0.0240138 -0.0149104 0.0778089 0.00295974 0.0826742 0.109574 -0.0376412 0.048554 0.0334081 -0.000710847 0.00501007 -0.00342676 -0.0207793 -0.00600238 -0.00302218 0.00628701 -0.00125036 0.0504006 0.000721777 -0.0499743 0.0704072 -0.00806275 -0.0605476 0.190665
internal_weight=38281.5 1694.01 1043.8 701.109 650.213 541.485 590.756 497.792 108.729 419.457 342.686 234.115 168.039 422.717 354.616 36587.5 10527.9 7333.28 2806.3 2402.94 26059.6 9153.74 7818.77 1334.97 7746.83 947.171 261.92 16905.8 724.425 118.703
internal_count=6896836 954073 42934 26372 911139 892866 17534 879996 18273 38469 16562 12867 4043 13491 11109 5942763 1186543 670228 432605 402561 4756220 1085620 1006430 79190 1002470 76380 16672 3670600 63970 5597
is_linear=0
shrinkage=0.15


Tree=83
num_leaves=31
num_cat=0
split_feature=22 24 34 32 34 24 0 31 32 33 22 29 20 0 23 34 29 13 30 16 31 24 29 22 18 34 34 31 32 24
split_gain=17.1351 26.9669 18.068 17.0199 133.196 143.025 120.448 77.5585 91.4537 71.5702 62.8843 47.5107 73.6979 47.4137 142.08 68.8966 66.5644 68.814 63.8416 66.5457 61.3609 58.4867 46.3297 45.1617 44.6526 42.9605 51.9284 74.2893 42.2022 40.4007
threshold=3.5000000000000004 0.70833334326744091 0.62880185246467601 0.12846045196056369 1.0000000180025095e-35 0.18333333730697635 1.0000000180025095e-35 0.47222222387790685 0.47145241498947149 0.97849214076995861 1.5000000000000002 0.97357577085495006 3.5000000000000004 1.0000000180025095e-35 1.0000000180025095e-35 0.89237451553344738 0.57603889703750621 3.5000000000000004 2.5000000000000004 0.010638742242008449 0.61250001192092907 0.22500000149011615 0.8252890706062318 1.5000000000000002 0.0065484317019581803 0.95875850319862377 0.98095065355300914 0.89444443583488475 0.86973348259925853 0.29166667163372045
decision_type=2 2 2 2 2 2 2 2 2 2 2 2 2 2 2 2 2 8 2 2 2 2 2 2 2 2 2 2 2 2
left_child=3 2 -2 4 -1 -6 -7 9 -9 -5 -8 22 -13 15 23 16 18 28 -10 29 24 25 -11 -15 -16 -17 27 -27 -18 -20
right_child=1 -3 -4 7 5 6 10 8 13 11 -12 12 -14 14 20 21 17 -19 19 -21 -22 -23 -24 -25 -26 26 -28 -29 -30 -31
leaf_value=-0.00074081882220859219 0.037662950800827384 0.17125813113645558 -0.19722709895257154 0.012647987216447186 -0.12864504337948754 -0.15788540483204097 -0.036976063750712024 -0.052777321624005911 -0.059082058640492166 0.051429847481113108 0.087530456704943846 0.18533170306056493 0.038238070170704068 0.068966665129985755 -0.017853101420311594 -0.032419667641127428 0.085741129664274121 0.014789590538178184 0.031449035457644103 0.00354900651772259 -0.023597747221331299 0.012618308727392448 -0.1138373387867575 -0.076217397222038658 0.012654692053869264 -0.023091473771178397 -0.023103882359948039 0.063087537732753274 0.026292667127308312 0.16049898459245165
leaf_weight=10671.896663918465 9.3870794730019025 6.550876154593424 29.007755326944789 2868.7990343167203 392.92360756145354 92.24919792727087 162.00369918832439 757.28595446937834 328.14465974608174 248.29670762406568 206.76985822454662 150.52228191497852 156.40560502629887 642.47508183088212 1788.5479231072968 1829.6991933192112 723.22830965973844 1484.1199552713952 121.93727069446322 2271.9398950460309 4986.211854055975 2825.3224441167549 44.099154481798905 51.298705983637774 2719.4482571291082 397.23863247042027 1059.8913662716295 517.03313748260553 429.05013480862544 98.733781159389764
leaf_count=214800 657 278 3785 863911 4461925 9085 5518 137404 71962 39064 9147 12194 34127 28676 71853 98001 38736 37762 79355 55948 200810 144198 2282 3582 148309 41500 45972 8760 24497 1670
internal_value=-0.000603712 -0.0921519 -0.140301 -0.000493083 -0.00530473 -0.062273 -0.00554893 0.00159982 -0.00154949 0.0225087 0.0328822 0.0696093 0.110743 0.000194453 -0.00734296 0.00654807 0.0190286 0.0361597 0.00301003 0.0112047 -0.0121334 -0.00372726 0.0262012 0.0581373 0.000549447 -0.0158681 -0.000519041 0.0256596 0.0636475 0.0896528
internal_weight=38070.5 44.9457 38.3948 38025.6 11525.8 853.946 461.023 26499.7 23031.6 3468.12 368.774 599.324 306.928 22274.3 10188 12086.3 5457.15 2636.4 2820.76 2492.61 9494.21 6629.18 292.396 693.774 4508 3803.86 1974.16 914.272 1152.28 220.671
internal_count=6895768 4720 4442 6891048 4700475 4485675 23750 2190573 1238995 951578 14665 87667 46321 1101591 453230 648361 309930 100995 208935 136973 420972 338431 41346 32258 220162 194233 96232 50260 63233 81025
is_linear=0
shrinkage=0.15


Tree=84
num_leaves=31
num_cat=0
split_feature=18 14 12 10 33 28 29 28 34 10 14 33 29 33 13 23 10 33 18 10 24 29 27 11 9 15 32 23 24 12
split_gain=23.0762 31.9601 24.1137 36.9627 26.5528 70.2753 24.5195 47.1821 35.8012 65.1505 33.4243 34.6628 33.4492 36.1753 32.1544 28.4546 26.594 26.0149 22.2564 22.1293 19.9464 37.1534 19.9113 19.526 24.9142 28.4426 23.4917 108.124 107.681 68.0721
threshold=0.0016090114950202408 5.5000000000000009 1.5000000000000002 0.66362708806991588 0.94665718078613292 0.86607143282890331 0.82243230938911449 0.86607143282890331 0.58876052498817455 0.88918977975845348 1.5000000000000002 0.81909090280532848 0.85578954219818126 0.8989795744419099 5.5000000000000009 1.0000000180025095e-35 0.76466295123100292 0.88989898562431347 0.0037140236236155037 0.76466295123100292 0.36666667461395269 0.89295819401741039 2.5000000000000004 0.38582456111907965 0.77382215857505809 4.5000000000000009 0.25210385024547582 1.0000000180025095e-35 0.18333333730697635 2.5000000000000004
decision_type=2 8 8 10 2 2 2 2 2 10 10 2 2 2 10 2 10 2 2 10 2 2 2 10 8 8 2 2 2 8
left_child=1 20 3 18 6 -6 14 8 -8 10 11 16 -12 -14 -5 -9 -10 -13 -2 22 -1 -22 -19 26 -25 -26 27 29 -29 -4
right_child=2 -3 23 4 5 -7 7 15 9 -11 12 17 13 -15 -16 -17 -18 19 -20 -21 21 -23 -24 24 25 -27 -28 28 -30 -31
leaf_value=-0.013057845865113488 0.015684868919160943 -0.072308374099818939 -0.030040517064769547 -0.044414673677349276 -0.097403194244875715 0.0059028116794980863 0.020764063584117375 0.050596575786099489 -0.034240044009828233 0.21178230158056974 -0.018013856867180961 -0.099873885548845784 0.081618727486509127 0.37413102884502553 0.12158689725024184 -0.010230047347076476 0.16153490348508803 -0.0046661425040509614 0.081970522471716198 -0.042790295403302182 -0.034567151537383288 0.082699350821025155 0.30788988654952432 -0.0063992134099112984 0.0760341479460106 -0.050933961481790704 0.0019656020597324806 -0.11739763877440751 -0.016701651571985332 0.0048562432452772608
leaf_weight=2355.0979170690916 205.84631588762386 190.53853019109374 1530.7070179389339 228.03607494541939 180.38057768175895 808.44081166880824 305.82411503374169 224.25719542404113 22.523238022720761 77.075592995774059 17.806055155157082 59.585824117049924 19.910223946943006 18.569490069043241 28.683249596782844 745.5486333991139 47.729708192222461 7.9140796069441448 255.96241389210991 22.942799634689436 106.77668318523502 138.82430912047857 9.809239768128462 263.88395074621076 256.81811584887782 46.198908161218242 21733.627970921167 370.0779986046382 672.19830673352226 7030.0368538429757
leaf_count=77485 7795 7919 22724 12970 9392 67118 2305 2440 727 7577 1565 1963 1384 1122 597 22366 4550 270 23421 808 15555 83803 389 6297 15702 4505 1630787 4322916 33994 504568
internal_value=-4.58207e-05 -0.0131714 0.000995617 0.0132268 0.00678688 -0.0130216 0.0174552 0.0244433 0.0571034 0.0934888 0.0525332 0.019108 0.151686 0.22868 -0.0254675 0.00387309 0.0991694 -0.0374215 0.0525221 0.0542873 -0.00881259 0.0317835 0.175528 -0.000264869 0.0273004 0.0565723 -0.000764398 -0.00694251 -0.0525337 -0.00138626
internal_weight=37981.6 2791.24 35190.4 3286.85 2825.04 988.821 1836.22 1579.5 609.69 303.866 226.791 170.505 56.2858 38.4797 256.719 969.806 70.2529 100.252 461.809 40.6661 2600.7 245.601 17.7233 31903.5 566.901 303.017 31336.6 9603.02 1042.28 8560.74
internal_count=6895014 184762 6710252 168759 137543 76510 61033 47466 22660 20355 12778 8707 4071 2506 13567 24806 5277 3430 31216 1467 176843 99358 659 6541493 26504 20207 6514989 4884202 4356910 527292
is_linear=0
shrinkage=0.15


Tree=85
num_leaves=31
num_cat=0
split_feature=13 32 9 29 12 29 17 11 33 28 29 28 10 8 32 29 10 29 26 18 23 11 19 22 31 9 30 32 30 28
split_gain=16.0904 43.5967 81.3989 59.7362 34.5002 47.5071 29.5801 26.0271 25.0964 59.2646 55.8078 30.6629 102.621 48.7118 31.1355 44.034 32.205 31.2437 65.6573 34.3713 30.6339 28.3843 26.94 22.7238 21.759 35.4863 27.756 25.7823 27.0832 20.9716
threshold=13.500000000000002 0.16876788437366488 0.36118732392787939 0.34437562525272375 23.500000000000004 0.35887238383293157 208.50000000000003 0.16029857844114306 0.99074074625968944 0.93750000000000011 0.80740225315094005 0.86607143282890331 0.88052105903625499 0.97737857699394237 0.57694143056869518 0.81566143035888683 0.74299544095993053 0.26814900338649755 1.0000000180025095e-35 0.028644502162933353 1.0000000180025095e-35 0.19125507026910785 498.50000000000006 1.5000000000000002 0.61250001192092907 0.51910424232482921 1.5000000000000002 0.67489206790924083 2.5000000000000004 0.30952382087707525
decision_type=10 2 10 2 10 2 2 10 2 2 2 2 10 10 2 2 10 2 2 2 2 10 2 2 2 10 2 2 2 2
left_child=-1 2 3 -2 8 -6 -4 -7 11 10 29 12 13 14 17 16 21 18 19 -3 -13 24 -19 -20 25 26 -16 -26 -29 -10
right_child=1 4 6 -5 5 7 -8 -9 9 -11 -12 20 -14 -15 15 -17 -18 22 23 -21 -22 -23 -24 -25 27 -27 -28 28 -30 -31
leaf_value=-0.00042936389479743844 -0.11740163045668467 0.34270434157057539 0.19260788732383191 0.26166443367711267 0.30910666412986232 0.07213612594798377 0.51070468300549032 -0.090610619203717727 -0.030677109774893432 0.12272427205010504 -0.12127342291892677 0.1350869214953396 0.22875610164518828 0.18402586444855334 -0.080015804320142395 -0.064038113720271794 0.19198783357934707 -0.043173216088455681 -0.016562193712306945 -0.082521578488429267 -0.040994339318375039 -0.078670430121360116 0.046472053287910126 0.059042673663680129 -0.054488442283721419 0.011357324706589114 0.14314710514898996 -0.078256074486065461 0.045879164765182626 0.072084458381005828
leaf_weight=34578.290087855916 34.218224005281627 3.3591750763007431 28.421260253569017 11.740347665786429 16.175809285283322 136.88029246639053 8.7566296988543382 25.446026213103323 66.232991041048081 128.06467996328138 64.686541211325675 22.281645925715566 44.861698313325178 31.566611644331715 13.306989507684191 123.67090006852231 26.259604813734768 107.21912010507367 270.62934547540499 385.29293054495611 509.86249999899883 53.355035454762401 248.42767270744298 132.38917483901605 96.118442044084077 128.64371242925699 123.45505302099627 43.689400818671857 347.55479538512009 133.44947853033227
leaf_count=5761751 50656 72 3251 323 523 3151 8247 977 33912 7220 1120 317 1236 655 9181 2617 468 4997 4875 785277 8884 1396 8257 2310 47604 23001 39267 14661 61939 4001
internal_value=0.00053449 0.0104331 0.117054 -0.0170572 0.0076982 0.0716371 0.278945 0.0462256 0.00399981 0.0394032 -0.00126928 -0.00113589 0.0067479 0.0019779 -0.000840359 0.0191411 0.0315614 -0.017493 -0.0340705 -0.0779762 -0.033382 0.0261041 0.0194008 0.00835822 0.0336249 0.0681029 0.12101 0.014748 0.0318531 0.0380163
internal_weight=37944.3 3366.02 83.1365 45.9586 3282.88 178.502 37.1779 162.326 3104.38 392.434 264.369 2711.94 2179.8 2134.94 2103.37 956.054 832.383 1147.32 791.671 388.652 532.144 806.123 355.647 403.019 752.768 265.406 136.762 487.363 391.244 199.682
internal_count=6892146 1130395 62477 50979 1067918 4651 11498 4128 1063267 46253 39033 1017014 1007813 1006577 1005922 200134 197517 805788 792534 785349 9201 197049 13254 7185 195653 71449 48448 124204 76600 37913
is_linear=0
shrinkage=0.15


Tree=86
num_leaves=31
num_cat=0
split_feature=18 24 9 30 17 16 12 20 20 9 11 19 33 29 8 29 10 32 16 23 24 21 16 10 28 29 8 29 8 32
split_gain=21.5839 18.8898 21.6807 20.8114 17.7204 56.8221 37.1115 46.4697 34.4067 30.3344 36.7024 35.9469 49.3395 55.0924 32.377 89.0246 33.4125 26.773 26.7469 26.5913 40.4576 43.7201 26.0977 44.7854 78.7043 64.0648 60.4035 57.8703 53.1814 57.5515
threshold=0.74686938524246227 0.29166667163372045 0.34689652919769293 1.5000000000000002 25.500000000000004 0.015151950065046551 10.500000000000002 27.500000000000004 106.50000000000001 0.7490091621875764 0.1805369630455971 635.50000000000011 0.50384616851806652 0.80346640944480907 0.56423103809356701 0.33907794952392584 0.66362708806991588 0.71519917249679577 0.034911638125777252 2.5000000000000004 0.22500000149011615 1.5000000000000002 0.024185075424611572 0.61403992772102367 0.73214286565780651 0.82984957098960888 0.92730411887168895 0.79820960760116588 0.74355736374855053 0.25918672978878027
decision_type=2 2 10 2 2 2 8 2 2 10 8 2 2 2 10 2 10 2 2 2 2 2 2 8 2 2 10 2 10 2
left_child=4 -2 3 -3 5 -1 7 -6 9 14 -11 17 -13 -14 16 18 -7 -12 -16 -8 -21 -22 -17 24 26 28 -24 -28 29 -26
right_child=1 2 -4 -5 6 8 19 -9 -10 10 11 12 13 -15 15 22 -18 -19 -20 20 21 -23 23 -25 25 -27 27 -29 -30 -31
leaf_value=-0.051603644655349501 -0.041272167322770996 -0.10391870642829797 0.074383341463951563 0.059132991575374196 0.099329223639300232 -0.02218553667478303 0.0032096398180827298 -0.11617136459365701 -0.10330950175723282 0.03750911322080757 0.034840569888828117 0.086687455522244258 -0.066444691537729389 0.045231854332038683 0.1658297993640063 -0.029019664764204988 0.082950794581352696 0.0039324961982634644 -0.082479647967669517 -0.078371578040902515 0.14721129778433042 0.019792396186565548 -0.01211908282069823 -0.0042040633513997609 0.11941088534122718 0.0014067541647394468 0.0027573456716695217 0.33110110855629471 0.12661853376495918 0.01507071635134798
leaf_weight=499.50155120661657 492.87533772945608 43.35061095967103 77.061932674565469 28.374805038314662 167.35795529811185 2413.329446167847 10523.747687109459 25.132664551303606 72.136256259502261 859.53279928724805 744.63187591418682 73.550900459376862 468.00945491137099 125.35493704291002 89.578762787685264 751.81646337136772 69.01899950560437 4088.7696542713093 10.33377180897878 46.587992259470411 102.77566987006867 146.48174207727425 1500.5242032811821 13011.623087186246 163.19941992233544 524.63057854114959 25.573478667056406 21.914781977955499 246.74919150512869 432.86260126909474
leaf_count=96680 826009 7558 4161 1734 33351 754698 2321446 2212 115842 58279 40403 991 7449 8890 28741 529070 9628 181645 510 64625 5118 2996 422644 1285449 20286 35985 3985 1329 14551 7962
internal_value=0.000104431 -0.0271505 0.0195922 -0.0394888 0.000575209 -0.00154744 0.00562368 0.0707373 -0.000572321 -0.000279043 0.00870226 0.00419462 -0.0284247 -0.0428154 -0.00324488 -0.000878934 -0.0192301 0.0087004 0.139585 0.00445882 0.0487339 0.072709 -0.00172868 -0.000438704 0.0163617 0.0425702 -0.00680221 0.157984 0.0681615 0.0437908
internal_weight=37846.4 641.663 148.787 71.7254 37204.7 26192.6 11012.1 192.491 25693.1 25621 6359.85 5500.32 666.915 593.364 19261.2 16778.8 2482.35 4833.4 99.9125 10819.6 295.845 249.257 16678.9 15927.1 2915.45 1367.44 1548.01 47.4883 842.811 596.062
internal_count=6894227 839462 13453 9292 6054765 3625017 2429748 35563 3528337 3412495 297657 239378 17330 16339 3114838 2350512 764326 222048 29251 2394185 72739 8114 2321261 1792191 506742 78784 427958 5314 42799 28248
is_linear=0
shrinkage=0.15


Tree=87
num_leaves=31
num_cat=0
split_feature=22 24 18 8 20 9 23 29 10 11 29 8 10 13 13 10 9 9 24 16 24 10 12 28 27 32 11 29 27 16
split_gain=16.6024 22.6472 13.8712 74.4052 44.8865 33.6472 46.1303 33.6698 98.9977 32.1149 26.7215 26.9642 29.8604 22.6451 23.8837 21.3033 20.9149 20.5595 20.306 30.5096 23.4727 20.1624 26.3494 20.9848 52.7081 49.3022 29.6849 24.0784 24.9334 24.6408
threshold=3.5000000000000004 0.70833334326744091 0.0032760055037215356 0.706171214580536 2.5000000000000004 0.7788735330104829 1.0000000180025095e-35 0.91459476947784435 0.87175527215003978 0.18855109065771106 0.85970616340637218 0.96994096040725719 0.7689022719860078 1.5000000000000002 11.500000000000002 0.83150798082351696 0.92922961711883556 0.97544005513191234 0.55000001192092907 0.080649357289075865 0.36666667461395269 0.37705636024475103 5.5000000000000009 0.64583334326744091 1.5000000000000002 0.20728501677513125 0.16574510186910632 0.75473687052726757 2.5000000000000004 0.025075882673263553
decision_type=2 2 2 10 2 8 2 2 10 8 2 10 10 8 10 10 10 8 2 2 2 8 8 2 2 2 10 2 2 2
left_child=2 -2 3 9 5 6 -5 8 10 17 -8 -12 -13 -6 -15 -7 -17 -1 19 -9 -21 22 -4 24 25 -24 -27 -25 -29 -30
right_child=1 -3 21 4 13 15 7 18 -10 -11 11 12 -14 14 -16 16 -18 -19 -20 20 -22 -23 23 27 -26 26 -28 28 29 -31
leaf_value=-0.026075048087569094 -0.1421389043892245 0.14759028143041461 0.05467998077426995 0.13998656871024209 0.097890712562291426 -0.004280531514923136 0.0121245054281739 -0.022337348161715048 0.15250764448469059 -0.076753397877228208 -0.071421075039240459 0.20096475250712997 -0.031448960470393417 -0.054258379011475101 0.095375469235945504 0.024120804106464746 0.1283193140749698 0.10242568153551224 0.100160457239996 -0.17103835914288631 0.11394906810809877 0.00041797032353084403 -0.034514395999462648 0.048322290030901049 -0.093277657110431317 0.092176622659083676 -0.019226144744910523 -0.096998917247135288 0.16484831288501331 -0.027902020636277516
leaf_weight=238.19079363741912 34.682267298856459 6.4651735370571251 342.86357622540572 45.725603950071672 24.409785691910656 704.7115734561894 610.64372707845178 1458.6997623952047 99.44705760278157 444.37958580099257 197.82382590761699 17.796723518578801 36.129370801732875 509.11543291088947 24.295404306787532 1529.410272714611 43.677482987302938 30.740493240427895 28.043339827854652 48.654254026536364 6.7752301771834018 30136.568486480257 258.328462156559 389.68091480354269 135.78958982533368 176.44370279913892 76.812307501779287 59.18968993132512 21.331389693075835 44.29861327391518
leaf_count=6342 4462 281 76058 6307 17316 36885 15152 25586 4753 14387 5709 542 1149 83274 1777 64910 28507 4270 21380 3170 4392 5599905 534728 70584 238050 9074 4006 12205 848 2361
internal_value=-0.000103301 -0.0941944 1.77826e-06 -0.00654785 -0.000514163 0.00414383 -0.00769121 -0.0104427 0.0115745 -0.0520365 -0.00483503 -0.0458572 0.0475147 -0.040761 -0.0472773 0.0173894 0.0270936 -0.0110616 -0.0241733 -0.0265407 -0.134802 0.00126435 0.0182039 0.00740216 -0.0105647 0.011529 0.0584455 0.0299857 -0.0271894 0.0362805
internal_weight=37781.1 41.1474 37740 6098.67 5385.36 4827.54 2549.74 2504.01 961.841 713.311 862.394 251.75 53.9261 557.821 533.411 2277.8 1573.09 268.931 1542.17 1514.13 55.4295 31641.3 1504.74 1161.87 647.374 511.584 253.256 514.501 124.82 65.63
internal_count=6898370 4743 6893627 345808 320809 218442 88140 81833 27305 24999 22552 7400 1691 102367 85051 130302 93417 10612 54528 33148 7562 6547819 947914 871856 785858 547808 13080 85998 15414 3209
is_linear=0
shrinkage=0.15


Tree=88
num_leaves=31
num_cat=0
split_feature=19 13 29 33 14 29 28 29 14 11 17 20 33 8 24 10 20 29 8 33 18 33 33 28 29 20 9 28 33 29
split_gain=14.8698 41.549 53.918 40.9028 58.2743 51.919 62.552 92.3299 41.1488 36.4613 50.1235 41.7975 46.0049 34.0098 32.4259 38.0381 30.0263 42.424 29.1975 24.2115 24.0861 25.9615 23.6823 42.4795 35.1905 27.7563 58.4318 34.1857 102.704 89.0272
threshold=463.50000000000006 51.500000000000007 0.90212523937225353 0.76253134012222301 47.500000000000007 0.77938890457153331 0.64583334326744091 0.56827601790428173 33.500000000000007 0.16234241425991061 44.500000000000007 81.500000000000014 0.83484846353530895 0.99999985098838817 0.36666667461395269 0.32144038379192358 92.500000000000014 0.36338339745998388 0.74610918760299694 0.53681120276451122 0.064308453351259245 0.55646631121635448 0.40192307531833654 0.38750000298023229 0.40899467468261724 183.50000000000003 1.000000059604645 0.46428571641445165 0.9569842815399171 0.25091302394866949
decision_type=2 8 2 2 8 2 2 2 8 10 2 2 2 10 2 10 2 2 8 2 2 2 2 2 2 2 8 2 2 2
left_child=1 3 -3 4 -1 6 7 9 -8 10 18 -12 -13 -4 15 -7 20 19 -5 -18 -6 -22 23 -2 -25 27 -27 28 -24 -29
right_child=22 2 13 5 16 14 8 -9 -10 -11 11 12 -14 -15 -16 -17 17 -19 -20 -21 21 -23 25 24 -26 26 -28 29 -30 -31
leaf_value=0.060396054252717449 0.03106796055145767 -0.045201497853273646 0.019395127438302667 -0.0079083761467653464 -0.093963261751423027 -0.12841268943940407 0.21126944699924702 -0.17657249940917819 0.069141826385104715 -0.30280084110537392 0.0067172669202828651 0.19042415852429956 0.03246008605253644 -0.024569947734028413 0.08309112238954075 -0.011506602782896362 -0.20032134869338389 0.0049956655051251577 0.22754893143924787 -0.063084105501251972 0.01777530278918088 -0.034627802045295475 -0.0031549179611959342 -0.22387335518863777 -0.022432478635508055 0.1058994586767224 -0.057438411747406742 0.15224063026774087 -0.064623033243425804 0.0024603404592499138
leaf_weight=192.63645704019291 1164.3780791980025 1145.6300231855148 794.75841717986987 16.043621156772133 83.261501182438224 69.422253309458029 59.983878661005292 50.012018447625451 192.38014075180399 6.3255847580221589 674.37108671005444 62.772284598670012 120.21387375448467 786.84275111708757 69.064425946868141 567.94351493366412 63.679630541227198 76.601595463329431 43.630633334236336 54.69647874049042 402.40986604838872 449.15339110365494 6954.095243532227 21.63090220142476 143.88921099540312 151.07839674133174 72.13147412440776 88.644856213562889 669.59699657756391 22489.883091741765
leaf_count=8563 313113 508784 95857 657 3190 1137 1749 1402 12381 295 46736 2932 6614 368531 36805 12608 8765 2997 578 5838 37370 43109 1995546 15666 50610 15143 56868 9847 145599 3089061
internal_value=7.73684e-05 -0.00678241 -0.0204355 0.00466113 -0.0156579 0.0185691 0.037225 0.019921 0.103624 0.0307432 0.0333713 0.0240169 0.0873892 -0.0024791 -0.0138077 -0.0244213 -0.0286674 -0.0820634 0.165158 -0.13797 -0.0174547 -0.00987269 0.00136974 0.0209552 -0.049944 0.000512992 0.0530952 0.000122638 -0.0085615 0.0030551
internal_weight=37737.2 5981.83 2727.23 3254.6 1322.44 1932.16 1225.73 973.369 252.364 923.357 917.031 857.357 182.986 1581.6 706.43 637.366 1129.8 194.978 59.6743 118.376 934.825 851.563 31755.3 1329.9 165.52 30425.4 223.21 30202.2 7623.69 22578.5
internal_count=6898351 1206898 973172 233726 109832 123894 73344 59214 14130 57812 57517 56282 9546 464388 50550 13745 101269 17600 1235 14603 83669 80479 5691453 379389 66276 5312064 72011 5240053 2141145 3098908
is_linear=0
shrinkage=0.15


Tree=89
num_leaves=31
num_cat=0
split_feature=31 32 0 34 8 9 34 24 17 9 13 23 34 29 34 32 33 27 25 26 9 9 7 16 32 13 9 9 8 26
split_gain=17.0982 77.4131 70.3441 61.147 39.9535 65.5693 41.8937 38.4394 37.2072 33.6031 54.1247 32.2549 44.8984 48.7939 119.702 54.4822 46.1891 41.0086 33.0908 118.405 57.5818 39.4151 32.3574 31.2732 30.815 30.7934 33.7382 30.4431 29.6915 31.2342
threshold=0.61250001192092907 0.61744213104248058 1.0000000180025095e-35 0.88784068822860729 0.64076390862464916 0.64163377881050121 0.85053193569183361 0.18333333730697635 144.50000000000003 0.75389426946640026 3.5000000000000004 1.5000000000000002 0.8481554687023164 0.19993426650762561 0.96039214730262767 0.90072506666183483 0.14854215830564502 1.0000000180025095e-35 1.0000000180025095e-35 1.0000000180025095e-35 0.81854888796806347 0.8571569323539735 1.5000000000000002 0.085949555039405837 0.71926322579383861 3.5000000000000004 0.82929664850234996 0.95460480451583873 0.71512502431869518 1.0000000180025095e-35
decision_type=2 2 2 2 10 10 2 2 2 10 10 2 2 2 2 2 2 2 2 2 10 8 2 2 2 8 8 10 8 2
left_child=9 -2 3 4 8 -6 -7 23 -3 -1 28 12 17 15 -15 24 -17 -4 19 21 -20 -13 -23 27 -14 -9 -27 -5 29 -11
right_child=1 2 11 7 5 6 -8 25 -10 10 -12 18 13 14 -16 16 -18 -19 20 -21 -22 22 -24 -25 -26 26 -28 -29 -30 -31
leaf_value=0.0008408879309855918 -0.083783816275088588 0.0016031337817708888 0.009027456207579292 -0.014995308163156907 0.011512679980106435 0.1184035635978857 0.040555672302119088 0.019766763495148894 0.071126531433892359 0.047770299876524779 -0.02610214815639289 -0.043747793617735793 -0.10828545106349315 0.003137022379915021 0.12663451304740778 0.11657635721228622 -0.12457633103201272 -0.042920180761375208 0.054447317181670341 -0.19112911641852506 -0.048433183760868512 0.23613826411401423 0.015765663159254081 -0.24030585390599887 0.0061290636194519252 0.0043873725073614736 -0.067836682761391265 0.12202980351772981 0.046622320257657619 -0.060706538205046207
leaf_weight=20739.263202788399 267.66956712638421 1981.7529876865447 482.13441196612257 3430.195671283429 802.44620444538305 286.77632055858703 342.04462359639001 1870.2399710263999 188.79238507753325 108.39616416823992 400.77333404950332 729.15129388540663 56.720061651598371 1035.0955315187457 211.92742744753195 19.407614613766782 153.87198178133985 1172.1702948869206 213.31240900440025 119.35916220216313 284.44137885325472 17.546181364246877 79.101036750333151 12.742103549069723 641.92806636317982 485.68186570699618 206.71877460686665 35.883418552170042 1133.7512663781963 130.58143125852803
leaf_count=6180159 42956 46376 13080 109935 19844 22482 17225 115246 32944 1340 11410 26728 9070 39863 18176 286 2612 45126 12393 1539 17366 235 885 994 13754 15192 5304 749 62522 9236
internal_value=-8.45494e-05 -0.00398453 -0.00254153 0.00504893 0.0205156 0.0399618 0.0761901 -0.0041739 0.0076802 0.00253604 0.0223475 -0.0165725 -0.00927362 0.00518417 0.0242097 -0.0220225 -0.0970529 -0.0277841 -0.0356396 -0.0521101 -0.00432297 -0.0318097 0.0577826 -0.0144413 -0.00330122 0.0097645 -0.0172421 -0.0135419 0.0365012 -0.0115093
internal_weight=37639.9 15127.1 14859.4 9643.27 3601.81 1431.27 628.821 6041.46 2170.55 22512.8 1773.5 5216.17 3773.26 2118.95 1247.02 871.928 173.28 1654.3 1442.91 945.158 497.754 825.799 96.6472 3478.82 698.648 2562.64 692.401 3466.08 1372.73 238.978
internal_count=6895027 630360 587404 386291 138871 59551 39707 247420 79320 6264667 84508 201113 141967 83761 58039 25722 2898 58206 59146 29387 29759 27848 1120 111678 22824 135742 20496 110684 73098 10576
is_linear=0
shrinkage=0.15


Tree=90
num_leaves=31
num_cat=0
split_feature=18 24 9 6 33 33 20 9 27 10 30 32 16 20 16 18 17 32 21 11 33 10 29 8 29 8 33 8 29 8
split_gain=15.3333 17.5011 21.2921 17.8382 16.5709 13.152 40.2319 25.3248 15.7186 19.2997 15.188 20.9115 19.9321 15.5842 18.239 27.5125 30.8748 28.1421 25.3727 28.8712 24.8445 26.3581 38.1098 24.1373 23.4082 22.0411 19.5775 17.8242 28.2299 28.316
threshold=0.74686938524246227 0.29166667163372045 0.43289043009281164 1.0000000180025095e-35 0.59491634368896495 0.3364779949188233 2.5000000000000004 0.43705233931541448 1.0000000180025095e-35 0.64557385444641124 4.5000000000000009 0.68195590376853954 0.010416808072477581 1.0000000180025095e-35 0.032623577862977989 0.0016090114950202408 4.5000000000000009 0.26256594061851507 1.0000000180025095e-35 0.1805369630455971 0.89699381589889537 0.54444366693496715 0.65744346380233776 0.90718287229537975 0.61777994036674511 0.66645407676696788 0.88303694128990184 0.57019183039665233 0.76496347784996044 0.66052308678627025
decision_type=2 2 10 2 2 2 2 10 2 8 2 2 2 2 2 2 2 2 2 10 2 8 2 10 2 10 2 8 2 10
left_child=5 3 -3 -2 -5 6 7 8 9 -1 13 -12 -13 14 18 17 27 -16 20 -20 -7 22 -22 26 -21 -19 -18 -17 -29 -30
right_child=1 2 -4 4 -6 10 -8 -9 -10 -11 11 12 -14 -15 15 16 23 25 19 24 21 -23 -24 -25 -26 -27 -28 28 29 -31
leaf_value=0.24341761121696348 -0.041356235768485509 -0.01290509350258617 0.11415004982253744 0.46752648567344124 0.031014311419598654 -0.030558654505404032 -0.02934912753869507 0.049390222440124448 -0.11428847236814157 -0.024694369401836832 -0.074124884268824312 0.12715020337071159 -0.0092111676368414816 0.0027113655958722811 0.071748988066952776 -0.028401638218392047 -0.038618773711122593 -0.080677065441654983 0.0044381846769601776 -0.29375059050583729 -0.016541011954924804 -0.018813556142109774 0.075169560873803234 -0.079783150625970939 0.016422968094390967 -0.013252036172562546 0.032724425906742328 0.047221890688081379 0.1206933739390309 0.0060883230984147682
leaf_weight=6.2597804808965511 470.46110560102352 109.49504831662489 39.626815724492189 1.8790233532545224 6.6092911382838793 1798.1147337159732 281.81541670540264 569.08628084415614 35.205977256022379 35.18496552079705 111.03674791207595 23.332334617283777 2791.5178666130014 23956.782571979315 80.087643829456283 165.21411820163121 171.66783277328523 118.80013418462477 1943.8550965334434 12.297288645286246 207.83268074009402 771.37828165948486 198.55289789505878 124.2335719278326 9.133902308836694 1229.1630184795358 172.51442523865808 698.79076381854611 49.341133459844059 1336.5896242962335
leaf_count=12977 821776 12200 1135 839 3495 1029371 49317 22853 111477 15792 6375 4991 96554 4170304 2705 7352 23325 2814 47598 305 143044 161445 17476 11169 352 39289 11734 22059 2023 43535
internal_value=-0.000153107 -0.0233745 0.0213933 -0.0373286 0.166733 0.000242789 0.0178686 0.0384891 -0.0420387 0.0205819 -0.000212207 -0.0105686 -0.00803611 0.000705087 -0.00458361 0.00275191 0.0116067 -0.0140998 -0.0107386 0.00248792 -0.0194713 -0.00253247 0.0283417 -0.0233942 -0.166717 -0.0192498 -0.00286822 0.0189007 0.0226612 0.0102525
internal_weight=37525.9 628.071 149.122 478.949 8.48831 36897.8 927.552 645.737 76.6507 41.4447 35970.2 2925.89 2814.85 33044.3 9087.57 4146.4 2718.35 1428.05 4941.16 1965.29 2975.88 1177.76 406.386 468.416 21.4312 1347.96 344.182 2249.94 2084.72 1385.93
internal_count=6895681 839445 13335 826110 4334 6056236 212416 163099 140246 28769 5843820 107920 101545 5735900 1565596 166005 121197 44808 1399591 48255 1351336 321965 160520 46228 657 42103 35059 74969 67617 45558
is_linear=0
shrinkage=0.15


Tree=91
num_leaves=31
num_cat=0
split_feature=10 28 24 32 13 20 15 18 23 20 8 12 8 8 10 29 10 8 10 28 29 32 27 27 19 8 29 10 11 16
split_gain=13.2697 54.3155 40.8731 34.7262 32.1556 31.0214 37.4668 35.1133 26.8578 27.758 32.7086 25.9456 25.7198 52.6835 39.1899 34.4759 37.0714 33.9437 55.9708 57.579 83.3207 121.808 97.4755 58.1371 104.558 57.404 57.0475 62.1482 55.8051 54.6864
threshold=0.82769384980201732 0.73214286565780651 0.87500000000000011 0.23650227487087253 88.500000000000014 60.500000000000007 2.5000000000000004 0.011772405356168749 1.0000000180025095e-35 27.500000000000004 0.83883407711982738 16.500000000000004 0.99999991059303295 0.97737857699394237 0.78837281465530407 0.8516846001148225 0.65246045589447033 0.82883000373840343 0.64902666211128246 0.77500000596046459 0.79358932375907909 0.44622032344341284 1.5000000000000002 2.5000000000000004 615.50000000000011 0.9324968457221986 0.89295819401741039 0.78086441755294811 0.14344059675931933 0.045194894075393684
decision_type=10 2 2 2 8 2 10 2 2 2 10 10 10 10 8 2 10 10 8 2 2 2 2 2 2 10 2 8 10 2
left_child=12 4 5 -4 -2 6 7 -3 9 10 -9 -7 13 17 15 16 -15 -1 25 20 21 -20 -23 24 -21 -19 -25 -28 -29 -26
right_child=1 2 3 -5 -6 11 -8 8 -10 -11 -12 -13 -14 14 -16 -17 -18 18 19 23 -22 22 -24 26 29 -27 27 28 -30 -31
leaf_value=0.00020826239967183485 0.094736965747051885 0.0038205921610130708 -0.016198024546523068 0.12246014474143069 0.02490469613537993 -0.073322577072875469 -0.011982424087246471 0.24842351788759973 -0.0010586697667819541 0.013116397031014094 0.066129094505194233 -0.0080381983035242108 -0.056098190080762139 0.17548653702601666 -0.013187280347076438 0.13453082247892206 -0.059059147541687 0.0044471516238420768 -0.047283318991651523 0.013492926298901938 -0.062601504574598024 -0.076497987237212073 0.11683438002766389 0.060282529369103034 0.032191637728114925 0.11403865362421564 -0.088556227043613336 0.049044499450512202 -0.077052736237739741 0.34162492431208802
leaf_weight=22876.529869388058 194.8826695042153 4335.8795864210651 63.077553196373628 112.1749197445024 616.698477417307 226.24086726107907 2762.6136780709239 22.710409715815331 306.59602894760428 247.2128667915531 380.77854749457038 345.51922383957208 193.89226329546364 20.273297616052332 116.57624969812605 150.77244384132246 51.798129025243725 715.06375687984382 503.77545210280823 729.66097536090456 1261.4107523764442 76.314413203159347 244.73096024463302 135.96026004656596 20.704801173000305 125.59564080891596 362.34073822983373 206.8316503602 126.3573678913599 33.878978699693107
leaf_count=5233573 20849 205081 1582 135478 65680 269083 113067 400 213418 11801 12381 80666 15443 1361 8270 7333 4813 109676 124645 55927 116426 1263 9828 12258 1147 11834 23633 19299 6759 1190
internal_value=-0.000143632 0.00466302 0.00123762 0.072745 0.0417693 -0.000223179 0.00217476 0.00956454 0.0355494 0.0527734 0.0769784 -0.0339536 -0.00179701 -0.00141571 0.0572308 0.093963 0.00841594 -0.00214375 -0.0139859 -0.0219197 -0.0383766 -0.00129814 0.0707833 -0.00065998 0.0286191 0.0209363 -0.0282766 -0.0456496 0.00113638 0.226941
internal_weight=37566.9 9614.38 8802.8 175.252 811.581 8627.55 8055.79 5293.18 957.298 650.702 403.489 571.76 27952.5 27758.6 339.42 222.844 72.0714 27419.2 4542.63 3701.97 2086.23 824.821 321.045 1615.73 784.245 840.659 831.49 695.53 333.189 54.5838
internal_count=6894164 1129486 1042957 137060 86529 905897 556148 443081 238000 24582 12781 349749 5764678 5749235 21777 13507 6174 5727458 493885 372375 252162 135736 11091 120213 58264 121510 61949 49691 26058 2337
is_linear=0
shrinkage=0.15


Tree=92
num_leaves=31
num_cat=0
split_feature=31 0 34 23 34 29 34 31 25 26 9 34 34 24 31 9 9 8 22 8 9 34 9 34 29 9 25 33 31 23
split_gain=16.5878 50.8661 39.5756 30.4415 30.7434 36.0901 79.532 44.7203 29.4847 100.151 36.2451 27.5154 50.9702 61.5399 38.9477 48.9557 66.2338 36.3673 35.6893 28.4318 55.9569 37.6064 43.9612 27.6083 26.8622 26.3452 26.2581 25.6796 24.9061 24.1362
threshold=0.61250001192092907 1.0000000180025095e-35 0.99264705181121837 1.5000000000000002 0.8481554687023164 0.19993426650762561 0.96039214730262767 0.88194444775581371 1.0000000180025095e-35 1.0000000180025095e-35 0.81854888796806347 0.95141619443893444 0.91202268004417431 0.22500000149011615 0.88194444775581371 0.86956918239593517 0.94299551844596874 0.46921965479850775 1.5000000000000002 0.6929716467857362 0.78389057517051708 0.83469945192337047 0.60334590077400219 0.97700846195220958 0.8709511160850526 0.90621492266654979 1.0000000180025095e-35 0.20722186565399173 0.73214286565780651 1.0000000180025095e-35
decision_type=2 2 2 2 2 2 2 2 2 2 10 2 2 2 2 10 10 10 2 10 10 2 10 2 2 10 2 2 2 2
left_child=-1 2 11 4 -3 7 -7 -6 9 25 -10 12 19 -14 18 17 -17 -16 -13 29 21 22 24 -20 -21 -5 -4 -9 -8 -2
right_child=1 3 26 8 5 6 28 27 10 -11 -12 14 13 -15 15 16 -18 -19 23 20 -22 -23 -24 -25 -26 -27 -28 -29 -30 -31
leaf_value=0.0023116771645190076 -0.02175178611548018 -0.024388197149693511 -0.029496871486103703 -0.036973898537247786 -0.0041261676617796476 0.0025951154241642795 0.024171239695027404 0.039978810567927965 0.041967835104904413 -0.17998841216422529 -0.039847382267597813 -0.020245788366345153 -0.044638126458929145 0.017261794747755813 0.021636202853510464 -0.10304074113690453 0.095879662842003444 0.10415183760961777 0.05139768960531297 0.062832375845041685 0.082020221425995327 -0.0074571856628029374 0.095654775503899517 0.34208296063506954 -0.014250107678022315 0.10744651828601505 0.0033966350109437189 -0.11820502083298109 0.13969060439925324 0.0096173459936020576
leaf_weight=22472.400727372675 731.77096298879042 1647.2545868294546 1268.5713187556066 787.34826194270136 700.70672015540913 1039.7429157569277 60.302022298041265 27.32007025484927 210.13956832791155 116.50329539307859 287.05951551940234 456.02990355777729 928.31874155077458 590.61119314219104 189.59683606933686 91.312286339874845 62.65131704864325 330.24178026756272 117.18484040010662 156.79793764170608 324.72860778108588 847.27394323838234 215.76336305795121 6.9049125389719839 285.4737220985553 28.535172370262444 957.80257592268026 134.45891274041787 141.04097823041957 2234.6916894981841
leaf_count=6266114 29125 60093 40890 29528 29197 40063 2477 437 12551 1591 17376 28803 34739 33674 6292 1188 2187 5165 6461 3436 31070 20784 14510 204 7675 326 58654 2352 15696 94187
internal_value=-0.000265466 -0.00413249 0.00222496 -0.016152 -0.00904857 0.00296939 0.019342 -0.0205853 -0.03477 -0.0504872 -0.00525362 0.00739582 0.00336411 -0.0205738 0.0276828 0.0521844 -0.0219991 0.0741559 -0.000816298 0.0109474 0.0256453 0.0134376 0.040312 0.0701781 0.0131579 -0.0317975 -0.0153507 -0.0914106 0.105383 0.00187444
internal_weight=37448.5 14976.1 9795.73 5180.41 3750.83 2103.57 1241.09 862.486 1429.59 932.387 497.199 7569.35 6315.43 1518.93 1253.92 673.802 153.964 519.839 580.12 4796.5 1830.04 1505.31 658.035 124.09 442.272 815.883 2226.37 161.779 201.343 2966.46
internal_count=6896845 630731 419044 211687 150315 90222 58236 31986 61372 31445 29927 319500 269200 68413 50300 14832 3375 11457 35468 200787 77475 46405 25621 6665 11111 29854 99544 2789 18173 123312
is_linear=0
shrinkage=0.15


Tree=93
num_leaves=31
num_cat=0
split_feature=10 27 8 27 10 28 28 32 33 33 33 32 6 27 11 19 9 28 20 6 16 32 33 32 20 24 20 12 33 28
split_gain=12.7598 46.0032 54.5693 36.1329 34.4054 158.992 139.927 230.493 114.526 88.1754 81.717 45.1126 41.9849 39.5581 32.5538 30.3274 41.4682 48.0409 42.7824 29.2512 38.1842 30.4124 65.7066 28.8724 49.3996 28.6401 28.3285 29.8833 27.9206 72.0168
threshold=0.8087032437324525 2.5000000000000004 0.77000200748443615 3.5000000000000004 0.87629708647727977 0.81666666269302379 0.81666666269302379 0.41538181900978094 0.96720427274703991 0.82650500535964977 0.80810147523880016 0.33533456921577459 1.0000000180025095e-35 4.5000000000000009 0.33332446217536932 591.50000000000011 0.40098887681961065 0.64583334326744091 73.500000000000014 1.0000000180025095e-35 0.029631881043314937 0.54015493392944347 0.73401361703872692 0.66760954260826122 1.5000000000000002 0.55000001192092907 21.500000000000004 12.500000000000002 0.90661337971687328 0.73214286565780651
decision_type=10 2 8 2 10 2 2 2 2 2 2 2 2 2 10 2 10 2 2 2 2 2 2 2 2 2 2 8 2 2
left_child=14 15 3 -3 5 9 7 -6 -9 11 19 -4 13 -12 28 16 18 -18 -2 20 26 -21 -23 24 -8 -25 27 -7 -1 -30
right_child=1 2 4 -5 6 10 23 8 -10 -11 12 -13 -14 -15 -16 -17 17 -19 -20 21 -22 22 -24 25 -26 -27 -28 -29 29 -31
leaf_value=-0.0063204389598188514 0.023922049853004095 0.064495916201597808 -0.046515471682264366 0.37204770007232979 0.0044151472396191859 -0.015021344880819723 0.029974704623984341 0.19575006242557236 -0.16253516394097967 -0.1101178857662134 0.099199546084509246 0.096639514149896702 -0.029084626522982403 -0.010394354195332108 0.02831402274978146 -0.011357260386462516 -0.12981433489407868 0.06545258638918848 -0.041836360059132743 -0.020929569018556107 -0.062903377179560974 0.36110683405926175 -0.032444206585915451 -0.028795250257167084 -0.011963061364798966 0.10287811949202935 -0.024282194340541578 0.25453572861173746 -0.0054345525342788621 0.022311864330477008
leaf_weight=16882.671831510146 1593.9789977637993 24.481342291295732 136.86798150045433 12.715909552187439 592.37410729726798 15.506777310973119 897.60011792645673 262.31706852353818 20.989506939891726 503.02569793095699 349.1151324758539 76.303401965473313 105.34017810667501 93.774384885828113 784.90418779559695 581.17845784478595 28.672595045878552 680.83692542812787 257.78742219087508 53.538316796475556 367.36617488230149 17.097158633012441 19.881523863499751 1401.9168311197427 2128.8602959182508 37.217724604255636 53.929092991002108 21.564334694630816 6279.9800851629216 3164.572730804005
leaf_count=4426141 240155 1643 17918 801 48303 3955 30555 18859 350 38901 19745 3684 5565 4895 42659 33779 1060 65402 176206 4121 14175 1013 561 34840 354710 58483 6171 1525 1002364 237506
internal_value=-5.95667e-05 0.00442505 -0.00219089 0.17662 -0.00314509 -0.0209915 0.00291639 0.0577064 0.168727 -0.0759131 0.0148979 0.00493796 0.0558114 0.0760237 -0.00176905 0.0195621 0.0265797 0.0573899 0.0147501 -0.0259941 -0.0413827 0.0515321 0.154232 -0.00783817 0.000480807 -0.0253209 0.0452355 0.144348 -0.00266697 0.00386378
internal_weight=37446.4 10334.2 7191.78 37.1973 7154.59 1813.31 5341.28 875.681 283.307 716.197 1097.11 213.171 548.23 442.89 27112.1 3142.45 2561.28 709.51 1851.77 548.883 458.366 90.517 36.9787 4465.59 3026.46 1439.13 91.0002 37.0711 26327.2 9444.55
internal_count=6896045 1187375 670773 2444 668329 122229 546100 67512 19209 60503 61726 21602 30205 24640 5708670 516602 482823 66462 416361 31521 25826 5695 1574 478588 385265 93323 11651 5480 5666011 1239870
is_linear=0
shrinkage=0.15


Tree=94
num_leaves=31
num_cat=0
split_feature=17 20 8 11 8 27 28 9 34 8 23 20 17 25 8 12 16 34 29 16 23 29 19 24 11 29 8 34 16 9
split_gain=14.8841 43.9316 47.5824 23.5567 25.2065 27.5392 22.8903 28.8068 28.8483 31.5954 27.5629 26.8734 59.491 24.2273 22.9343 21.1044 20.9292 19.2854 21.7226 17.2477 52.3807 29.8867 50.0394 36.0345 33.575 28.9042 24.3321 21.6611 20.6853 19.9169
threshold=2.5000000000000004 3.5000000000000004 0.57812321186065685 0.15795601904392245 0.94993710517883312 2.5000000000000004 0.84523808956146251 0.84040588140487682 0.47958332300186163 0.98897618055343639 1.0000000180025095e-35 1.5000000000000002 1.0000000180025095e-35 1.0000000180025095e-35 0.97737857699394237 23.500000000000004 0.080649357289075865 0.45129664242267614 0.81566143035888683 0.032256403937935836 1.0000000180025095e-35 0.84149160981178295 617.50000000000011 0.87500000000000011 0.19269256293773654 0.34189666807651525 0.65459418296813976 0.52885684370994579 0.06033769994974137 0.75389426946640026
decision_type=2 2 8 8 10 2 2 8 2 10 2 2 2 2 10 10 2 2 2 2 2 2 2 2 8 2 10 2 2 8
left_child=1 2 -1 -4 15 -6 14 10 11 -10 -8 -9 -13 16 -7 19 -12 -16 -19 25 27 22 26 28 29 -5 -22 -21 -23 -24
right_child=-2 -3 3 4 5 6 7 8 9 -11 13 12 -14 -15 17 -17 -18 18 -20 20 21 23 24 -25 -26 -27 -28 -29 -30 -31
leaf_value=-0.066144419235951143 0.0017479960297137314 -0.047380602175333381 0.025751469485002509 0.108040245959239 0.033948988695097576 0.00061099140061392178 0.14836634418092803 0.031836140098893843 -0.010158276508656963 0.09373633808577353 -0.030509008771902199 -0.14008032296906825 -0.0042208889869817766 0.13455804984662401 -0.022142624580407316 0.057976678900509414 -0.1251574773063851 -0.15905639769122748 0.10142955834302787 0.026184360979698118 -0.031425441086727894 -0.041172165900084629 -0.040644321405432206 0.09399613630958889 -0.091313371727263545 -0.06022466021014844 0.027055772550606306 0.11802646883325141 -0.004061115867793362 0.07124063998858271
leaf_weight=255.89045524950052 28723.058147989195 524.87899241620835 697.44779915436266 24.075656204307961 668.68147445282375 279.49361163382309 18.245536150527187 286.68777291331207 112.52122675717328 157.20970042009503 722.44574576645391 84.106305175591842 490.80555385921616 17.908841895012301 43.340861062755721 96.326512055888088 55.867096384463366 6.6778447300730468 156.77862719716904 244.68499716676888 194.32607811858361 1329.6922766310599 88.554566375358263 51.850601035897853 188.88480953986982 283.83199512248393 888.49579428771358 75.014231556728191 453.28924562398606 58.641001428497475
leaf_count=10138 6417785 116699 32760 752 36387 12104 4561 2436 6407 49258 10031 456 2965 25885 248 4313 5682 295 9319 1486 5010 30932 1972 27593 3855 23811 34415 5665 7605 3282
internal_value=0.000112089 -0.0053789 -0.00262852 -0.000530092 -0.00312292 0.00701395 -0.000402515 -0.00767985 0.00780524 0.0505181 -0.0291725 -0.00560945 -0.0243051 -0.0334218 0.0286723 -0.0110248 -0.0374547 0.0664127 0.0898852 -0.0127518 -0.00980914 -0.0155057 0.00084354 -0.0281424 -0.0496322 -0.0467607 0.0165413 0.048035 -0.031745 0.00410929
internal_weight=37279.7 8556.66 8031.78 7775.89 7078.44 3100.77 2432.09 1945.8 1131.33 269.731 814.467 861.6 574.912 796.222 486.291 3977.67 778.313 206.797 163.456 3881.34 3573.43 3253.73 1418.9 1834.83 336.08 307.908 1082.82 319.699 1782.98 147.196
internal_count=6894107 476322 359623 349485 316725 166034 129647 107681 61522 55665 46159 5857 3421 41598 21966 150691 15713 9862 9614 146378 121815 114664 48534 66130 9109 24563 39425 7151 38537 5254
is_linear=0
shrinkage=0.15


Tree=95
num_leaves=31
num_cat=0
split_feature=37 29 29 25 9 8 18 8 34 27 8 29 33 14 28 33 20 33 29 33 28 33 27 29 9 19 29 19 33 27
split_gain=16.9413 46.7561 58.1858 51.0292 36.2464 27.7164 22.9275 21.8786 43.4532 21.7081 249.78 179.134 85.1884 63.0265 61.4626 117.627 48.2382 40.6629 40.2607 62.583 40.2046 37.5743 35.2174 34.2583 35.9172 31.7748 30.9024 48.4714 70.1889 69.1214
threshold=1.0000000180025095e-35 0.23366826027631762 0.50135058164596569 1.0000000180025095e-35 0.64545917510986339 0.42085318267345434 0.037617191672325141 0.85268977284431469 0.63196593523025524 1.0000000180025095e-35 0.84234201908111583 0.15847322344779971 0.95505049824714672 3.5000000000000004 0.46428571641445165 0.80993431806564342 4.5000000000000009 0.90661337971687328 0.21068513393402102 0.66410258412361156 0.30952382087707525 0.93813776969909679 1.5000000000000002 0.21938078105449679 0.45303462445735937 423.50000000000006 0.46367803215980535 590.50000000000011 0.5604878067970277 1.5000000000000002
decision_type=2 2 2 2 10 10 2 10 2 2 8 2 2 10 2 2 2 2 2 2 2 2 2 2 8 2 2 2 2 2
left_child=9 -2 4 7 5 6 -3 -4 -9 10 13 20 17 25 15 22 -14 -12 19 -16 -11 -19 23 -13 -25 -1 27 28 -20 -30
right_child=1 2 3 -5 -6 -7 -8 8 -10 11 12 14 16 -15 18 -17 -18 21 26 -21 -22 -23 -24 24 -26 -27 -28 -29 29 -31
leaf_value=-0.28729739125129727 -0.020511332196898775 -0.054969947627917168 -0.0048465580491725011 0.11248154561465717 0.030538359515173859 0.20945374162228389 0.12132871752206853 -0.028392136601410319 0.20840037219582408 -0.2008270968408247 -0.00010871664075207554 -0.090912875730990009 -0.082773511186867127 -0.11369762674853684 -0.13712061002261555 -0.11139893480983935 0.019186204832221533 0.046734433170794884 -0.1479013447034912 0.19774261447882377 -0.052243290968058943 -0.0092174594225658858 -0.091600454936514142 0.25433220691832858 0.027652616129989028 0.15896170217949712 -0.00017479128963981399 -0.10035994277505618 0.046254871463309866 -0.10057710253569359
leaf_weight=2.7557784985401659 624.88545809494281 20.816002404979372 877.64478864528428 102.54890976317984 136.14403871929972 66.6665958605372 72.259444986901144 36.882089049453498 31.721511689247563 120.47718193007086 6543.6266658276563 52.162526305999108 405.54243930967823 20.523687530477218 15.899951053478615 330.44751267567653 140.03837625747292 866.63138868421629 68.877934129867754 49.704215954293431 63.176441391688513 391.66483119291297 71.774949696485237 15.510078823115689 343.82639779112469 293.15847215677604 24856.123839488129 175.27589653723498 330.93978844535195 91.181052669357086
leaf_count=1219 103847 4216 39632 22885 4568 6070 14465 423 1822 56366 1146577 53167 67905 7600 2437 330751 14498 66308 54666 4889 19173 40989 129250 3429 644877 70285 3589047 157142 74683 162680
internal_value=-0.000165624 0.0133694 0.0291175 0.0125096 0.0877455 0.136008 0.0817349 0.00156793 0.082519 -0.000922254 0.00559798 -0.00304727 0.000631541 0.136196 -0.00201749 -0.0425764 -0.0566155 0.00464151 -0.000726066 0.115744 -0.150274 0.029325 0.0046152 0.0215788 0.0381155 0.153852 -0.00102997 -0.0328853 -0.00864334 0.0143754
internal_weight=37218.9 1969.57 1344.68 1048.8 295.886 159.742 93.0754 946.248 68.6036 35249.3 8663.94 26585.4 8347.5 316.438 26401.7 813.721 545.581 7801.92 25588 65.6042 183.654 1258.3 483.274 411.499 359.336 295.914 25522.4 666.275 490.999 422.121
internal_count=6895866 197928 94081 64762 29319 24751 18681 41877 2245 6697938 1415381 5282557 1336277 79104 5207018 1161474 82403 1253874 4045544 7326 75539 107297 830723 701473 648306 71504 4038218 449171 292029 237363
is_linear=0
shrinkage=0.15


Tree=96
num_leaves=31
num_cat=0
split_feature=9 29 16 29 28 10 32 34 0 22 31 0 30 32 32 1 27 22 31 9 17 31 12 12 10 29 16 24 24 11
split_gain=13.5757 32.7969 23.2944 20.0949 16.4802 16.2259 16.1228 95.8476 130.811 77.6945 54.7436 73.287 158.225 68.9186 62.9686 58.3403 48.926 45.9755 43.7051 42.3185 71.0567 35.7439 35.0267 67.5919 55.2428 44.9738 31.7419 48.671 31.7347 31.5091
threshold=0.99999997019767772 0.82984957098960888 0.016392350196838382 0.15847322344779971 0.6904762089252473 0.5686793625354768 0.094107899814844145 1.0000000180025095e-35 1.0000000180025095e-35 1.5000000000000002 0.38750000298023229 1.0000000180025095e-35 1.5000000000000002 0.44054669141769415 0.23199996352195743 1.0000000180025095e-35 4.5000000000000009 1.5000000000000002 0.47222222387790685 0.50492936372756969 21.500000000000004 0.18333333730697635 2.5000000000000004 5.5000000000000009 0.60682767629623424 0.83721771836280834 0.02877994999289513 0.55000001192092907 0.22500000149011615 0.17857791483402255
decision_type=10 2 2 2 2 10 2 2 2 2 2 2 2 2 2 2 2 2 2 8 2 2 8 10 10 2 2 2 2 10
left_child=6 2 3 -2 -4 -6 7 16 -9 -10 11 12 14 -12 17 19 22 -8 -15 -13 21 28 24 29 -1 -26 27 -11 -21 -24
right_child=1 -3 4 -5 5 -7 10 8 9 26 13 15 -14 18 -16 -17 -18 -19 -20 20 -22 -23 23 -25 25 -27 -28 -29 -30 -31
leaf_value=0.054839537403585228 -0.082664217012951721 0.12377954126907145 -0.0015610862373829995 0.059850178432713737 -0.023050753547732429 -0.2473023099880278 -0.083257313810425601 -0.1592342224187521 -0.073566280058231778 -0.056761669881582967 -0.038392910704390347 -0.0020213744243487595 0.1002295375864453 0.036785549763829292 -0.14764188843755222 0.13995808270962426 0.054766921787139398 0.078396348048497613 0.00048753813648636353 0.37389584848820012 0.10009361327613507 0.010145066182680877 0.01377205718788346 -0.0098099253489370812 -0.057575612004604003 -0.011978886421391137 0.099592215875345405 0.17168287357775378 0.036989771423265871 0.057361530695795963
leaf_weight=232.85531277973132 200.75563320890069 32.879963378800312 454.06745909212623 24.301184455980547 17.965880021336492 11.452627760067115 95.319282440093048 203.66677167552371 261.28127009713216 98.742246357135173 1004.5459309096586 528.70925598824397 151.90858715171453 772.58833982994474 169.87124407299234 121.40141242176469 340.18614719295874 66.237683798976832 21206.13269689538 10.668917118712672 391.85728513307095 573.31837504925898 2542.0832889153971 3909.850803579553 601.63574138423428 2534.8860434675589 117.81719033884929 25.577485676389188 14.185365991870638 436.57848265086068
leaf_count=3891 1534 25576 12913 1122 2326 874 185640 2122761 1636272 430159 200637 270888 32622 71459 113516 26819 2428 57157 1115879 13629 125565 92350 61954 121060 3637 16445 141336 340 515 5680
internal_value=-0.000389689 -0.0204697 -0.0273286 -0.0670791 -0.008725 -0.115612 1.97339e-05 -0.00468381 -0.058115 -0.0169709 0.00213776 0.0251752 -0.026118 8.28059e-06 -0.0841561 0.0402976 -0.00111382 -0.0169054 0.00176509 0.0322443 0.0505269 0.0179433 -0.00297217 0.00315821 -0.0155026 -0.0207406 0.0441506 -0.00876667 0.190478 0.020178
internal_weight=37153.3 741.423 708.543 225.057 483.486 29.4185 36411.9 11305.2 707.085 503.418 25106.7 2123.48 483.337 22983.3 331.428 1640.14 10598.1 161.557 21978.7 1518.74 990.03 598.173 10257.9 6888.51 3369.38 3136.52 242.137 124.32 24.8543 2978.66
internal_count=6896984 44345 18769 2656 16113 3200 6852639 4545963 4330868 2208107 2306676 918701 388935 1387975 356313 529766 215095 242797 1187338 502947 232059 106494 212667 188694 23973 20082 571835 430499 14144 67634
is_linear=0
shrinkage=0.15


Tree=97
num_leaves=31
num_cat=0
split_feature=17 16 20 14 19 11 27 7 9 33 28 27 10 19 33 12 23 22 9 34 16 10 7 14 32 8 27 11 8 35
split_gain=11.1129 35.5177 31.0967 28.4346 31.7367 65.7443 63.4012 69.6169 37.4051 33.5112 57.2062 54.3041 48.4979 28.9095 27.0526 26.4933 24.8987 24.7388 50.4055 31.6022 29.3924 26.3228 24.6361 24.5996 29.3782 52.4585 79.0729 29.0762 28.4196 27.7605
threshold=20.500000000000004 0.046433387324213989 28.500000000000004 6.5000000000000009 590.50000000000011 0.1860507130622864 1.0000000180025095e-35 1.5000000000000002 0.66693824529647838 0.9506097435951234 0.64583334326744091 1.5000000000000002 0.54444366693496715 633.50000000000011 0.78319624066352855 4.5000000000000009 1.5000000000000002 1.5000000000000002 0.5548723340034486 0.89237451553344738 0.031498400494456298 0.49464195966720587 4.5000000000000009 25.500000000000004 0.27558231353759771 0.91881179809570324 1.0000000180025095e-35 0.20916225761175158 0.37470555305480963 1.0000000180025095e-35
decision_type=2 2 2 8 2 8 2 2 10 2 2 2 8 2 2 8 2 2 10 2 2 10 2 8 2 8 2 10 10 2
left_child=2 15 3 16 8 -6 7 -7 9 -5 11 -11 -12 -8 -10 -2 17 -1 19 21 -21 -19 -4 28 27 26 -26 29 -17 -25
right_child=1 -3 22 4 5 6 13 -9 14 10 12 -13 -14 -15 -16 23 -18 18 -20 20 -22 -23 -24 24 25 -27 -28 -29 -30 -31
leaf_value=0.0019430503279426366 0.086356371617406683 0.18097987051976538 -0.063774777306234542 -0.024289905611537242 0.0069625118725648947 -0.023422275882309086 -0.039839838190962269 0.14489169391183904 -0.0096297491977201232 -0.0040291985021162222 0.067244424723848215 -0.15393580091853679 -0.0093948182060478655 -0.09512553804278949 0.018295160012716853 0.076383976334961579 -0.011398254475883031 0.1079808206205654 0.080045849614977391 -0.060781201616838532 0.1201268542454961 0.0041424044631348739 0.053068619526384177 -0.045787422661066841 0.19525964309505059 0.0021044173678814739 0.026751280304297739 0.14096150136174407 0.012377523613045912 -0.0071306129336081176
leaf_weight=10116.979850713629 84.403448047661186 24.304391654955907 287.51868033159917 2282.9334589117998 937.3231246555365 404.31050184486412 404.98427339100681 63.025500189271952 1222.4611879388976 162.6917456217634 376.15077487429153 80.706235201534582 365.71410770496914 453.21398372009935 2155.8888261710235 197.03392796433172 2403.6597873043665 55.429960906129054 267.0737968222893 24.585433625988571 100.2012314492099 2069.704703258345 46.473687855650496 516.6281869710233 73.633756085604546 8549.432167960802 393.4017502084389 26.327439169923764 739.44892254872912 2174.1246865272697
leaf_count=794595 17108 7990 381926 913655 189307 13062 82135 5407 32383 24604 45184 23988 73630 145791 63844 120439 288597 21585 17658 30050 17121 137397 14562 1942446 4174 1143715 20182 17170 234996 73023
internal_value=-0.000137008 0.00344334 -0.00202135 -0.00138641 -0.00810105 -0.0234401 -0.0449278 -0.000462342 -0.00287603 -0.0143147 0.0087999 -0.0541619 0.0295021 -0.0691129 0.00819063 0.00309087 0.00259212 0.00525453 0.0185589 0.0112278 0.0842845 0.00690034 -0.0474066 0.00252941 0.000661182 0.00478154 0.0536791 -0.0130087 0.0259115 -0.014567
internal_weight=37059.8 12778.7 24281 23947 8909.4 2262.86 1325.53 467.336 6646.55 3268.2 985.263 243.398 741.865 858.198 3378.35 12754.4 15037.6 12634 2517 2249.92 124.787 2125.13 333.992 12670 11733.5 9016.47 467.036 2717.08 936.483 2690.75
internal_count=6897724 3581243 3316481 2919993 1612990 435702 246395 18469 1177288 1081061 167406 48592 118814 227926 96227 3573253 1307003 1018406 223811 206153 47171 158982 396488 3556145 3200710 1168071 24356 2032639 355435 2015469
is_linear=0
shrinkage=0.15


Tree=98
num_leaves=31
num_cat=0
split_feature=10 18 29 28 28 27 30 8 19 29 29 28 11 10 19 10 11 11 16 29 11 10 37 27 28 29 29 25 29 19
split_gain=19.2355 17.0373 19.1632 26.2273 21.7624 30.1659 41.978 30.9514 26.0256 26.3227 25.1312 22.0005 19.6234 24.4326 24.6314 19.3518 17.3556 17.0151 16.8536 16.6671 15.771 21.5887 15.2537 15.2536 49.2606 25.7629 18.0312 15.0536 14.4042 14.3268
threshold=0.37885282933712011 0.85724684596061718 0.75958648324012767 0.77500000596046459 0.64583334326744091 1.5000000000000002 1.5000000000000002 0.51419779658317577 593.50000000000011 0.73047757148742687 0.56387102603912365 0.46428571641445165 0.14594854414463046 0.3558256477117539 560.50000000000011 0.29570752382278448 0.15795601904392245 0.16029857844114306 0.021759100258350376 0.54186168313026439 0.25930377840995794 0.33259204030036932 1.0000000180025095e-35 2.5000000000000004 0.93750000000000011 0.82984957098960888 0.88513177633285534 1.0000000180025095e-35 0.61022934317588817 711.50000000000011
decision_type=8 2 2 2 2 2 2 10 2 2 2 2 10 10 2 10 8 8 2 2 10 10 2 2 2 2 2 2 2 2
left_child=1 2 3 4 5 6 10 -7 9 28 11 22 13 14 -13 -11 18 -8 -10 -15 -12 -22 -1 25 26 -4 -25 -19 -6 -9
right_child=-2 -3 23 -5 8 7 17 29 16 15 20 12 -14 19 -16 -17 -18 27 -20 -21 21 -23 -24 24 -26 -27 -28 -29 -30 -31
leaf_value=-0.091186166273686559 -0.0010814102970190889 -0.089462004061127656 0.016857333538544891 -0.22628944414438368 -0.011854923315964083 -0.10810882396084245 0.14443725204365168 -0.0033594508497041117 0.28055424865514045 -0.0083159294730232609 -0.076901040910871174 0.021453823728668976 0.0035784677751428194 0.55000578246551168 0.25350459120970725 0.19700163271039539 -0.023553990649153561 0.028229747132486084 0.040685392105837256 0.011332036129100978 -0.098683973601506159 0.25801375626763162 0.10883258119551889 -0.031840654331182668 0.095611755681790478 -0.13374910435553275 -0.20569319791793078 0.11290375160276737 0.069439616854388847 0.20456674541771006
leaf_weight=43.05155392041479 35367.99520587318 33.081448393803385 46.636129072724543 8.323890921810742 61.02100960332973 84.964287584845806 51.730058487151837 105.97384052656525 6.895554181197439 12.68280884622345 122.60195530368401 35.83012115217025 59.973673599305585 3.728207603194277 13.562652005973176 52.845065468911343 139.36750626716412 184.99668093681794 43.075186861965449 1.8373804198545256 6.5906302567045696 6.9215720785277881 9.7592770411702059 46.014964696112656 72.307639418431791 55.004441431802661 18.235291270217203 62.953721414174652 243.35966047197326 7.018100966641895
leaf_count=373491 5926366 94390 3981 201 26719 174352 1932 59038 337 473 51858 38855 27812 8749 15838 2136 16115 6345 2038 951 3591 1411 11875 1697 4082 12286 455 2998 19986 4348
internal_value=-0.000344754 0.0155295 0.0177448 0.0245757 0.0262753 0.0104067 0.0270685 -0.0402734 0.0489586 0.0720576 -0.012214 0.0265896 0.0632503 0.12714 0.0889383 0.157735 0.00368887 0.0668066 0.0786402 0.400984 -0.0598794 0.0892215 -0.0528877 -0.021455 0.0113081 -0.0651548 -0.0835791 0.0500953 0.0531566 0.0112364
internal_weight=37008.3 1640.34 1607.26 1369.06 1360.74 801.494 603.537 197.956 559.247 369.909 303.857 167.743 114.932 54.9584 49.3928 65.5279 189.338 299.68 49.9707 5.56559 136.114 13.5122 52.8108 238.198 136.558 101.641 64.2503 247.95 304.381 112.992
internal_count=6894706 968340 873950 851449 851248 783444 545706 237738 67804 49314 534431 477571 92205 64393 54693 2609 18490 11275 2375 9700 56860 5002 385366 22501 6234 16267 2152 9343 46705 63386
is_linear=0
shrinkage=0.15


Tree=99
num_leaves=31
num_cat=0
split_feature=17 16 20 14 32 8 29 29 28 33 20 9 28 33 33 13 28 33 13 16 9 13 34 28 29 33 28 22 32 23
split_gain=11.8782 31.185 23.5286 22.3922 19.9308 44.6972 67.897 35.7019 121.375 46.2848 79.454 44.8611 55.8304 44.5907 44.0005 39.6048 38.1596 46.1826 36.6339 51.1328 43.2638 39.547 34.5648 34.3312 34.3283 66.6916 33.6336 32.897 44.8674 32.0694
threshold=21.500000000000004 0.014925695955753328 106.50000000000001 12.500000000000002 0.24453146010637286 0.94270601868629467 0.38331754505634313 0.19993426650762561 0.15476191043853763 0.95875850319862377 150.50000000000003 0.82929664850234996 0.35416667163372045 0.77888888120651256 0.97259759902954113 15.500000000000002 0.30952382087707525 0.73746865987777721 6.5000000000000009 0.015151950065046551 0.81374073028564464 2.5000000000000004 0.84150716662406932 0.30952382087707525 0.77938890457153331 0.92637759447097789 0.64583334326744091 1.5000000000000002 0.66760954260826122 1.0000000180025095e-35
decision_type=2 2 2 8 2 8 2 2 2 2 2 10 2 2 2 8 2 2 10 2 10 10 2 2 2 2 2 2 2 2
left_child=1 -1 -3 -2 -5 6 29 8 9 18 -11 12 13 -9 15 24 -10 -18 19 20 -7 -22 27 -15 26 -26 -14 28 -20 -6
right_child=3 2 -4 4 5 7 -8 11 16 10 -12 -13 14 23 -16 -17 17 -19 22 -21 21 -23 -24 -25 25 -27 -28 -29 -30 -31
leaf_value=-0.064416774035775115 0.043304807309861165 -0.0012535263325660888 -0.099653003482852054 -0.0076209417189667629 0.3523553144212489 0.046137968551804333 0.02404769216497004 0.16442425374371017 -0.17823087196019347 -0.064418834478810041 0.21759640904181057 0.084214786626297569 -0.045326292396661784 -0.19741499263762755 0.064771562273360409 0.035793459895749502 -0.18985055110409746 0.010690661928632493 -0.044033256823894848 0.0011552541786104299 -0.15006121818605606 0.006254986035046174 -0.027096073544964395 0.054694095148789937 -0.065596787545181431 -0.49521066279232123 0.034080012665740796 0.044295297610210137 0.053223697442328237 0.12123477204217634
leaf_weight=177.40740455400373 313.09657661636811 24335.00133099268 53.798889357232838 3104.5479917961529 16.236096457614622 1308.1494606120505 442.46234807168366 90.46686835604487 100.47893317903436 368.41406691344673 22.965986739429354 235.82602709492494 270.43514961542678 13.366625654878588 200.96507579317768 273.74936614075887 36.652249870287051 82.032543767758398 341.58453498404197 2628.0143779825594 44.222869051620364 186.61563327000476 1197.4236199689822 78.057442297602393 187.60023022648238 7.5385642859619102 214.20138173774467 392.92299924404688 154.06246823830588 74.122851995656674
leaf_count=49691 101466 3270529 114504 2127210 618 40554 21343 8339 46846 56440 1101 31611 6289 2517 15548 12562 16602 12543 265507 31588 291 1467 496260 4063 5815 277 9288 126158 12759 7163
internal_value=-2.22068e-05 -0.00193181 -0.00147466 0.00376505 0.00273615 0.0063218 0.048415 0.00365767 -0.00101381 0.00261655 -0.0473579 0.0240389 0.0133649 0.0903662 0.00116555 -0.0122939 -0.110587 -0.0523093 0.00575156 0.0138738 0.0355774 -0.0242094 -0.0104724 0.0160974 -0.0316831 -0.0846337 -0.0102321 0.0119348 -0.0137565 0.166166
internal_weight=36952.4 24566.2 24388.8 12386.2 12073.1 8968.57 532.821 8435.75 6863.54 6644.38 391.38 1572.21 1336.38 181.891 1154.49 953.525 219.164 118.685 6253 4167 1538.99 230.839 2085.99 91.4241 679.775 195.139 484.637 888.57 495.647 90.3589
internal_count=6896949 3434724 3385033 3462225 3360759 1233549 29124 1204425 1108116 1032125 57541 96309 64698 14919 49779 34231 75991 29145 974584 73900 42312 1758 900684 6580 21669 6092 15577 404424 278266 7781
is_linear=0
shrinkage=0.15


Tree=100
num_leaves=31
num_cat=0
split_feature=11 32 19 10 29 27 29 27 33 33 29 12 10 37 33 33 29 27 33 14 11 34 16 11 17 33 19 20 27 10
split_gain=10.9179 12.5142 12.0673 10.4677 22.8819 18.7853 19.0805 34.6795 29.4096 16.1898 17.3145 16.0421 15.2432 17.3501 16.0073 14.5217 19.5709 25.3413 13.3636 13.3107 13.4851 17.0976 16.1745 12.9322 12.8796 15.1879 14.5118 19.311 12.538 12.1321
threshold=0.14344059675931933 0.38205626606941229 639.50000000000011 0.37705636024475103 0.75473687052726757 3.5000000000000004 0.46367803215980535 1.5000000000000002 0.70412456989288341 0.14854215830564502 0.15847322344779971 20.500000000000004 0.26871900260448461 1.0000000180025095e-35 0.83484846353530895 0.99074074625968944 0.97357577085495006 2.5000000000000004 0.62115561962127697 22.500000000000004 0.23761069029569629 0.54616478085517894 0.02456313464790583 0.15840727835893634 27.500000000000004 0.4236596822738648 593.50000000000011 1.5000000000000002 1.5000000000000002 0.35164035856723791
decision_type=8 2 2 8 2 2 2 2 2 2 2 8 10 2 2 2 2 2 2 10 8 2 2 10 2 2 2 2 2 10
left_child=1 2 -1 4 5 6 7 9 29 -2 -11 -9 13 -12 23 -6 -17 -18 -13 20 -10 22 -22 -15 -14 -26 27 -27 -23 -8
right_child=3 -3 -4 -5 15 -7 8 11 19 10 12 18 24 14 -16 16 17 -19 -20 -21 21 28 -24 -25 25 26 -28 -29 -30 -31
leaf_value=-0.078786734782801029 0.35216376177325531 0.10045051541064229 0.065733998926790424 -0.00079674598811344086 -0.059853456463095527 -0.16732132635209376 -0.06692797864444372 -0.014973378269441028 0.033285570869215277 -0.10501195870665188 -0.076454723764371596 0.046981113026095929 0.054721071592554439 0.46429802844608914 -0.1114226951990514 -0.083717732187903085 -0.10684083304907063 0.12073021912650035 -0.20945204370075135 0.026423841680211013 0.081204207557156252 0.14915384822545014 0.29548877275106045 0.048975753818110791 -0.089162148286941578 0.67265652256511965 0.01552946927524795 0.084664867529840121 0.027260116668751371 0.043154140760579947
leaf_weight=24.283430237786433 2.2425164691385353 50.95356381527381 25.760978239472024 35276.133540060044 148.08522271128913 11.052920986152001 94.195727392605022 22.365029873935782 136.94095999732099 22.075961043809457 34.539311767456638 4.9156527033526336 47.213975770140223 2.7332751830722355 3.1139712024287292 28.097744171667728 13.655469916879154 44.648510688813985 32.545410234166411 771.28427755648363 16.522288947653578 27.121060640079122 16.343991812742388 3.564039668533951 2.0553908725801175 2.6748518924459859 2.4603208907151384 2.4082692467400193 60.31794778564381 28.745736400707301
leaf_count=6845 4519 2223 6639 5929700 18005 394 60582 72724 17210 155334 128748 35522 93020 530 795 1015 1386 3080 114105 148069 963 6617 466 1167 30197 8355 9017 5118 9735 23381
internal_value=-0.000125686 0.048882 -0.00456255 -0.000261299 0.0116719 0.0191998 0.0208664 -0.0237644 0.0280478 0.0212568 0.0124209 -0.116695 0.038928 -0.0271111 0.143929 -0.0314833 0.0172692 0.0665276 -0.175456 0.0363388 0.0658487 0.102335 0.193344 0.268164 0.0896014 0.239817 0.3294 0.453792 0.0663271 -0.0410485
internal_weight=36959.1 100.998 50.0444 36858.1 1581.92 1347.43 1336.38 184.908 1151.47 125.082 122.839 59.8261 100.763 43.9506 9.41129 234.487 86.4017 58.304 37.4611 1028.53 257.246 120.305 32.8663 6.29731 56.8128 9.59883 7.54344 5.08312 87.439 122.941
internal_count=6895461 15707 13484 6879754 950054 926568 926174 659151 267023 436800 432281 222351 276947 131240 2492 23486 5481 4466 149627 183060 34991 17781 1429 1697 145707 52687 22490 13473 16352 83963
is_linear=0
shrinkage=0.15


Tree=101
num_leaves=31
num_cat=0
split_feature=10 28 32 33 10 29 28 33 27 29 33 8 10 37 10 8 32 33 33 8 27 33 8 10 33 27 8 19 10 8
split_gain=11.433 86.4928 162.306 147.483 33.1713 33.0462 32.766 150.23 155.122 126.082 242.669 215.815 118.069 100.718 86.6272 82.0831 59.3688 60.4394 56.86 56.7407 52.7198 52.1892 46.4029 60.8223 44.4275 63.8457 58.6435 58.4308 49.2518 60.2326
threshold=0.88052105903625499 0.93750000000000011 0.22252079099416736 0.96922349929809581 0.9227183759212495 0.91459476947784435 0.81666666269302379 0.97801932692527782 2.5000000000000004 0.85578954219818126 0.9506097435951234 0.97482815384864818 0.72422781586647045 1.0000000180025095e-35 0.70628052949905407 0.91881179809570324 0.14872968941926959 0.88603895902633678 0.82650500535964977 0.94529667496681224 2.5000000000000004 0.8019607961177827 0.75891467928886425 0.42953845858573919 0.71010184288024913 2.5000000000000004 0.96552586555480968 567.50000000000011 0.7689022719860078 0.81239822506904613
decision_type=10 2 2 2 10 2 2 2 2 2 2 10 8 2 10 10 2 2 2 8 2 2 10 10 2 2 8 2 10 8
left_child=6 2 -2 4 5 -4 9 14 22 -1 11 12 19 -12 -8 -10 -13 18 -18 -11 -21 -14 23 -9 -16 26 27 -26 -27 -30
right_child=1 -3 3 -5 -6 -7 7 8 15 10 13 16 21 -15 24 -17 17 -19 -20 20 -22 -23 -24 -25 25 28 -28 -29 29 -31
leaf_value=-0.00076675101100952281 0.00084186862334613541 -0.0018279049874986711 0.14484498794147257 -0.16761973064973407 0.22648324108029899 -0.027871148999167795 -0.034349244878402935 -0.10209372640838361 0.12966627150005672 0.01186873789315635 -0.15542568060876205 0.039562286509300458 -0.010576425439710886 0.10354560004754956 -0.012441997704677557 -0.035199480398361203 0.18980413590053746 0.31411099720790797 -0.086955313534300624 0.059515560408286587 0.36495444985270714 -0.097682929103743446 -0.16324158332466587 0.17551940133278365 0.050951407526965489 -0.065340862750746159 -0.011446366258908327 0.15181789486283354 0.1648181309554545 0.0067611628009856296
leaf_weight=23388.467991681588 648.89306940848746 5525.7284425978805 196.26988274705946 34.067277456750162 105.10802791427705 28.194795050891116 1244.928706172841 42.209631173091111 498.43974326201715 205.68532565203077 429.67242934373371 111.66224760046498 225.65444821763595 35.987144583556073 1114.7745731415689 78.214512021066184 51.225514105855837 51.300508377811639 23.846402686860529 31.604296499861448 20.833011460634225 493.44950575466646 63.476280348289947 29.15008007617871 542.01871806197232 202.21711250167209 233.24379732919988 169.52894648265283 56.29482494556396 1022.5274550666672
leaf_count=5441722 53023 843821 16838 479 7090 707 156986 7255 36215 18625 37686 5814 17674 2238 72219 3631 2787 2320 457 1374 1163 29670 3417 2067 37351 13694 11187 7023 3425 57143
internal_value=-0.000129292 0.00556001 0.0458403 0.125915 0.156672 0.123123 -0.00135441 0.00936369 0.0734431 -0.00361937 -0.0432869 -0.00797314 -0.0391881 -0.135233 -0.000592696 0.107282 0.119805 0.189839 0.101905 0.0477056 0.185423 -0.0704016 -0.0710027 0.0121683 0.0119937 0.0242321 0.0537916 0.0751626 0.00240638 0.0151538
internal_weight=36904.7 6538.26 1012.53 363.64 329.573 224.465 30366.4 5297.02 711.49 25069.4 1680.92 1215.26 977.227 465.66 4585.53 576.654 238.035 126.372 75.0719 258.123 52.4373 719.104 134.836 71.3597 3340.61 2225.83 944.791 711.548 1281.04 1078.82
internal_count=6895101 921958 78137 25114 24635 17545 5973143 411613 52585 5561530 119808 79884 68506 39924 359028 39846 11378 5564 3244 21162 2537 47344 12739 9322 202042 129823 55561 44374 74262 60568
is_linear=0
shrinkage=0.15


Tree=102
num_leaves=31
num_cat=0
split_feature=17 14 8 20 32 24 13 17 19 23 24 33 28 10 10 8 20 8 10 33 29 29 10 29 33 28 27 29 10 29
split_gain=11.817 23.3831 20.7924 28.0662 25.3434 24.0589 19.4569 17.7511 16.9144 15.0825 15.4033 14.4746 25.3577 32.2521 21.1864 15.404 14.2793 13.8323 42.6441 31.8354 36.9226 51.9741 30.254 66.9469 46.0706 58.1106 299.641 71.4554 74.4333 97.9638
threshold=1.0000000180025095e-35 1.5000000000000002 0.81597533822059642 1.5000000000000002 0.48566009104251867 0.18333333730697635 9.5000000000000018 13.500000000000002 470.50000000000006 1.0000000180025095e-35 0.55000001192092907 0.96609193086624157 0.93750000000000011 0.86720636487007152 0.91678160429000866 0.97227361798286449 7.5000000000000009 0.91284659504890453 0.64902666211128246 0.92052632570266735 0.80346640944480907 0.87535676360130321 0.69829559326171886 0.690290927886963 0.91240409016609203 0.64583334326744091 1.5000000000000002 0.5555151402950288 0.53909412026405346 0.74162915349006664
decision_type=2 8 10 2 2 2 10 2 2 2 2 2 2 10 10 10 2 10 8 2 2 2 10 2 2 2 2 2 10 2
left_child=2 7 -1 4 -4 6 -5 8 -2 -6 11 12 13 15 -14 -11 -10 22 19 20 -19 -22 24 -24 -3 26 -26 -27 -29 -30
right_child=1 17 3 5 9 -7 -8 -9 16 10 -12 -13 14 -15 -16 -17 -18 18 -20 -21 21 -23 23 -25 25 27 -28 28 29 -31
leaf_value=-0.048889213953722081 -0.019235480160093247 -0.0057119363098553323 0.034503796909632498 -0.074466233047120342 0.14260261904676608 0.059665689188747428 0.098781165972651491 0.17179807037258413 0.017264749826098359 -0.012848805366919415 0.08545046853470388 -0.059514299055394293 -0.0056153025101635225 0.14699524051287305 -0.069270193675416869 0.089482039700572391 -0.057001298799712982 0.0083216784708840998 -0.0085497612440375969 -0.020278407981966173 0.23161221090281239 -0.019145874687229853 0.070736037396241139 0.0066635153188276128 0.012088543256562456 -0.042094975892875336 -0.1134152260183495 0.041418451575314062 -0.050046336425445023 0.035646030436376
leaf_weight=275.75725830781994 344.22042688694046 13883.894760344285 430.10669040149332 237.38040417958655 13.543696896951586 40.330657813965445 14.690522170218172 14.766773284648933 2971.8679958003841 168.659215495034 34.697268152915058 138.71789447366609 382.32014280668227 44.157753961277194 169.06772413750878 40.12738399382215 58.462973044033788 62.363270069391547 6347.6263887227924 78.442410132460282 62.786784239693588 26.047821055725763 420.70165792998432 2826.6472116249543 3103.4623791395347 368.94023913930505 495.47929072704983 2569.416209686834 554.44558280352794 652.12748924929019
leaf_count=9603 37024 4134803 13908 32291 4060 40031 392 4128 126779 3591 37139 8706 5873 1072 1565 568 12161 9917 958326 8155 4082 2313 81262 273813 478406 92111 155168 223110 88977 46575
internal_value=0.000501635 0.0011438 -0.0107391 -0.00457563 0.00414023 -0.0468141 -0.0640191 0.0129795 0.0122338 -0.00905557 -0.0112999 -0.0149463 -0.00719562 0.0320473 -0.0252234 0.00715129 0.0158136 -0.000131989 -0.00624891 0.0571117 0.0971317 0.158691 0.00148558 0.0149835 -0.000541691 0.00872752 -0.00521672 0.0208333 0.0269914 -0.00374024
internal_weight=36831.3 34841.7 1989.56 1713.8 1421.4 292.402 252.071 3389.32 3374.55 991.291 977.747 943.05 804.332 252.944 551.388 208.787 3030.33 31452.4 6577.27 229.64 151.198 88.8346 24875.1 3247.35 21627.8 7743.87 3598.94 4144.93 3775.99 1206.57
internal_count=6895909 6737110 158799 149196 76482 72714 32683 180092 175964 62574 58514 21375 12669 5231 7438 4159 138940 6557018 982793 24467 16312 6395 5574225 355075 5219150 1084347 633574 450773 358662 135552
is_linear=0
shrinkage=0.15


Tree=103
num_leaves=31
num_cat=0
split_feature=37 33 11 12 17 28 26 9 29 29 33 28 8 28 33 18 32 29 11 9 14 14 10 29 25 29 35 33 10 29
split_gain=12.6731 29.1097 43.3341 31.829 27.7421 57.751 43.2236 28.4126 25.2402 64.705 29.2262 34.2229 34.415 28.6954 23.6363 19.0329 17.6879 16.7579 16.085 15.05 15.4837 14.6646 16.3619 15.5386 14.5349 14.4871 14.3727 13.8629 43.4261 79.6904
threshold=1.0000000180025095e-35 0.97999200224876415 0.38690854609012609 4.5000000000000009 85.500000000000014 0.64583334326744091 1.0000000180025095e-35 0.87579652667045604 0.63431376218795787 0.25953215360641485 0.90353596210479747 0.41428571939468389 0.48786251246929174 0.26785714924335485 0.88989898562431347 0.012967132031917574 0.20212519168853763 0.61022934317588817 0.17673762887716296 0.7788735330104829 12.500000000000002 32.500000000000007 0.60682767629623424 0.65289220213890087 1.0000000180025095e-35 0.81927999854087841 1.0000000180025095e-35 0.65058138966560375 0.54444366693496715 0.51531562209129345
decision_type=2 2 8 10 2 2 2 8 2 2 2 2 10 2 2 2 2 2 10 8 8 10 10 2 2 2 2 2 10 2
left_child=27 8 3 25 5 6 7 -4 9 13 11 18 -13 -2 24 -5 -7 -6 -11 -14 -21 22 23 -17 -10 -3 -25 28 -1 -30
right_child=1 2 4 15 17 16 -8 -9 14 10 -12 12 19 -15 -16 21 -18 -19 -20 20 -22 -23 -24 26 -26 -27 -28 -29 29 -31
leaf_value=-0.0036198693433340664 -0.017176559903125773 0.0088557317456007811 -0.10249185264709819 0.00057864660818267928 0.17699029528495477 0.04503614521418315 0.092888155147809043 0.093142986263163863 -0.023102419324076549 0.1646665178835468 -0.012978365114079495 -0.030014613092710557 0.031145157338487259 -0.19265110975894903 -0.10631715251438976 -0.093132915347351367 0.14503271451093 0.028598896657816213 0.038718908017056172 0.029866531776073561 0.20019730751321416 0.029675285957019515 -0.0048127941559313507 -0.07219455516112569 0.12443232279543245 0.14471293411188613 -0.36270022679502056 -0.0026876883960706087 0.14265580967415065 0.015392418923089719
leaf_weight=4426.9787119473031 501.64845331995684 79.396717910392908 95.704184031987097 39.820171847430174 65.843474904682807 66.448999534397444 53.53121760050999 19.371434178785421 248.5502803597974 99.464916904358688 110.11001221207698 92.384783553544366 45.934046989306808 20.90256513088616 81.555863344132376 16.340879192830471 103.06702927443257 23.606791666406934 30.474934817255416 17.885033655689767 38.185017255929779 10.039959366000401 11.066414781020283 5.6956988090896656 14.997787619009612 21.767314796030405 16.040859660133719 28176.47793762786 115.95727700438965 2081.8322781755633
leaf_count=1519331 96867 5650 1141 3079 5760 2100 3126 602 11378 12418 8219 9179 754 3544 3794 951 12823 1723 4900 1522 2526 582 490 1185 2401 1443 108 4833547 63209 281508
internal_value=-0.000579787 0.0112489 0.0377536 -0.0197808 0.0646716 0.0447688 -0.0173851 -0.0690406 -0.00154825 0.0109961 0.0537102 0.0763213 0.0361721 -0.0245503 -0.0362656 -0.0798564 0.106329 0.138578 0.135649 0.0958266 0.147341 -0.133085 -0.166266 -0.211865 -0.014268 0.0392183 -0.293101 -0.00123603 0.00493765 0.0221688
internal_weight=36731.1 1929.83 627.741 200.168 427.573 338.123 168.607 115.076 1302.09 956.99 434.439 324.329 194.389 522.551 345.104 99.004 169.516 89.4503 129.94 102.004 56.0701 59.1838 49.1439 38.0774 263.548 101.164 21.7366 34801.2 6624.77 2197.79
internal_count=6895860 198265 40763 13488 27275 19792 4869 1743 157502 139929 39518 31299 13981 100411 17573 6395 14923 7483 17318 4802 4048 3316 2734 2244 13779 7093 1293 6697595 1864048 344717
is_linear=0
shrinkage=0.15


Tree=104
num_leaves=31
num_cat=0
split_feature=18 16 33 6 29 10 10 11 33 29 33 27 24 25 27 29 10 19 32 33 29 10 16 20 13 13 19 17 20 32
split_gain=12.7952 19.2692 18.6851 32.0653 37.6017 15.6658 14.2384 25.691 24.871 24.7042 30.8379 23.7251 21.6062 19.7193 30.1352 35.8353 32.3497 37.8555 19.4508 19.1963 16.8197 38.2987 16.7783 15.4589 19.2708 17.6421 14.6934 16.3872 22.9246 21.0756
threshold=0.0027491422370076184 0.032256403937935836 0.63733074069023143 1.0000000180025095e-35 0.8709511160850526 0.80418878793716442 0.79593443870544445 0.25297901034355169 0.84877073764801036 0.87969252467155468 0.97849214076995861 1.5000000000000002 0.87500000000000011 1.0000000180025095e-35 2.5000000000000004 0.73771157860755932 0.55914703011512767 595.50000000000011 0.094107899814844145 0.92052632570266735 0.84640040993690502 0.85817676782608043 0.056307572871446616 2.5000000000000004 2.5000000000000004 11.500000000000002 528.50000000000011 1.0000000180025095e-35 1.5000000000000002 0.12846045196056369
decision_type=2 2 2 2 2 10 10 8 2 2 2 2 2 2 2 2 10 2 2 2 2 10 2 2 10 10 2 2 2 2
left_child=1 -1 3 4 -3 -5 7 8 -4 10 11 -8 23 -9 -15 16 -16 -18 -13 22 -20 -22 -10 24 26 -25 -11 28 -28 -30
right_child=-2 2 6 5 -6 -7 9 13 19 12 -12 18 -14 14 15 -17 17 -19 20 -21 21 -23 -24 25 -26 -27 27 -29 29 -31
leaf_value=-0.070866361212257728 0.0012783920287830705 0.08280808884069997 -0.038938751047251884 0.030634162707170592 -0.046621198687466038 0.23824733851488678 -0.13910533267206401 -0.024560255030554659 0.036486030233025643 -0.014915258580454496 -0.14254074502372402 -0.0027213709512614865 0.085739699220995863 -0.023504984014888403 -0.067648999448630079 -0.035970774324122684 -0.57466225646336355 -0.15986321576993784 0.13261555470285935 0.0086281824605597638 -0.047079342160882741 0.13909914975891935 0.16306294940718105 -0.040380199692141877 -0.023708034482513931 0.095129217817238654 0.0070890647593309618 0.032026293050629651 -0.14688232711139315 0.042691176185530463
leaf_weight=102.52937515937538 31633.102352797407 91.306379880313216 164.96166902584719 13.059014604430557 110.56259218391824 22.463069041550625 13.008197015115 891.86356042990246 59.939744450215585 542.74289369025246 18.698231032632975 75.611961278791568 55.577780020546925 80.710058510259842 12.641201108141102 28.376903624637634 10.019747923826801 10.949564946349708 92.718290879791311 234.41527111892356 50.722789582556288 47.064260055485647 38.683413541642949 423.39830779446402 722.19053039263963 21.844926331265015 507.2985785357414 606.73137428040263 42.368817475027754 18.42326751028304
leaf_count=7841 6576094 6493 5321 479 4966 1018 477 18617 1575 15389 740 2321 93654 5603 650 7141 334 91 8110 8375 2042 7178 1135 69658 20142 963 12920 12666 1648 2495
internal_value=0.000153216 -0.00680979 -0.00548456 0.0355015 0.01204 0.164851 -0.00753094 -0.0194376 0.0085435 -0.00189188 0.0392011 0.0518411 -0.00606572 -0.032902 -0.0845042 -0.162294 -0.264825 -0.375202 0.0616607 0.0321087 0.0870948 0.0430281 0.0872723 -0.00786339 -0.00316691 -0.0335334 0.00547886 0.0149052 -0.00340464 -0.0896702
internal_weight=36744 5110.88 5008.35 237.391 201.869 35.5221 4770.96 1532.56 498 3238.4 297.824 279.125 2940.58 1034.56 142.697 61.9874 33.6105 20.9693 266.117 333.038 190.505 97.787 98.6232 2885 2439.76 445.243 1717.56 1174.82 568.091 60.7921
internal_count=6896136 320042 312201 12956 11459 1497 299245 48842 16406 250403 20868 20128 229535 32436 13819 8216 1075 425 19651 11085 17330 9220 2710 135881 65260 70621 45118 29729 17063 4143
is_linear=0
shrinkage=0.15


Tree=105
num_leaves=31
num_cat=0
split_feature=13 9 18 16 21 8 29 29 13 32 16 11 23 20 12 34 16 18 37 8 10 18 16 11 27 10 10 12 9 20
split_gain=10.5671 42.3207 25.0874 34.9353 45.7736 30.4631 39.4198 35.5279 30.9345 33.7369 28.2935 31.0494 39.1 32.431 30.851 34.3102 31.0047 76.0181 30.3944 33.8802 30.2064 29.2686 28.8853 27.8622 26.9934 41.3755 25.787 28.4195 26.5086 27.8582
threshold=2.5000000000000004 0.90621492266654979 0.047090481966733939 0.01388797350227833 1.5000000000000002 0.57620748877525341 0.35656505823135382 0.7461756467819215 5.5000000000000009 0.2966273725032807 0.024297285825014118 0.16514670848846438 1.0000000180025095e-35 14.500000000000002 2.5000000000000004 1.0000000180025095e-35 0.031010092236101631 0.010260170325636865 1.0000000180025095e-35 0.90131887793540966 0.76007574796676647 0.0080353566445410269 0.039377883076667793 0.47717088460922247 2.5000000000000004 0.44812059402465826 0.99999997019767772 20.500000000000004 0.79435431957244884 5.5000000000000009
decision_type=8 10 2 2 2 10 2 2 10 2 2 8 2 2 10 2 2 2 2 10 8 2 2 8 2 8 10 8 8 2
left_child=-1 2 5 4 -4 7 -7 24 10 -10 -8 21 14 26 15 -13 17 -16 19 -18 -19 22 -12 -21 -2 -26 27 -14 -28 -30
right_child=1 -3 3 -5 -6 6 8 -9 9 -11 11 12 13 -15 16 -17 18 20 -20 23 -22 -23 -24 -25 25 -27 28 -29 29 -31
leaf_value=0.004608689340263027 -0.018243960624863682 -0.041853492298940344 -0.0052705729647253416 0.017179340588781736 0.065929594155818991 0.1018574030941779 -0.03653374769450099 0.03775066984561562 0.10969246057968267 0.010049846131488294 0.043585240719097688 -0.0061167470362021789 -0.015564319295567113 -0.082879874611116136 -0.058839921610120138 0.077137158082054069 0.068523479097368944 0.001454203191668308 -0.072908957263809124 -0.013757091711187488 0.052359410444919999 -0.046157354452902359 -0.018601200573587971 0.038791985590670548 -0.00061153006736597943 -0.11257713218721799 -0.071887220852297415 0.049559981106890152 0.10460192458095607 -0.05047871593534678
leaf_weight=10379.777065621616 1858.2176482733962 558.55028692402993 4548.9260548719321 3809.6049733114669 211.65505821368424 82.484459108627561 598.57971924694539 222.68702756768334 77.748117007904511 2642.7147278078555 210.10157131131837 2993.0841462435728 3132.5359570227683 139.4159124639782 345.86894879183819 114.6820688169646 506.4761446806915 658.04428952693161 58.02712634090858 342.71851589070138 435.14944728886621 670.63749237416278 823.5174940078341 669.05386145570446 126.54233715968257 178.7752191727368 34.912252166643157 157.43053126361792 120.31232565800747 32.53739082148968
leaf_count=411220 813637 19469 2841232 383158 2561 42556 505886 23219 2887 69194 10268 20543 924668 391894 9693 22947 10112 49917 870 5008 14708 99028 34515 41001 15997 27863 8895 20139 35470 39477
internal_value=0.00055494 -0.00104136 -0.000156304 0.00647556 -0.00209184 -0.00345474 -0.000925752 -0.019182 -0.00150686 0.0129368 -0.00477041 -0.00310605 0.000162898 -0.0122002 0.00746706 -0.00302071 0.0182737 0.00235071 0.0328 0.0368855 0.0217465 -0.021778 -0.00593078 0.020996 -0.0250567 -0.0663252 -0.00934381 -0.0124339 0.0445797 0.0714761
internal_weight=36740.8 26361 25802.4 8570.19 4760.58 17232.3 14846 2386.22 14763.5 2720.46 12043.1 11444.5 9740.25 3617.14 6123.1 3107.77 3015.34 1439.06 1576.28 1518.25 1093.19 1704.26 1033.62 1011.77 2163.54 305.318 3477.73 3289.97 187.762 152.85
internal_count=6898032 6486812 6467343 3226951 2843793 3240392 2359676 880716 2317120 72081 2245039 1739153 1595342 1420543 174799 43490 131309 74318 56991 56121 64625 143811 44783 46009 857497 43860 1028649 944807 83842 74947
is_linear=0
shrinkage=0.15


Tree=106
num_leaves=31
num_cat=0
split_feature=14 10 29 27 33 28 14 11 29 10 33 28 29 16 10 29 28 29 27 29 9 8 16 11 19 8 10 33 29 29
split_gain=10.0379 10.8442 15.2115 15.0059 12.9574 18.7679 12.0731 10.9612 10.7772 10.8244 10.6251 14.8276 13.9594 10.8757 21.9741 19.9224 11.9922 26.2581 20.0498 26.6111 15.88 15.8449 15.5205 14.1502 12.7344 13.9239 12.0931 11.7745 13.3532 12.6581
threshold=96.500000000000014 0.37885282933712011 0.75958648324012767 3.5000000000000004 0.14854215830564502 0.30952382087707525 17.500000000000004 0.15933510661125186 0.46578539907932287 0.35164035856723791 0.58658170700073253 0.41428571939468389 0.28471513092517858 0.0047506208065897235 0.30525399744510656 0.63431376218795787 0.58571431040763866 0.50567641854286205 1.5000000000000002 0.55755880475044262 0.47473372519016271 0.75360688567161571 0.033338537439703948 0.17954178154468539 707.50000000000011 0.42085318267345434 0.31449307501316076 0.91341829299926769 0.43276779353618627 0.53142237663269054
decision_type=10 8 2 2 2 2 10 8 2 10 2 2 2 2 10 2 2 2 2 2 10 10 2 10 2 10 10 2 2 2
left_child=1 2 3 4 -1 7 8 -6 9 -7 11 -8 -12 14 15 -14 18 -18 19 -15 -21 26 23 -19 25 -24 27 28 -20 -29
right_child=-2 -3 -4 -5 5 6 10 -9 -10 -11 12 -13 13 16 -16 -17 17 22 21 20 -22 -23 24 -25 -26 -27 -28 29 -30 -31
leaf_value=0.32176827828828958 -0.045434126579788965 -0.00026605943790467684 -0.024668586248110691 -0.14858377051571356 0.21418314697255197 0.048678975067258795 0.066587690591303941 -0.0991693603992094 0.063847149661814095 -0.14189733338081101 0.22607960571610203 -0.10333410308040983 -0.0112553405078036 0.057610809811819208 -0.13185732879758533 0.40115834843718962 -0.10676562627026343 0.060143240483616203 -0.18848027874772949 -0.051949795496483028 0.036458807405386914 0.15970776616257962 -0.099739000476957981 0.19727435397532686 -0.18018644186345742 0.037292295872241227 -0.11195500192453618 0.051483694254107752 0.10426897455856386 -0.16633651218268594
leaf_weight=2.1966653486497298 107.40033745350956 34957.195551696233 212.46977457685398 11.007117249323072 1.7566125469156757 13.972906438307293 16.063858123141472 38.38627679055935 212.3509498769231 11.27535227473936 6.2699313408431854 35.624722130969758 9.1951654970005148 209.2614853755822 27.307821055064096 2.6653941495442259 25.310790343933604 243.52116661450418 3.2044413922685662 122.6078888088864 71.660418198589468 6.5890487954097798 18.233927083532762 17.490523966972432 6.5700376719832994 125.99680748549508 56.613000387419333 9.1284219827666693 21.691311355086327 14.62824940592145
leaf_count=4445 60121 5907646 22525 411 7580 45025 72416 231238 31140 41458 16386 46923 25770 142412 33777 433 16351 27409 19594 43364 2055 871 417 1334 174 4344 77168 7180 4993 869
internal_value=0.000143674 0.000278989 0.0125396 0.0184508 0.0199442 0.0192029 0.0223749 -0.0805848 0.0528454 -0.038592 0.0154338 -0.050264 0.0188835 0.0173471 -0.0591744 0.105412 0.0205525 0.0387985 0.00503202 0.0206191 -0.0193185 -0.0508849 0.0479821 0.0700503 0.00957579 0.0194011 -0.0654457 -0.0101617 0.0607646 -0.083941
internal_weight=36617.6 36510.2 1553.05 1340.58 1329.57 1327.38 1287.23 40.1429 237.599 25.2483 1049.63 51.6886 997.946 991.676 39.1684 11.8606 952.508 437.123 515.384 403.53 194.268 111.854 411.812 261.012 150.801 144.231 105.265 48.6524 24.8958 23.7567
internal_count=6895829 6835708 928062 905537 905126 900681 661863 238818 117623 86483 544240 119339 424901 408515 59980 26203 348535 50029 298506 187831 45419 110675 33678 28743 4935 4761 109804 32636 24587 8049
is_linear=0
shrinkage=0.15


Tree=107
num_leaves=31
num_cat=0
split_feature=33 20 9 19 17 14 33 28 27 8 10 28 33 20 33 33 28 34 33 17 33 23 13 19 31 0 23 24 32 32
split_gain=14.3559 31.6703 31.2645 21.4137 23.4795 28.3726 17.116 13.1477 93.3717 177.358 85.2223 77.9347 110.372 48.7641 52.0152 50.1662 40.0263 39.8621 37.2981 37.5408 36.4412 34.5901 34.4555 33.108 32.8982 36.759 32.2474 31.2305 30.487 30.3394
threshold=0.3551971316337586 169.50000000000003 0.45303462445735937 545.50000000000011 21.500000000000004 1.5000000000000002 0.36140660941600805 0.46428571641445165 1.0000000180025095e-35 0.84234201908111583 0.3121184259653092 0.30952382087707525 0.64785373210906994 161.50000000000003 0.9569842815399171 0.90661337971687328 0.22500000149011615 0.53378996253013622 0.82650500535964977 23.500000000000004 0.93813776969909679 1.0000000180025095e-35 5.5000000000000009 464.50000000000006 0.86607143282890331 1.0000000180025095e-35 1.0000000180025095e-35 0.29166667163372045 0.27238743007183081 0.50076583027839672
decision_type=2 2 10 2 2 10 2 2 2 8 10 2 2 2 2 2 2 2 2 2 2 2 8 2 2 2 2 2 2 2
left_child=1 2 -1 4 5 -4 -2 8 9 10 17 12 16 14 15 22 -10 -8 -13 -20 -17 -12 24 -15 28 -26 29 -23 -11 -19
right_child=6 -3 3 -5 -6 -7 7 -9 11 13 21 18 -14 23 -16 20 -18 26 19 -21 -22 27 -24 -25 25 -27 -28 -29 -30 -31
leaf_value=-0.038624425598286362 -0.095327870876475221 -0.14417570544195921 -0.13919210524676373 0.053786357659001104 0.022423611960030888 0.077486522779683195 -0.10149230755430201 0.0009633277308212369 -0.18016998389006211 -0.11134211093070615 0.25890571199699969 0.0049564254586756977 -0.18906336065271048 -0.027941481381406355 -0.049744359255077301 0.040666750301127784 0.061731110272308015 0.5117073647794711 -0.099291944143709954 -0.0081496835853638542 -0.010924045402181538 -0.27466574418495976 -0.026487915296527189 0.12435589074926971 -0.013953928641358597 -0.1000060234980774 0.13718302030101701 0.060478948559882562 0.0078310748036020342 0.1849629147986159
leaf_weight=166.41052791830998 42.115585197883775 25.850870290086732 45.222608304437017 472.9596495386304 343.60382675028268 18.508412885887083 13.272887119648656 26199.887606903547 18.262874237506367 48.046015441534109 3.9792631574600845 462.68563565803265 169.7020020907471 45.145534294771096 562.2497814542503 914.6991846730316 75.632596035929055 9.8083149548128876 219.23425345428404 189.25600919969088 463.69556644692329 19.233008873708972 1696.7089326462301 107.62605266653736 799.22040552378166 128.93405461782822 208.17980184846419 8.6032097529387084 3182.0830653219746 20.794286154501606
leaf_count=241564 14711 6201 1515 18688 23663 862 3972 4080986 46990 2994 797 495690 238928 8126 82435 70462 114689 3214 83444 142759 49287 6502 997254 12737 12764 2185 58694 217 72047 1059
internal_value=-0.000360438 0.0167297 0.0208375 0.0321092 0.00686956 -0.0760406 -0.000875654 -0.000761134 -0.00558408 -2.17091e-05 0.11627 -0.0459011 -0.11721 -0.00418906 -0.00583834 -0.00241913 0.013278 0.145459 -0.0242151 -0.0571882 0.0233161 -0.112367 -0.00848073 0.0794615 -0.00112864 -0.0260026 0.159552 -0.172579 0.00602454 0.302565
internal_weight=36681.6 1072.56 1046.71 880.294 407.335 63.731 35609.1 35566.9 9367.05 8232.28 283.871 1134.77 263.597 7948.41 7795.64 7233.39 93.8955 252.055 871.176 408.49 1378.39 31.8155 5854.99 152.772 4158.28 928.154 238.782 27.8362 3230.13 30.6026
internal_count=6895436 292493 286292 44728 26040 2377 6602943 6588232 2507246 1384746 74455 1122500 400607 1310291 1289428 1206993 161679 66939 721893 226203 119749 7516 1087244 20863 89990 14949 62967 6719 75041 4273
is_linear=0
shrinkage=0.15


Tree=108
num_leaves=31
num_cat=0
split_feature=25 9 28 26 27 8 10 33 21 13 32 24 9 23 24 24 13 13 26 13 9 9 21 9 27 8 16 32 34 32
split_gain=9.87768 63.6527 41.7155 85.242 64.2153 46.5347 109.96 52.2378 46.5055 75.8514 44.2691 39.4958 38.4086 37.8619 57.2459 78.3253 41.0511 39.0532 35.8059 34.703 68.6716 48.6621 41.0899 37.6253 54.5921 30.7032 29.9143 29.3415 28.7121 34.6131
threshold=1.0000000180025095e-35 0.9142272174358369 0.86607143282890331 1.0000000180025095e-35 3.5000000000000004 0.87282073497772228 0.69829559326171886 0.80993431806564342 1.5000000000000002 6.5000000000000009 0.16538709402084353 0.45000000298023229 0.67154744267463695 2.5000000000000004 0.45000000298023229 0.18333333730697635 17.500000000000004 15.500000000000002 1.0000000180025095e-35 4.5000000000000009 0.74491482973098766 0.568559229373932 1.5000000000000002 0.8571569323539735 1.5000000000000002 0.72176760435104381 0.014925695955753328 0.58491456508636486 0.76043477654457103 0.90072506666183483
decision_type=2 10 2 2 2 8 10 2 2 8 2 2 10 2 2 2 8 8 2 10 10 8 2 10 2 10 2 2 2 2
left_child=1 13 4 8 11 6 25 -8 9 -4 -5 -2 -9 -1 15 -15 -16 18 -17 21 22 27 -21 24 -23 -6 -25 -13 -3 -30
right_child=2 28 3 10 5 -7 7 12 -10 -11 -12 19 -14 14 16 17 -18 -19 -20 20 -22 23 -24 26 -26 -27 -28 -29 29 -31
leaf_value=-0.0015822050570228942 0.086902929716148519 -0.14977815230274166 -0.90636351839468055 -0.019866876477578219 -0.15376176829512991 0.074309287225716142 0.026041420105391819 -0.15444486702560475 0.039334878851792807 -0.12735244452954478 0.1188339677954464 -0.091050227346578402 -0.7517641534497167 -0.083967298334494317 -0.057242272212083514 0.036406266707377587 -0.19358382096989757 -0.01365479984132761 0.19054660745847804 -0.011185601810150518 -0.067273457439687587 0.044547313419674384 0.059009145762792162 -0.10028915088669715 -0.012636495003817345 0.058864100175037841 0.0031726182609004843 0.040098026141999525 0.12242525288392864 0.02165854757928173
leaf_weight=28798.575785960104 125.87808109808975 12.558416752610354 3.4936311049386859 69.450805438304087 38.207670515170321 22.241667228816368 3.5088628224912126 3.8675236502313046 8.6807071031944361 8.6142956840485549 199.50588901545416 164.09122121419205 10.252612423122626 150.605272863143 247.75726214842871 75.980470769718522 61.695633667055517 110.08407032051491 61.118486964551266 1000.7628105969743 435.66286444175057 1347.7488242483814 229.8772087743273 63.536133971239906 520.11658168563008 24.338187699016999 2446.9565812267392 49.372488273380441 158.83985935263627 148.45278104588215
leaf_count=6257588 4693 161 352 1210 2955 8189 525 190 2118 358 181278 3375 849 196243 2215 2438 615 9370 809 25791 6572 26015 4483 483 50508 3520 95844 1738 2557 2706
internal_value=-0.000527824 -0.00170238 0.00464152 0.0602273 0.00214963 -0.115105 -0.167919 -0.488145 -0.225644 -0.404127 0.0830773 0.00404843 -0.609193 -0.00242489 -0.036688 0.000983787 -0.0849607 0.0528731 0.106004 0.00236825 -0.0161682 0.0090969 0.00196368 0.0125115 0.028626 -0.0713993 0.000515294 -0.0606711 0.0647485 0.0739731
internal_weight=36601.8 29825.7 6776.16 289.745 6486.42 102.417 80.1749 17.629 20.7886 12.1079 268.957 6384 14.1201 29505.8 707.241 397.788 309.453 247.183 137.099 6258.12 1666.3 4591.82 1230.64 4378.36 1867.87 62.5459 2510.49 213.464 319.851 307.293
internal_count=6895748 6474702 421046 185316 235730 16228 8039 1564 2828 710 182488 219502 1039 6469278 211690 208860 2830 12617 3247 214809 36846 177963 30274 172850 76523 6475 96327 5113 5424 5263
is_linear=0
shrinkage=0.15


Tree=109
num_leaves=31
num_cat=0
split_feature=17 18 16 13 33 9 8 32 22 29 31 32 22 0 0 31 24 32 32 32 29 9 33 24 17 34 13 22 30 33
split_gain=10.4493 36.3073 31.0495 21.7684 18.6941 17.275 30.3622 26.4133 50.7121 51.4892 30.2734 42.826 33.7359 147.088 54.2893 52.2781 48.0401 43.8372 39.156 36.3741 56.9852 35.9885 33.9292 31.3773 29.5704 28.869 28.7431 28.4729 27.0293 26.9552
threshold=27.500000000000004 0.064308453351259245 0.014925695955753328 1.5000000000000002 0.14854215830564502 0.73595777153968822 0.72401306033134472 0.8455648422241212 1.5000000000000002 0.60255271196365368 0.73214286565780651 0.74357023835182201 1.5000000000000002 1.0000000180025095e-35 1.0000000180025095e-35 0.26785714924335485 0.29166667163372045 0.47688487172126776 0.31679616868495947 0.57694143056869518 0.73771157860755932 0.63755860924720775 0.57259953022003185 0.22500000149011615 286.50000000000006 0.73192510008811962 20.500000000000004 1.5000000000000002 3.5000000000000004 0.56787469983100902
decision_type=2 2 2 10 2 8 8 2 2 2 2 2 2 2 2 2 2 2 2 2 2 10 2 2 2 2 10 2 2 2
left_child=2 3 -1 -2 -4 6 -3 10 9 26 12 23 13 17 15 -14 -16 -8 -17 -15 24 22 -20 -12 -21 -23 -9 -13 -10 -26
right_child=1 5 4 -5 -6 -7 7 8 28 -11 11 27 14 19 16 18 -18 -19 21 20 -22 25 -24 -25 29 -27 -28 -29 -30 -31
leaf_value=-0.048599779303900241 0.064804096503142991 0.1208869542341804 0.12619222436600122 0.014052488919837512 -0.0012218786025684596 -0.0043636127823219947 -0.11117298098603481 0.082447954723272016 -0.075642665648050764 -0.032705864443220226 -0.10648160149326154 0.029854589209839674 -0.11345643577095903 0.0082198307642136967 -0.070062584953267032 0.32148131028945581 0.018867148327379488 -0.032100328316511294 0.14178868949012982 0.075574499176297369 -0.087124738707634278 -0.081622189320720392 0.054431468431839845 -0.0095867807181394954 -0.018524424032169518 0.072496004494906993 0.27858870870064156 -0.044736129742803367 0.018946676568008806 0.42812267072551929
leaf_weight=312.37388198388362 321.96826059291016 51.979023135954776 24.935953456497373 464.21340043464079 25109.693147281148 5413.0334036948097 234.1526494889431 319.49987590777164 104.66931452049175 92.824775691697141 185.61688423090891 322.78435052283021 37.772761419160815 709.72708907882952 178.01970179098134 12.284870467844483 576.84567690722906 483.26029843166179 134.46514223695885 351.96232914466964 48.613029991553049 64.215455165161984 393.06789820953054 126.30460138063063 4.2192503161422783 46.131417133612558 16.991648501803866 177.69620309175662 189.72866455221811 9.1848403962831053
leaf_count=72336 40571 1747 4029 11172 3570522 1961201 227236 8294 13674 2032 70755 17136 32012 406590 120387 5668 30305 154192 25486 15900 1272 1094 65025 2860 3598 1506 4245 11572 8357 5479
internal_value=-1.91599e-06 0.00384468 -0.00167554 0.0348929 -0.00109046 0.00146822 0.00794721 0.00670445 0.033101 0.0659241 0.00203393 -0.0238743 0.00844863 -0.00501019 0.0256146 0.0560613 -0.00217007 -0.0580273 0.0660689 0.0288592 0.0641384 0.0606545 0.0769245 -0.0674025 0.0844472 -0.0171194 0.0931485 0.00333467 -0.0148255 0.296005
internal_weight=36518.2 11071.2 25447 786.182 25134.6 10285.1 4872.02 4820.04 723.714 429.316 4096.32 812.402 3283.92 1841.12 1442.8 687.938 754.865 717.413 650.165 1123.71 413.979 637.88 527.533 311.921 365.366 110.347 336.492 500.481 294.398 13.4041
internal_count=6896253 3249366 3646887 51743 3574551 3197623 1236422 1234675 36602 14571 1198073 102323 1095750 814267 281483 130791 150692 381428 98779 432839 26249 93111 90511 73615 24977 2600 12539 28708 22031 9077
is_linear=0
shrinkage=0.15


Tree=110
num_leaves=31
num_cat=0
split_feature=30 37 29 29 34 10 20 13 8 29 13 33 28 27 9 28 29 28 8 33 10 33 29 28 20 29 33 15 33 33
split_gain=9.08648 11.2075 24.1505 44.937 49.0488 47.615 28.8196 23.188 20.2005 20.7134 17.8268 15.2883 40.3323 30.1658 18.3568 15.8969 14.7721 121.837 112.624 46.7619 44.6262 43.5282 73.6 44.7813 38.7458 34.2751 66.1509 33.1642 30.8976 32.8262
threshold=4.5000000000000009 1.0000000180025095e-35 0.14245053380727771 0.61533227562904369 0.57019704580307018 0.63333463668823253 1.5000000000000002 4.5000000000000009 0.56632471084594738 0.4911134690046311 11.500000000000002 0.97894504666328441 0.64583334326744091 1.5000000000000002 0.82407468557357799 0.53571429848670971 1.0000000180025095e-35 0.46428571641445165 0.36031273007392889 0.94312667846679699 0.73840305209159862 0.80993431806564342 0.17313650995492938 0.30952382087707525 5.5000000000000009 0.25091302394866949 0.68469786643981945 58.500000000000007 0.90661337971687328 0.50384616851806652
decision_type=2 2 2 2 2 10 2 8 10 2 8 2 2 2 10 2 2 2 10 2 8 2 2 2 2 2 2 8 2 2
left_child=1 16 -3 7 6 11 -5 -4 9 -9 -10 14 13 -13 15 -6 18 21 19 28 -20 22 -18 -23 -21 26 -19 -24 29 -1
right_child=-2 2 3 4 5 -7 -8 8 10 -11 -12 12 -14 -15 -16 -17 17 25 20 24 -22 23 27 -25 -26 -27 -28 -29 -30 -31
leaf_value=0.019951723302326804 -0.0074287865194126463 -0.01419335269284702 0.022402497847404806 -0.0032433033480379434 0.083586210103640257 0.15910496133742527 -0.10302019472706568 0.09608905188622445 0.016589585130664074 -0.0032859767207254688 0.16158899354189132 0.13890550398685936 0.10179479652926955 -0.16823146798326863 0.099626974625289536 -0.051765477862479273 -0.17166761625646001 -0.10779732077848954 -0.085743650974182295 -0.052649094705036384 0.13331621568873372 -0.20258737894869158 -0.071751644015306509 -0.070319638368868717 0.028047212783968902 0.00040217065687580547 0.17263129290768545 0.02487528747505378 0.033260230110238882 -0.0046183414461059323
leaf_weight=1783.2572515787751 2971.1046256389745 515.05826474336027 265.20951450981374 130.93887366476883 21.504332883389907 55.147284300284809 128.73776942740551 106.35775895233564 24.260450587666128 84.0970092105199 92.740484681211456 9.017963854596017 91.633362118431251 25.530530438292772 25.534158885420766 150.16809002001628 67.141972016527916 25.79740660799871 22.653326844845651 547.61900543696993 201.47974779887318 72.406106533759612 110.82051802077649 278.603665346036 176.38083748806093 23424.499293436489 64.700928793561616 279.1531765914267 882.54180649164027 3891.8105114759583
leaf_count=311906 114722 98642 10602 1634 2820 7633 1410 24617 464 10603 5575 974 15177 485 1234 9048 58592 4601 6338 95274 54314 116907 221715 240512 18758 3958131 8156 596082 74326 824770
internal_value=0.000520523 0.00122459 0.0129935 0.0245598 -0.00282075 0.0315925 -0.0529143 0.055026 0.0830031 0.0524211 0.131918 0.00942437 0.0499904 -0.0864093 -0.0166529 -0.0344249 0.000586034 -0.00120911 0.00640277 0.0031717 0.110893 -0.0584396 -0.0278362 -0.0981018 -0.0329783 0.000760095 0.092388 -0.0026969 0.00716729 0.00310438
internal_weight=36525.9 33554.8 1725.94 1210.88 638.212 378.536 259.677 572.665 307.456 190.455 117.001 323.388 126.182 34.5485 197.207 171.672 31828.9 24323.1 7505.74 7281.61 224.133 808.125 457.116 351.01 724 23515 90.4983 389.974 6557.61 5675.07
internal_count=6896022 6781300 190918 92276 40415 37371 3044 51861 41259 35220 6039 29738 16636 1459 13102 11868 6590382 5204696 1385686 1325034 60652 1233808 876389 357419 114032 3970888 12757 817797 1211002 1136676
is_linear=0
shrinkage=0.15


Tree=111
num_leaves=31
num_cat=0
split_feature=37 29 29 32 10 20 32 16 12 18 32 25 23 11 8 14 17 16 8 10 15 8 18 8 29 32 23 28 27 10
split_gain=9.65003 20.2095 35.4863 33.2845 47.6802 31.4417 19.5653 17.8849 28.4707 19.5892 21.3332 17.6938 15.8574 15.5518 14.5396 13.4493 12.4441 14.7739 12.2912 16.464 11.9987 13.0632 11.9598 10.5556 67.7783 21.2987 22.9202 21.0493 25.4782 53.4649
threshold=1.0000000180025095e-35 0.15847322344779971 0.58831122517585765 0.1217673532664776 0.67900738120079052 1.5000000000000002 0.46884632110595709 0.019707685336470607 46.500000000000007 0.019546423107385639 0.58491456508636486 1.0000000180025095e-35 1.0000000180025095e-35 0.25297901034355169 0.50745755434036266 72.500000000000014 246.50000000000003 0.0063748948741704234 0.58916467428207409 0.30979335308074957 19.500000000000004 0.5911657214164735 0.0042659088503569373 0.55453991889953624 0.27695579826831823 0.15274566411972049 1.0000000180025095e-35 0.58571431040763866 1.5000000000000002 0.31449307501316076
decision_type=2 2 2 2 10 2 2 2 8 2 2 2 2 8 10 8 2 2 10 10 8 10 2 8 2 2 2 2 2 10
left_child=23 16 7 5 6 14 -5 8 -3 10 20 12 -8 -7 -4 -16 -2 -18 -14 -20 21 -9 -12 24 25 -1 -27 28 29 -26
right_child=1 2 3 4 -6 13 11 9 -10 -11 22 -13 18 -15 15 -17 17 -19 19 -21 -22 -23 -24 -25 27 26 -28 -29 -30 -31
leaf_value=-0.019641529664947036 -0.018935349211834825 0.2106898568090676 -0.089798879161068393 0.097935103598551343 0.17697906962919119 -0.14926024351397169 0.13499427569975284 -0.0648480541432708 0.058861175068559868 -0.030444426854202299 -0.046938418749801709 0.095406791715097569 0.029920014954553681 -0.048044790382618253 0.0086369010481816243 0.14579978518384559 0.012691883513181 0.23488234954843162 -0.10001704332341391 -0.013191058311338714 0.18898565551834651 0.17909690529625724 0.047508747906216765 -0.00049189427974032519 -0.076161804357209636 0.30382683728197524 0.088944505569552038 -0.010285396073888842 -0.10072817014584388 0.050569514994333535
leaf_weight=34.617226100295738 540.65001889023642 31.025729293345648 26.619511909591893 47.847314663431462 40.60072432931338 59.300737718360324 14.417504745913901 11.232290165978158 225.07823408966397 98.996552075912405 40.331811506242957 36.077618909228477 80.250585745990975 82.205004860082227 98.536296747888628 18.257475591653929 24.227944481244776 8.3925262426955651 67.292769410996698 176.57517400421784 31.801266354201289 7.341782120132847 111.43399465095717 33060.725911544032 186.52279637132222 11.917492094202315 99.74222501294571 821.564172708147 150.70972010513026 123.82582098103694
leaf_count=197950 43933 1784 2989 2981 3135 4389 1665 1614 29635 8722 880 15407 1721 6046 6098 751 49199 8043 1055 3075 1659 323 2619 5679846 330124 827 11362 161110 228668 87257
internal_value=-0.000467287 0.00999952 0.0203059 -0.00105159 0.0237538 -0.0413084 0.00864489 0.0489244 0.0780024 0.0240186 0.0507099 -0.00299003 -0.0137262 -0.0912108 0.00822099 0.0311343 -0.0134606 0.0751426 -0.0207365 -0.0374604 0.1343 0.0357998 0.0222664 -0.00103764 -0.0136555 0.0827392 0.114372 -0.0247047 -0.0503208 -0.0255973
internal_weight=36368.1 1878.49 1305.22 747.981 463.062 284.919 422.461 557.242 256.104 301.138 202.141 374.614 338.536 141.506 143.413 116.794 573.27 32.6205 324.119 243.868 50.3753 18.5741 151.766 34489.6 1428.9 146.277 111.66 1282.62 461.058 310.349
internal_count=6894867 197723 96548 49312 29039 20273 25904 47236 31419 15817 7095 22923 7516 10435 9838 6849 101175 57242 5851 4130 3596 1937 3499 6697144 1017298 210139 12189 807159 646049 417381
is_linear=0
shrinkage=0.15


Tree=112
num_leaves=31
num_cat=0
split_feature=9 22 13 32 11 29 9 12 27 8 33 29 29 8 34 32 30 27 33 9 24 17 32 16 18 27 27 8 15 29
split_gain=11.0741 11.3296 10.2296 57.4125 26.2183 22.0145 29.8844 17.4952 28.4675 23.8915 19.8428 20.8899 41.8476 17.212 16.7081 13.496 13.2035 18.7157 13.1896 12.9095 12.4614 13.2825 12.2559 11.876 13.9469 13.7854 11.343 11.4946 11.1775 16.8567
threshold=0.25769168138504034 3.5000000000000004 13.500000000000002 0.16876788437366488 0.16762448102235797 0.26387563347816473 0.3679866641759873 24.500000000000004 1.5000000000000002 0.55453991889953624 0.97530490159988414 0.97357577085495006 0.77938890457153331 0.94770455360412609 0.70991116762161266 0.49757282435894018 2.5000000000000004 1.5000000000000002 0.94804319739341747 0.62543815374374401 0.45000000298023229 208.50000000000003 0.73822021484375011 0.039377883076667793 0.011772405356168749 1.5000000000000002 4.5000000000000009 0.79764699935913097 47.500000000000007 0.70496642589569103
decision_type=8 2 10 2 10 2 8 10 2 8 2 2 2 10 2 2 2 2 2 10 2 2 2 2 2 2 2 8 10 2
left_child=-1 2 28 5 7 6 -4 10 -9 22 14 12 -12 -13 16 -15 -5 19 -16 -18 -8 -22 -10 24 -6 -25 27 -20 -2 -30
right_child=1 -3 3 4 23 -7 20 8 9 -11 11 13 -14 15 18 -17 17 -19 26 -21 21 -23 -24 25 -26 -27 -28 -29 29 -31
leaf_value=-0.071892592712586342 -0.0013312976482282789 -0.083178974059351832 -0.071716778918879537 0.0064412483535231701 0.0040832131517457328 0.23632885504864071 -0.079150819711462012 0.19413613270318408 -0.1622935610699725 0.065275277803569801 0.052870870924335671 0.18245221215694618 -0.11385997986451067 0.13229535165142728 0.00096493168445245157 -0.0070737607228401117 0.1351418903238702 0.0090600100662823757 0.028631713129029339 -0.049229216359312815 0.070451279229964983 0.43244640179705574 0.05100278363664653 0.10871717245328137 -0.1368249537475591 -0.024872328909607389 0.26015977260324763 -0.080052268271074853 0.03555961817378743 0.0016460513274323869
leaf_weight=47.310357102561056 31637.325832180195 35.832148399371363 17.102235380220918 180.30498668747668 24.558390818230691 31.679323440983808 2.0172090617693383 28.214396967974608 17.94744735919085 88.120813996982179 151.48029588324425 35.693958463525632 42.557560483888665 26.062622100405861 1725.6899113111945 36.791615127411205 73.286836984960246 70.086640808440279 27.762987035777769 9.1436180744276481 4.2479418287985009 5.4192160665988922 8.3345651422278006 17.334904018614907 43.055600583880732 339.68436961291445 1.6402005788404483 95.416463954608844 464.43295353043868 1131.7109771580581
leaf_count=43485 5548219 4639 32921 132542 792 904 9277 695 528 2180 36698 999 928 1689 786698 2811 25034 1345 506 577 183 314 121 449 3088 8404 36 38086 139355 71582
internal_value=-0.000123658 -2.83338e-05 5.59481e-05 0.00829017 0.0053894 0.151819 0.0540056 0.0109982 0.0619006 0.0278886 0.00804229 0.0446551 0.0159062 0.100532 0.00311764 0.0518827 0.0340055 0.0663375 -0.00245303 0.114346 0.22917 0.294895 -0.0952628 -0.0291421 -0.0863314 -0.0181004 -0.0493401 -0.0555231 -0.000713263 0.01153
internal_weight=36420.2 36372.9 36337.1 3103.63 3043.17 60.4659 28.7866 2618.53 142.617 114.403 2475.92 292.586 194.038 98.5482 2183.33 62.8542 332.822 152.517 1850.51 82.4305 11.6844 9.66716 26.282 424.633 67.614 357.019 124.82 123.179 33233.5 1596.14
internal_count=6895085 6851600 6846961 1087805 1044206 43599 42695 1031473 3524 2829 1027949 43125 37626 5499 984824 4500 159498 26956 825326 25611 9774 497 649 12733 3880 8853 38628 38592 5759156 210937
is_linear=0
shrinkage=0.15


Tree=113
num_leaves=31
num_cat=0
split_feature=14 19 31 32 0 34 8 9 32 27 29 34 34 31 9 9 22 32 9 23 34 9 32 23 23 34 29 34 32 27
split_gain=9.77411 12.4061 11.3028 56.7972 37.5074 23.22 28.1667 46.7244 32.8924 22.9656 27.2895 25.5538 48.9614 33.1684 36.0011 46.2828 29.7217 28.9103 30.9801 22.956 22.2259 22.1885 21.0854 25.5894 20.7077 30.4929 30.9942 53.915 28.576 21.3433
threshold=77.500000000000014 560.50000000000011 0.61250001192092907 0.6372661590576173 1.0000000180025095e-35 0.89528506994247448 0.68247073888778698 0.61058187484741222 0.86014991998672496 1.0000000180025095e-35 0.15847322344779971 0.95141619443893444 0.98507130146026622 0.88194444775581371 0.86956918239593517 0.94299551844596874 1.5000000000000002 0.81199899315834057 0.83513408899307262 1.0000000180025095e-35 0.8760964870452882 0.70857754349708568 0.69793134927749645 1.0000000180025095e-35 1.5000000000000002 0.86078810691833507 0.17313650995492938 0.95488464832305919 0.91040989756584179 1.0000000180025095e-35
decision_type=10 2 2 2 2 2 10 10 2 2 2 2 2 2 10 10 2 2 8 2 2 8 2 2 2 2 2 2 2 2
left_child=2 -2 -1 -4 5 6 22 -8 20 -7 -11 17 13 16 21 -16 -13 -12 -19 -10 -9 -15 23 -5 25 29 28 -28 -27 -6
right_child=1 -3 3 4 24 9 7 8 19 10 11 12 -14 14 15 -17 -18 18 -20 -21 -22 -23 -24 -25 -26 26 27 -29 -30 -31
leaf_value=0.0023378782395965317 -0.026585343381770932 0.024361839145273335 -0.062178211794656886 -0.13857785601662118 0.0052397842314501316 0.011907001558578127 0.00085962615876658305 0.12113518834548063 0.15078943182158358 -0.139534906130479 0.036188506212686537 -0.028272379523139265 -0.015260817649659442 0.026994579500695792 -0.092902979824987186 0.11617384546020877 0.08004501763993474 -0.042708677887074227 0.013480990833367654 0.021161182194912805 0.023860097028481068 0.1047443905880784 0.0069257057115533543 -0.0065358903492810875 -0.028329802082209914 -0.00013624538022576242 0.0078370963317845634 0.095347659770611284 -0.072051495791273595 -0.030568405679170144
leaf_weight=21393.002198615293 595.43019738197495 130.37123344359838 356.15767191554551 49.282655641945894 531.38774229703995 1746.187504484602 641.21589047917951 209.20683185561211 32.279697662303079 34.711670508680982 164.03972199196141 259.84492502978537 1291.5621520334098 124.96401732401137 68.099086469796021 35.380475465935888 71.938276732653321 1014.0541697160734 281.62408273207984 411.46819106108887 71.362108582397923 247.67776895361021 2176.8040449157343 96.516450516646728 1310.5543306443797 592.7012066007992 802.77493313623563 196.41416127204138 156.31902065407485 1265.6115941099233
leaf_count=5921799 220452 129772 57515 5008 14385 72341 15604 13734 6546 3362 6284 11649 69241 2183 836 1909 1952 24828 28926 21073 3806 3843 66817 10744 57312 18976 32237 18504 2791 50911
internal_value=-0.000192918 -0.0174131 0.000158314 -0.00311599 -0.00159653 0.00412114 0.013273 0.0303605 0.0564395 -0.00220092 -0.00905703 -0.00774568 0.00285317 0.0317943 0.0571236 -0.0209902 -0.0046167 -0.0229812 -0.0304945 0.0309086 0.0965661 0.0788133 0.00321802 -0.0518083 -0.0122259 -0.00626653 0.0078357 0.0251175 -0.0152209 -0.0199826
internal_weight=36358.9 725.801 35633.1 14240.1 13884 9028.22 3688.14 1365.53 724.317 5340.08 3593.9 3559.18 2099.47 807.905 476.121 103.48 331.783 1459.72 1295.68 443.748 280.569 372.642 2322.6 145.799 4855.76 3545.21 1748.21 999.189 749.02 1797
internal_count=6895340 350224 6545116 623317 565802 370686 143332 60763 45159 227354 155013 151651 91613 22372 8771 2745 13601 60038 53754 27619 17540 6026 82569 15752 195116 137804 72508 50741 21767 65296
is_linear=0
shrinkage=0.15


Tree=114
num_leaves=31
num_cat=0
split_feature=15 29 28 14 20 33 19 20 19 11 33 16 19 28 11 29 7 13 18 33 30 19 16 29 12 27 29 8 32 20
split_gain=9.04878 27.671 46.6646 30.7533 29.152 27.4691 25.0245 27.6016 21.9993 37.39 26.6594 39.4449 25.9954 22.5924 19.1523 28.3143 49.679 32.1704 22.4778 22.1272 21.8418 21.3149 18.512 22.7548 21.5312 19.4212 25.3021 23.7236 18.9568 18.0853
threshold=18.500000000000004 0.6940455734729768 0.64583334326744091 91.500000000000014 3.5000000000000004 0.72046512365341198 586.50000000000011 4.5000000000000009 584.50000000000011 0.20482093840837481 0.48304596543312078 0.046433387324213989 599.50000000000011 0.64583334326744091 0.30057175457477575 0.24567271769046786 1.5000000000000002 12.500000000000002 0.010838010814040901 0.97849214076995861 1.5000000000000002 649.50000000000011 0.042027754709124572 0.84149160981178295 6.5000000000000009 1.5000000000000002 0.63704109191894542 0.75632131099700939 0.15990332514047625 302.00000000000006
decision_type=10 2 2 8 2 2 2 2 2 8 2 2 2 2 8 2 2 8 2 2 2 2 2 2 10 2 2 10 2 2
left_child=8 2 3 6 -3 -4 7 -2 9 13 12 14 -10 -1 20 16 18 19 -16 21 -12 -17 24 -24 25 27 -27 28 -19 -20
right_child=1 4 5 -5 -6 -7 -8 -9 10 -11 11 -13 -14 -15 15 17 -18 22 29 -21 -22 -23 23 -25 -26 26 -28 -29 -30 -31
leaf_value=-0.08288814756627734 -0.041699802571218199 0.006536899062707247 -0.034689286901847617 -0.047820161636638735 -0.030546707681057567 0.082001005442648253 0.045490382609385017 0.18734843236937684 -0.023002177851650214 0.0022236086039090319 -0.016669234664930196 0.0058419446867068745 0.043359388277652733 -0.01772757583967555 0.056964627985148002 -0.053426532023857186 0.10944666723567867 0.075138473130102079 -0.022626510513357786 -0.019901025217434008 0.045587577978839992 -0.1120518950410392 0.022986223009789707 -0.10494389808269028 -0.042101919294654282 -0.05075400181413648 0.042430177834179253 -0.10454954616518568 0.3070492010420392 0.22957543970269817
leaf_weight=163.82653224835622 157.14079550091014 2519.7769469282939 51.398759246255395 189.66801100005773 587.27663838072795 357.79422316012096 349.44560056471823 11.808870344254727 197.48940260988297 25297.745949370739 365.77354728178238 1892.4195655287513 401.36218554356469 440.49183455854291 85.692144138372669 394.73746180893795 71.648950006656833 20.487517594646647 1519.4882205350698 231.13247727298585 192.79954464552975 218.40543885569787 46.122567752719533 94.235099246839127 185.74665571191656 103.93297797397281 173.78643576361537 8.0860495563301793 12.955821835146706 5.4319240118802545
leaf_count=52417 47954 129043 5154 157995 57462 16274 112691 2134 46332 4953798 160685 76534 139303 32252 1784 5899 12610 36163 349777 3615 6439 2471 2708 9356 316224 136415 14901 5154 1383 396
internal_value=0.00027654 0.00680219 0.027036 0.00370829 -0.000479995 0.0672947 0.022617 -0.0246821 -0.000581774 0.00134215 -0.0085903 -0.0117953 0.0214728 -0.0354999 -0.0207417 -0.0252508 -0.0119038 -0.0403056 -0.0173667 -0.0595633 0.00486267 -0.0744577 -0.0150589 -0.0630399 -0.00162496 0.0219834 0.0075002 0.116384 0.171286 -0.0215783
internal_weight=36348.1 4224.31 1117.26 708.063 3107.05 409.193 518.395 168.95 32123.8 25902.1 6221.73 5622.88 598.852 604.318 3730.46 3171.89 1682.26 1489.63 1610.61 844.275 558.573 613.143 645.353 140.358 504.995 319.249 277.719 41.5294 33.4433 1524.92
internal_count=6895323 528707 342202 320774 186505 21428 162779 50088 6366616 5038467 1328149 1142514 185635 84669 1065980 898856 364567 534289 351957 11985 167124 8370 522304 12064 510240 194016 151316 42700 37546 350173
is_linear=0
shrinkage=0.15


Tree=115
num_leaves=31
num_cat=0
split_feature=25 9 28 26 27 10 10 33 32 24 31 19 13 33 10 15 21 10 9 34 9 23 13 21 9 26 13 13 9 16
split_gain=10.3065 49.8798 33.1939 48.2976 42.8153 46.6465 52.0278 40.9248 39.7451 32.5771 31.9984 31.556 35.781 29.8107 34.658 31.4223 28.8636 28.2363 26.2821 25.1898 24.3271 35.004 36.2971 24.2678 27.8987 24.1329 23.7528 54.5683 26.5306 45.96
threshold=1.0000000180025095e-35 0.90621492266654979 0.86607143282890331 1.0000000180025095e-35 2.5000000000000004 0.51078575849533092 0.29570752382278448 0.72046512365341198 0.23650227487087253 0.29166667163372045 0.86607143282890331 484.50000000000006 32.500000000000007 0.9740215837955476 0.81333142518997203 46.500000000000007 1.5000000000000002 0.62088489532470714 0.39815001189708715 0.77459675073623668 0.53753677010536205 2.5000000000000004 14.500000000000002 1.5000000000000002 0.69019612669944774 1.0000000180025095e-35 17.500000000000004 7.5000000000000009 0.85158598423004161 0.015871291048824791
decision_type=2 10 2 2 2 10 8 2 2 2 2 2 8 2 10 8 2 10 8 2 8 2 10 2 10 2 10 10 10 2
left_child=1 16 4 23 18 6 -6 -7 -5 10 19 -9 13 14 15 17 -1 -13 -2 -3 21 -18 -23 24 -4 -22 27 28 -20 -30
right_child=2 9 3 8 5 7 -8 11 -10 -11 -12 12 -14 -15 -16 -17 20 -19 26 -21 25 22 -24 -25 -26 -27 -28 -29 29 -31
leaf_value=-0.0013135216808333296 -0.054144131794766424 -0.090535570329228779 -0.092868326323926206 -0.016133118877806676 -0.41665139975770066 0.10022530801489829 0.034124077518402081 0.038923455458065255 0.11580496001952753 0.1479278142337519 -0.01990914783026939 0.021930683878465331 0.039459974913100153 -0.035951405739206098 0.071729465001830278 -0.23688549511705673 0.1135652146297693 -0.19495954028962104 0.022443739639836615 0.093729168883146266 -0.014976544581884625 0.02736908030353509 -0.16700804242947556 0.053538600529042267 -0.52424418713525667 -0.095732962174875189 0.04648201777006146 -0.039284935381125874 -0.042191243297664584 0.0098986559906546756
leaf_weight=28794.373127645686 154.57352179706868 17.82985218646354 9.5416954740794591 72.858836582541699 4.951452588531537 26.524008841937757 180.93948250828544 35.653233241842827 171.40292696210963 65.363235182710923 144.91342248787987 25.862316110753454 30.602561426727334 54.323748291149968 12.300200361380119 94.751912166248076 49.916278280958068 26.855771532747895 2336.8997108442054 159.85007950077852 149.14591314943391 61.188360053813085 32.23348753148457 8.1788622162275715 4.7411503044422725 188.72317414965073 344.3133521660493 540.17649206086207 466.47701887588482 2061.9635314278712
leaf_count=6455575 9730 246 528 1912 262 4067 24338 7024 180248 1031 2672 2239 1094 5370 14171 5492 1507 2897 68824 2714 1784 568 451 2133 181 3301 6289 7101 5363 71121
internal_value=-1.65957e-05 -0.00121415 0.00531355 0.0570597 0.00314747 -0.0392853 0.0199519 -0.0751169 0.0765449 0.0521486 0.0323448 -0.0920034 -0.111161 -0.132774 -0.165266 -0.185383 -0.00192306 -0.0901305 0.00669484 0.0748353 -0.0383182 0.0133998 -0.0407556 -0.149065 -0.260996 -0.060234 0.00833951 0.00590181 0.0109257 0.000275606
internal_weight=36327.4 29663.5 6663.89 266.723 6397.17 492.765 185.891 306.874 244.262 387.957 322.593 280.35 244.697 214.094 159.77 147.47 29275.6 52.7181 5904.4 177.68 481.207 143.338 93.4218 22.4617 14.2828 337.869 5749.83 5405.52 4865.34 2528.44
internal_count=6890233 6469849 420384 185002 235382 66954 24600 42354 182160 6663 5632 38287 31263 30169 24799 10628 6463186 5136 168428 2960 7611 2526 1019 2842 709 5085 158698 152409 145308 76484
is_linear=0
shrinkage=0.15


Tree=116
num_leaves=31
num_cat=0
split_feature=31 0 34 23 13 8 9 24 34 13 8 29 34 9 9 34 21 9 31 10 30 24 31 34 29 22 29 7 14 24
split_gain=11.5077 42.2787 28.9093 24.6619 31.4005 24.2362 20.9962 53.0471 46.1538 32.8268 34.4091 24.4211 19.8235 33.023 35.8607 22.8421 24.6148 23.1286 19.387 19.0104 18.766 36.5628 18.5746 23.8448 17.5326 17.3217 16.5936 33.3673 19.8766 16.5509
threshold=0.78888890147209179 1.0000000180025095e-35 0.97700846195220958 1.0000000180025095e-35 1.5000000000000002 0.99999985098838817 0.84040588140487682 0.55000001192092907 0.74239632487297069 4.5000000000000009 0.8693697750568391 0.31071338057518011 0.95488464832305919 0.86956918239593517 0.95460480451583873 0.91458967328071605 1.0000000180025095e-35 0.86956918239593517 0.89444443583488475 0.47627788782119757 3.5000000000000004 0.18333333730697635 0.73214286565780651 0.87841832637786876 0.60486993193626415 1.5000000000000002 0.46132382750511175 2.5000000000000004 2.5000000000000004 0.36666667461395269
decision_type=2 2 2 2 10 10 10 2 2 10 8 2 2 10 10 2 2 8 2 10 2 2 2 2 2 2 2 2 8 2
left_child=6 2 12 -3 -5 -6 -1 8 -8 10 11 -9 15 18 -15 20 17 -17 25 -20 21 -2 23 -10 -12 -14 27 -13 -28 -22
right_child=1 3 -4 4 5 -7 7 9 22 -11 24 26 13 14 -16 16 -18 -19 19 -21 29 -23 -24 -25 -26 -27 28 -29 -30 -31
leaf_value=0.00020162379781004088 -0.13543365801894713 0.050801381372714637 -0.013579895305017806 -0.0054263160018688458 -0.040702384336821072 -0.17613303569964653 -0.084597996288748298 0.11983874003783906 0.025390378489301559 -0.068466476683441815 0.015801022274230438 -0.23715842610067045 -0.022401517215778839 -0.07520302216190726 0.088370633407192659 -0.047754560706000773 0.014407076397985625 0.073781646452477964 0.028496651769676938 0.087718994513054038 0.022512430746213022 0.016893468324764654 0.036715117555798975 0.11686055953839723 0.09741914884804076 0.10069574060763944 -0.12085029703645325 0.022422903849376914 -0.011625376173723487 -0.0076896812865589678
leaf_weight=26316.409913611329 55.602408697186547 93.258444047693047 1967.8806934013955 804.23899803092354 1047.2405609998932 29.713907998411742 52.148271052443306 20.23417669016635 94.094871585628425 144.34140711088548 866.1821103427792 25.925858735106885 138.41486385307508 114.70303400643752 39.859049407335988 468.64452577541488 320.12387118877814 37.205996017284633 236.97604979787866 253.38615871692309 1565.401165420506 94.386504248672281 336.09132578154095 204.90188113736076 62.637848649261286 30.538758896502259 44.909259305641172 18.734073954750784 205.84358552213234 551.59475063129503
leaf_count=6462006 7848 3439 86544 38858 38316 4161 886 2903 1542 3357 14502 338 7401 2575 1677 14888 19479 620 6353 4192 45382 3021 5711 3289 58012 1368 5498 297 20493 30222
internal_value=-5.78301e-05 -0.00514105 0.00124215 -0.0241244 -0.0278638 -0.0445989 0.00134757 0.0158668 0.0499195 -0.00100763 0.00686538 -0.0358485 0.0087096 0.0295238 -0.0327231 0.00322482 -0.018117 -0.0386875 0.0441436 0.059215 0.0110053 -0.0400987 0.0610806 0.0882553 0.021404 0.000310168 -0.0468805 -0.130162 -0.0315896 0.0146432
internal_weight=36241.6 7849.17 5874.72 1974.45 1881.19 1076.95 28392.5 2076.04 687.236 1388.81 1244.47 315.647 3906.84 813.878 154.562 3092.96 825.974 505.851 659.316 490.362 2266.98 149.989 635.088 298.997 928.82 168.954 295.413 44.6599 250.753 2117
internal_count=6895178 316344 231570 84774 81335 42477 6578834 116828 11428 105400 102043 29529 145026 23566 4252 121460 34987 15508 19314 10545 86473 10869 10542 4831 72514 8769 26626 635 25991 75604
is_linear=0
shrinkage=0.15


Tree=117
num_leaves=31
num_cat=0
split_feature=10 28 9 33 8 10 31 33 20 9 10 28 24 10 33 6 8 19 31 10 20 12 20 17 27 19 20 33 30 34
split_gain=8.17037 59.3529 148.915 61.5736 25.8081 27.0414 22.4218 28.2477 25.757 23.8306 22.9109 36.6748 25.8927 23.9283 22.9568 37.7083 36.6072 16.824 16.6596 30.9145 21.6301 18.3776 17.0844 27.1666 18.1758 16.5972 16.4029 24.5354 15.8426 17.2589
threshold=0.88052105903625499 0.81666666269302379 0.25769168138504034 0.96922349929809581 0.99999985098838817 0.60322770476341259 0.43650794029235845 0.63733074069023143 86.500000000000014 0.87579652667045604 0.91099825501441967 0.86607143282890331 0.36666667461395269 0.97278150916099559 0.82426470518112194 1.0000000180025095e-35 0.96552586555480968 561.50000000000011 0.11805555596947671 0.941653072834015 3.5000000000000004 6.5000000000000009 1.5000000000000002 1.5000000000000002 2.5000000000000004 464.50000000000006 208.50000000000003 0.53001201152801525 1.5000000000000002 0.90283238887786876
decision_type=10 2 10 2 10 8 2 2 2 10 10 2 2 10 2 2 8 2 2 10 2 10 2 2 2 2 2 2 2 2
left_child=4 2 28 -4 26 -6 8 17 18 10 14 -12 -13 -14 -9 16 -16 -8 22 -20 25 -22 -3 -24 -25 -21 -1 -28 29 -2
right_child=1 6 3 -5 5 -7 7 9 -10 -11 11 12 13 -15 15 -17 -18 -19 19 20 21 -23 23 24 -26 -27 27 -29 -30 -31
leaf_value=-0.00057982396662136773 -0.0046349672487481673 0.030612665356710131 0.16401212950475172 -0.15244617793061707 0.19045670675713122 -0.050497628453110815 0.26804149689447715 -0.028568934754157907 -0.044434667307766483 0.049819460061320639 0.16686910171630498 -0.040092203931937929 -0.056786430919106609 0.12702401260328541 0.10037917713672737 -0.051051492013130549 -0.0082604411115458042 0.039187128863836837 -0.010373367280211789 -0.040879928429784523 -0.018455998134419727 0.11033071370182003 -0.023518802830292205 0.033102016300310295 -0.000201605800723799 0.13630861583541823 -0.077252564979094884 0.075740016110818612 0.088779731693553132 0.16728825858457586
leaf_weight=29324.585571561438 624.30571240223708 514.36759117380734 217.18018882042816 14.006550334510392 9.8703869623986957 316.71911621633808 11.014357910986293 297.92752183286939 208.21516234165574 118.23365517208003 19.647655659500742 1148.9098301148915 25.238663194708352 40.18479901374667 164.94607099078712 102.31134999296046 120.18866297532804 19.197510360136221 168.27255616687398 12.891290667197607 72.83729586728623 36.726148933891636 732.15961053909086 560.40790165239105 1074.2271020722874 108.66130538895231 27.997696934627129 128.21188703179814 46.494733881467255 12.419937020529686
leaf_count=5924223 37736 15398 22587 267 1000 27234 582 6306 205014 54209 558 29585 4961 55236 3481 1494 1913 616 6699 1059 23445 15743 51223 149379 211112 10185 5860 16476 802 13052
internal_value=0.000262831 0.00509372 0.0404845 0.144265 -0.000786055 -0.0426562 -0.000736548 -0.0131097 0.00659869 -0.0152719 -0.0193054 -0.031511 -0.0348554 0.0563274 0.00268399 0.0267277 0.0547171 0.128535 0.00985031 0.0385216 0.0740126 0.0253213 0.0058639 0.000474672 0.0112293 0.117337 -0.000320785 0.0480019 0.00520782 -0.00102438
internal_weight=36278.4 6470.97 914.407 231.187 29807.4 326.59 5556.57 2067.8 3488.77 2037.59 1919.35 1233.98 1214.33 65.4235 685.374 387.446 285.135 30.2119 3280.55 399.389 231.116 109.563 2881.16 2366.79 1634.64 121.553 29480.8 156.21 683.22 636.726
internal_count=6897435 922642 74444 22854 5974793 28234 848198 158941 689257 157743 103534 90340 89782 60197 13194 6888 5394 1198 484243 57131 50432 39188 427112 411714 360491 11244 5946559 22336 51590 50788
is_linear=0
shrinkage=0.15


Tree=118
num_leaves=31
num_cat=0
split_feature=15 11 23 29 16 13 11 15 16 10 27 8 29 28 33 8 10 24 33 27 10 29 10 30 10 23 8 12 10 8
split_gain=8.48158 18.1153 35.6511 16.8289 33.7411 11.7111 11.2784 26.3117 26.8729 14.1085 28.5384 28.7528 26.0108 69.7575 143.007 149.607 64.7176 48.5939 50.8155 95.6849 92.2575 107.077 58.8694 42.1947 41.6184 40.5867 41.3878 39.5492 37.0813 33.7063
threshold=2.5000000000000004 0.29702672362327581 1.0000000180025095e-35 0.79820960760116588 0.046433387324213989 1.5000000000000002 0.33334058523178106 4.5000000000000009 0.029852337203919891 0.8087032437324525 2.5000000000000004 0.94529667496681224 0.80346640944480907 0.73214286565780651 0.92052632570266735 0.95214784145355236 0.68283784389495861 0.87500000000000011 0.90353596210479747 3.5000000000000004 0.75143077969551098 0.89295819401741039 0.58520174026489269 1.5000000000000002 0.627119541168213 1.0000000180025095e-35 0.90131887793540966 69.500000000000014 0.72936025261878978 0.91881179809570324
decision_type=8 10 2 2 2 8 10 8 2 10 2 8 2 2 2 8 8 2 2 2 8 2 10 2 10 2 10 8 10 10
left_child=1 5 3 -3 -5 -1 9 8 -8 12 -11 -12 -2 14 15 24 -17 18 25 20 21 22 -20 -24 29 27 -27 -15 -25 -14
right_child=6 2 -4 4 -6 -7 7 -9 -10 10 11 -13 13 17 -16 16 -18 -19 19 -21 -22 -23 23 28 -26 26 -28 -29 -30 -31
leaf_value=0.045983311256298794 0.00035794405212637533 0.13213269692276708 0.0051344989699843016 -0.081923158430882506 0.073521794001087659 -0.027315146616701095 0.30919197903840406 -0.06342458564247748 -0.0021154958370233263 0.017209977253256268 0.015579977433253536 -0.0073413796445688639 -0.0072259095692529434 -0.01452871555965515 -0.1316768540868237 0.21070719190094342 0.011341058549284319 0.0931618480820951 -0.0044784459349026511 0.079536594801744451 -0.068725118740080193 -0.016334874044070392 0.082803600618136228 0.35018062600665045 -0.083578989740731996 -0.049411919704294226 0.0068477808254139034 0.049964469527597678 0.12067245468554452 0.23664804128162195
leaf_weight=56.472709537047194 20259.605949430392 67.011503258707307 828.06370190886832 37.361299794662045 175.29364161960984 335.84555931724913 5.3524185047003803 210.2981956396743 348.96849539566801 2887.0805424951595 1712.2087502493455 4376.9986398749261 101.66264232785534 741.74409457851652 311.06946764235363 83.081107860707561 65.135834524709935 112.62037475503894 56.267374473631207 392.23839265026436 354.61389562603654 382.40509859785925 57.359598088090934 40.242549935879651 280.17525697837664 1105.3665778879936 400.48866745808664 299.50234475800426 28.189621434663422 13.57181108028635
leaf_count=3578 5142382 1411 45795 451 2893 52484 1957 16167 17256 505273 109558 520998 23303 16220 29871 5378 2979 51967 2053 16108 35560 21879 10136 818 21802 177083 50159 5266 704 1192
internal_value=-4.37676e-05 0.0109949 0.0208005 0.0670023 0.0459561 -0.016674 -0.00052228 -0.0215299 0.0034441 -0.000173427 0.00492966 -0.000894682 -0.00199959 -0.0118951 -0.0507418 -0.00427309 0.123756 -0.00352337 -0.00636885 0.0176139 -0.00887081 0.0287866 0.123133 0.1798 -0.0524553 -0.0187179 -0.0344548 0.00405213 0.258738 0.0232853
internal_weight=36126.3 1500.05 1107.73 279.666 212.655 392.318 34626.2 564.619 354.321 34061.6 8976.29 6089.21 25085.3 4825.73 854.696 543.627 148.217 3971.04 3858.42 1311.32 919.078 564.464 182.059 125.792 395.41 2547.1 1505.86 1041.25 68.4322 115.234
internal_count=6892681 106612 50550 4755 3344 56062 6786069 35380 19213 6750689 1135829 630556 5614860 472478 84525 54654 8357 387953 335986 87258 71150 35590 13711 11658 46297 248728 227242 21486 1522 24495
is_linear=0
shrinkage=0.15


Tree=119
num_leaves=31
num_cat=0
split_feature=33 33 10 8 8 29 10 9 12 33 33 15 11 33 33 8 28 32 27 10 29 28 29 28 29 33 19 8 32 33
split_gain=10.4856 77.309 27.638 64.5473 52.1614 54.9187 64.7304 62.8682 44.1977 37.6866 37.0595 30.4862 30.001 29.5785 42.2562 34.3234 29.1357 108.447 70.8097 42.8973 44.8048 28.0586 38.3649 63.9407 37.5747 47.021 29.0855 27.8484 24.204 24.4809
threshold=0.80810147523880016 0.8019607961177827 0.70230659842491161 0.7672681212425233 0.95214784145355236 0.60486993193626415 0.5720152258872987 0.35612036287784582 81.500000000000014 0.7589399814605714 0.79516318440437328 16.500000000000004 0.2295242324471474 0.78647416830062877 0.78319624066352855 0.5097583830356599 0.77500000596046459 0.25210385024547582 1.5000000000000002 0.75143077969551098 0.7461756467819215 0.41428571939468389 0.21068513393402102 0.18333333730697635 0.37906664609909063 0.65261757373809826 599.50000000000011 0.96780294179916393 0.71088671684265148 0.59491634368896495
decision_type=2 2 10 10 10 2 10 10 8 2 2 8 10 2 2 10 2 2 2 10 2 2 2 2 2 2 2 10 2 2
left_child=1 2 4 -4 5 6 10 -8 12 -6 13 -9 -7 14 21 -15 17 -5 -19 20 -20 22 23 26 25 -23 -1 -22 -24 -30
right_child=-2 -3 3 16 9 8 7 11 -10 -11 -12 -13 -14 15 -16 -17 -18 18 19 -21 27 24 28 -25 -26 -27 -28 -29 29 -31
leaf_value=-0.0098315228294217644 0.0019209292787799855 -0.089082238249588969 0.050875453496130631 -0.011706914633028266 0.15042181479446612 -0.049729573695593832 0.019599987957255774 -0.094982670382435699 0.0059693489721357245 -0.099820167961750708 0.054969273307469591 0.1708293239129276 0.0093010267022504978 -0.11442615196609983 0.098480085270175891 0.068333745300167142 -0.0093881545717325043 -0.11770659419072188 0.13093579996386526 0.11236540471124991 -0.092117438014775954 -0.18734356640410402 0.0064683427139939709 -0.13004187249113366 -0.020727300374939799 0.028458151158675261 0.020816763051157639 0.11100307935301437 0.13314630124157426 0.027505284292787421
leaf_weight=4167.8490453661761 21613.099574366188 231.55545315611198 659.67205319374716 1056.9928218787181 74.59622564241181 1377.9403945497811 313.7199132587848 10.026000218233092 610.59272950193235 15.760634302901961 223.38953054810463 108.12780304811895 225.04315182834034 107.86215811847069 85.664562242978718 28.632543004933723 2594.0619044969098 40.699739688745467 46.661645313201007 369.53490798318671 70.113469837408047 69.890995957181531 229.17176999633193 92.29873961722933 604.46804545151713 33.080753407460861 835.53249793667055 18.404866081909859 93.904380403604591 104.22290986443113
leaf_count=812627 3335255 41854 70309 152990 6641 282171 145323 475 107363 1733 65296 5499 16717 40758 23487 20375 152478 1154 2801 29356 1713 37709 734226 82225 515038 33822 170574 640 3189 2056
internal_value=-0.000172555 -0.00329305 -0.00189462 0.00729526 -0.00663654 -0.00774118 -0.00131465 0.054897 -0.028367 0.106158 -0.00495871 0.147666 -0.0414416 -0.00704162 -0.00554241 -0.0758704 0.0004341 0.0163308 0.0705889 0.0859756 0.0135396 -0.00698823 -0.00338267 -0.00700554 -0.0350923 -0.118408 -0.00471032 -0.0491161 0.0397367 0.0779921
internal_weight=36112.6 14499.5 14267.9 4856.14 9411.77 9321.42 7107.84 431.874 2213.58 90.3569 6675.97 118.154 1602.98 6452.58 6316.08 136.495 4196.47 1602.41 545.415 504.715 135.18 6230.42 5522.98 5095.68 707.44 102.972 5003.38 88.5183 427.299 198.127
internal_count=6895854 3560599 3518745 411441 3107304 3098930 2692679 151297 406251 8374 2541382 5974 298888 2476086 2414953 61133 341132 188654 35664 34510 5154 2391466 1804897 1065426 586569 71531 983201 2353 739471 5245
is_linear=0
shrinkage=0.15


Tree=120
num_leaves=31
num_cat=0
split_feature=25 24 9 23 0 26 31 34 34 21 22 30 11 10 27 29 29 16 9 33 33 19 19 10 16 9 9 9 29 0
split_gain=10.2263 35.6411 33.0664 29.5497 43.495 42.3512 51.6482 36.1707 35.8411 43.9351 33.6675 26.6741 25.4142 27.8775 121.713 46.034 51.8108 65.3542 40.1487 38.9932 55.7139 38.8751 36.5228 28.1156 27.7881 56.1025 41.7801 55.4017 36.1524 28.7626
threshold=1.0000000180025095e-35 0.45000000298023229 0.92212811112403881 1.5000000000000002 1.0000000180025095e-35 1.0000000180025095e-35 0.73214286565780651 0.82952776551246654 0.99264705181121837 1.0000000180025095e-35 2.5000000000000004 2.5000000000000004 0.16456145793199542 0.74710392951965343 1.5000000000000002 0.47599549591541296 0.44247451424598699 0.027007090859115127 0.26392841339111334 0.97259759902954113 0.65419578552246105 480.50000000000006 619.50000000000011 0.48019969463348394 0.014706237707287075 0.73595777153968822 0.57100650668144237 0.86956918239593517 0.27239832282066351 1.0000000180025095e-35
decision_type=2 2 10 2 2 2 2 2 2 2 2 2 8 8 2 2 2 2 10 2 2 2 2 10 2 10 8 10 2 2
left_child=2 -2 3 -1 8 -6 7 10 9 11 -7 -5 -3 14 -14 16 24 -18 -17 20 23 -22 -20 -16 25 29 -26 28 -28 -15
right_child=1 12 -4 4 5 6 -8 -9 -10 -11 -12 -13 13 15 19 18 17 -19 22 -21 21 -23 -24 -25 26 -27 27 -29 -30 -31
leaf_value=0.00022348040431597723 0.079658002219526305 0.064541856298471575 0.054542466837364731 -0.10658401082519946 -0.018459532877290005 0.1148819464158294 -0.19842113100086195 -0.083540599613722968 -0.044129877816858544 0.029873438921627922 -0.076054013328440792 -0.0091305755810642195 0.10210983963300399 -0.02262564227992726 -0.090033020331607705 -0.032219883445439808 -0.012181179071605005 -0.30938472225478347 0.083033098366003352 0.014933357683425233 0.043867295906620758 -0.083414594718267773 -0.065090155335676511 0.098072933065903492 -0.065208455954559902 -0.06461219583709947 0.047107347655602608 -0.001376388108653357 -0.051892696874212031 0.026168447510450641
leaf_weight=24988.523940900344 140.74227297213656 149.50548722267558 235.88386227771116 78.125539766897418 2089.8803216210135 48.28830969275441 61.995045789924916 189.06332047231263 282.94097114057058 1068.6501430227036 35.02031040431757 315.01723499242689 158.66679148183903 502.92805557552128 22.934702305967221 110.4993941426801 43.867948252009228 25.914161803433672 389.25362598870197 227.75014938745153 58.855148782502511 584.99616024107672 40.694655877501646 70.831315729796188 149.7363353036053 358.55286474130116 1151.6894860257162 1761.5194840621552 88.623091476620175 589.1564398982955
leaf_count=5170660 8447 44527 4503 446267 766232 1074 940 3107 29368 30366 603 22450 9100 7861 569 4178 2347 294 196487 26563 5398 27610 15608 15622 2026 2108 16423 23533 2441 9482
internal_value=-7.36713e-05 0.00524884 -0.00127377 -0.00172717 -0.0134165 -0.0264102 -0.075901 -0.0473902 0.0046427 0.0141067 0.0346684 -0.0287179 0.00362217 0.00217485 -0.0192399 0.00679564 0.00199681 -0.125362 0.0481996 -0.0392699 -0.0560035 -0.0717296 0.0688947 0.0515986 0.00395473 -0.0132194 0.0118615 0.0157263 0.0399975 0.00369759
internal_weight=36020.1 6626.72 29393.4 29157.5 4168.98 2424.25 334.367 272.372 1744.73 1461.79 83.3086 393.143 6485.98 6336.47 1124.03 5212.44 4671.99 69.7821 540.448 965.367 737.617 643.851 429.948 93.766 4602.21 1450.64 3151.57 3001.83 1240.31 1092.08
internal_count=6896194 420624 6475570 6471067 1300407 771956 5724 4784 528451 499083 1677 468717 412177 367650 84862 282788 66515 2641 216273 75762 49199 33008 212095 16191 63874 19451 44423 42397 18864 17343
is_linear=0
shrinkage=0.15


Tree=121
num_leaves=31
num_cat=0
split_feature=13 31 29 9 11 19 23 25 29 27 30 24 31 23 29 24 22 8 31 34 9 21 12 33 9 12 29 16 31 12
split_gain=10.9311 20.798 36.0146 21.3641 21.2439 18.6136 16.5225 33.5543 29.1108 61.0391 32.3473 22.7121 22.2791 26.0737 27.17 17.8369 19.1651 15.7001 15.5201 20.0713 15.7608 15.332 15.3156 13.6768 14.8895 13.5937 13.3608 12.9563 12.861 12.1335
threshold=18.500000000000004 0.18333333730697635 0.25091302394866949 0.37280291318893438 0.16762448102235797 547.50000000000011 1.5000000000000002 1.0000000180025095e-35 0.26814900338649755 1.5000000000000002 2.5000000000000004 0.29166667163372045 0.35416667163372045 1.0000000180025095e-35 0.80740225315094005 0.55000001192092907 1.5000000000000002 0.80940687656402599 0.84523808956146251 0.82519841194152843 0.3364065438508988 1.5000000000000002 15.500000000000002 0.52223318815231334 0.52327409386634838 20.500000000000004 0.64486545324325573 0.063007846474647536 0.76388889551162731 19.500000000000004
decision_type=10 2 2 8 10 2 2 2 2 2 2 2 2 2 2 2 2 8 2 2 10 2 10 2 10 10 2 2 2 10
left_child=-1 2 3 -2 6 -6 8 15 10 17 11 25 -11 14 26 16 -8 29 20 -20 -12 22 -18 -19 -25 -3 -14 -7 -9 -10
right_child=1 4 -4 -5 5 27 7 28 9 12 18 -13 13 -15 -16 -17 21 23 19 -21 -22 -23 -24 24 -26 -27 -28 -29 -30 -31
leaf_value=-0.00022471532492559284 -0.094983948129170451 -0.073180861856047774 0.21097542555903656 0.12920013112438802 -0.07907403480550329 0.0072911648980153879 0.040386947161074792 0.046307222776603325 0.35772254270429793 0.091597319058922017 0.15055272919840204 0.0039248273147905032 -0.056849567403868408 0.025904994176259279 0.08183548879307119 0.15819001726785886 -0.043550421317168679 -0.042313689354404917 -0.090577032239792729 0.29071419299338774 0.020420143786271588 -0.1583281148343664 0.070730780660036741 0.18489629103316221 0.038332858080155678 0.2157329296741132 -0.21822532604338127 -0.13177500806056519 0.21839299719710017 0.12368486943509475
leaf_weight=33584.327294608796 23.182548551484842 169.27760661088814 30.125488197100822 14.824477987369617 105.47697400330435 207.12070058524114 73.577824306923503 118.06032960520679 12.121813966456104 94.878018487876034 21.922886020944134 241.42445561956993 25.524127186043188 431.32379018131178 17.286267103234422 10.686992054339497 347.19961995101175 10.301676296400727 3.7541514787008046 10.185687188699374 249.17331394633584 23.251796637254301 27.65821456554113 49.238360612020188 23.523311544042372 2.8011315733383517 21.652974092299701 15.251152884811743 9.7939105667464883 10.589477049215928
leaf_count=5837625 62390 607044 1376 19818 4013 5364 46064 3713 317 2693 24417 7528 461 10672 728 290 79319 1368 1303 3111 170241 354 373 3077 709 39 294 767 290 269
internal_value=0.000474458 0.0102495 0.0913359 -0.00647138 0.0078434 -0.0275008 0.013633 -0.00694594 0.0226337 0.0443117 0.00098828 -0.0257888 0.0253972 0.0125697 -0.0756892 -0.0250659 -0.0295438 0.148707 0.0397883 0.188839 0.0314583 -0.0425371 -0.0349526 0.115993 0.138675 -0.0672586 -0.133909 -0.00279379 0.0610819 0.258417
internal_weight=35985.5 2401.19 68.1325 38.007 2333.06 327.849 2005.21 610.229 1394.98 696.44 698.539 413.503 590.665 495.787 64.4634 482.374 471.687 105.775 285.036 13.9398 271.096 398.11 374.858 83.0633 72.7617 172.079 47.1771 222.372 127.854 22.7113
internal_count=6896027 1058402 83584 82208 974818 10144 964674 130403 834271 20588 813683 614611 14848 12155 1483 126400 126110 5740 199072 4414 194658 80046 79692 5154 3786 607083 755 6131 4003 586
is_linear=0
shrinkage=0.15


Tree=122
num_leaves=31
num_cat=0
split_feature=32 34 0 24 8 11 11 31 18 22 12 29 19 29 12 22 27 29 10 29 29 29 15 20 17 10 10 31 32 33
split_gain=8.71936 68.1097 113.984 59.0045 39.2617 46.4756 40.4513 36.1212 30.766 30.141 30.0027 26.8298 86.0581 36.5837 26.8447 25.6238 25.1455 45.0297 42.1174 47.7257 62.8519 40.0351 37.6441 32.0692 32.3094 30.99 25.5861 24.2823 65.8188 28.5589
threshold=0.091646198183298125 1.0000000180025095e-35 1.0000000180025095e-35 0.29166667163372045 0.64465251564979564 0.21672128140926364 0.16079442948102954 0.18333333730697635 0.0035304528428241615 1.5000000000000002 3.5000000000000004 0.74162915349006664 544.50000000000011 0.54186168313026439 16.500000000000004 1.5000000000000002 1.5000000000000002 0.56185555458068859 0.30979335308074957 0.73381957411766063 0.87535676360130321 0.60735967755317699 2.5000000000000004 9.5000000000000018 124.50000000000001 0.27156773209571844 0.40217025578022009 0.43650794029235845 0.47145241498947149 0.97894504666328441
decision_type=2 2 2 2 10 10 8 2 2 2 8 2 2 2 10 2 2 2 10 2 2 2 10 2 2 10 10 2 2 2
left_child=1 4 -3 8 5 16 -6 10 -4 -5 -2 12 13 -8 -14 -12 17 25 21 22 -21 -18 23 24 -20 -1 -22 29 -29 -9
right_child=7 2 3 9 6 -7 11 27 -10 -11 15 -13 14 -15 -16 -17 18 -19 19 20 26 -23 -24 -25 -26 -27 -28 28 -30 -31
leaf_value=-0.031372469242880424 0.21692971955222429 -0.15760843242541892 0.1895217704953506 -0.028252339968019458 -0.036506317445213085 0.11061138962509581 0.062493332638199575 0.0069847618463228763 -0.10289945822467098 0.066709426457997462 0.13696163342373399 0.0028861708438765337 0.037577353114237398 -0.052497218619053272 -0.065726596375680318 -0.03756916877859371 0.17354963195912429 -0.064649660816588531 -0.0076522320745351672 0.13155730652848502 -0.13662659173271136 0.042059886837649947 0.078800422578863369 0.1656822683649703 -0.082064413548095724 0.071659351933836227 0.022144496530229318 -0.046106362838442772 0.00078643905236515214 0.045207936929132907
leaf_weight=117.34509326509396 28.739477517033947 166.34534077790704 7.6563049864414543 132.25017420087534 832.24622117250692 114.93248990477878 65.729766921838745 2676.8460030462793 149.11232347166538 172.01817661707901 32.395928069418233 6048.7459842301905 530.90435083510238 961.78962401929311 62.42164811945986 42.939831945239348 68.987222142081009 229.80816904711537 375.23652037742431 140.28338101971895 24.543899390846491 207.95300701539963 84.800487278786022 17.756880634464324 201.13920987337769 146.93284083534672 214.62627418991178 694.96720684758475 20836.397865015653 525.42018037359048
leaf_count=34552 6996 2117672 45842 5149 6237 3987 6562 909737 2146270 6298 48441 53336 12134 22099 3660 50079 6383 4857 26528 1285 422 1616 1356 302 10606 16900 1702 137837 1102741 103827
internal_value=-0.00010422 -0.00360453 -0.0515668 -0.0130479 -0.000719331 0.0185045 -0.00511743 0.00145643 -0.0875074 0.025477 0.0892175 -0.00170703 -0.0188394 -0.0450877 0.0266168 0.0382937 0.0126607 -0.0162268 0.0233535 0.00969725 0.0522319 0.0753212 -0.0141171 -0.0274893 -0.0337172 0.0259652 0.0053502 0.00108355 -0.000729189 0.0132685
internal_weight=35911.3 11073.6 627.382 461.037 10446.2 1944.35 8501.84 24837.7 156.769 304.268 104.075 7669.59 1620.85 1027.52 593.326 75.3358 1829.41 494.086 1335.33 1058.39 379.454 276.94 678.933 594.133 576.376 264.278 239.17 24733.6 21531.4 3202.27
internal_count=6895413 4535755 4321231 2203559 214524 110496 104028 2359658 2192112 11447 105516 97791 44455 28661 15794 98520 106509 56309 50200 42201 3409 7999 38792 37436 37134 51452 2124 2254142 1240578 1013564
is_linear=0
shrinkage=0.15


Tree=123
num_leaves=31
num_cat=0
split_feature=18 8 24 20 32 33 13 14 12 14 12 16 18 19 10 28 8 10 29 33 32 7 33 28 10 8 30 28 27 8
split_gain=10.5485 18.3787 13.748 14.808 18.2984 19.8932 19.1312 16.0549 13.5796 10.7276 19.3638 15.2777 13.8005 13.9446 16.3754 13.6057 13.1538 37.5822 24.5826 47.3995 53.2822 32.6677 21.4173 142.383 48.6943 53.1609 26.0004 25.8258 26.1498 24.0003
threshold=1.0000000180025095e-35 0.87940216064453136 0.36666667461395269 1.5000000000000002 0.48566009104251867 0.95505049824714672 11.500000000000002 1.5000000000000002 1.5000000000000002 1.5000000000000002 27.500000000000004 0.032256403937935836 0.0095868525095284002 539.50000000000011 0.84356793761253368 0.6904762089252473 0.92995721101760875 0.6175350844860078 0.85578954219818126 0.86425063014030468 0.41538181900978094 3.5000000000000004 0.95505049824714672 0.93750000000000011 0.78477597236633312 0.96780294179916393 1.5000000000000002 0.93750000000000011 2.5000000000000004 0.99999985098838817
decision_type=2 10 2 2 2 2 8 10 10 8 8 2 2 2 10 2 10 8 2 2 2 2 2 2 8 10 2 2 2 10
left_child=1 -1 3 4 -3 7 -7 8 -6 10 11 12 13 14 -2 -16 -11 -18 19 20 -19 -21 24 -24 25 -20 -27 28 -28 -26
right_child=9 2 -4 -5 5 6 -8 -9 -10 16 -12 -13 -14 -15 15 -17 17 18 22 21 -22 -23 23 -25 29 26 27 -29 -30 -31
leaf_value=-0.039087781452919225 -0.11543450666074595 0.027585036622332904 0.057251248130687007 -0.038299960854551916 -0.019906012871412436 -0.096867416888430022 0.041712330682633296 0.047254467139573729 0.070461312555406996 0.0014335191369557593 0.10298298000163141 0.01092477129028392 0.036404644690817209 -0.0010147839654266627 0.12990525221941124 -0.046250786288561989 0.083577732567900367 -0.034190426688205967 0.0022346024310913658 -0.09382266665031623 0.06439785547528977 0.071883368823034741 -0.1462854899459349 -0.0030053978290076784 0.0018222000441038995 0.060472434845094229 0.079502232878550058 0.045151693415579133 0.30745393026951989 -0.048913856897903084
leaf_weight=401.81585479730256 79.219501059836603 385.24418202451488 79.620927862662938 265.57939284430995 487.72045904006154 99.622008104925044 28.214191163016949 121.54523610608157 39.541310889311717 25011.967067066824 47.528178424563521 2954.8328712616185 68.127260581738028 117.80998020147035 11.273758017381622 49.391527249139472 101.21453661964142 432.91836542724968 183.04291266763948 281.42832373923238 171.33507194388585 28.842718092807445 171.09896786572108 1674.1481290327706 2251.5883458535259 81.474915346624584 17.334938891523052 22.570981881726766 37.229979314754019 230.32816143431955
leaf_count=15236 7057 9476 82664 34088 6791 6841 884 1939 628 5654475 7876 143505 9501 9605 466 2024 9934 73309 15030 42856 9591 894 22927 569277 134398 5250 556 645 1741 15861
internal_value=0.000221438 -0.0106259 -0.00301657 -0.0064159 0.000898699 -0.0123572 -0.0661957 -0.00166368 -0.0130085 0.000830305 0.00891782 0.00752409 -0.0232553 -0.0391074 -0.0709539 -0.011939 -4.68226e-05 -0.00655941 -0.00820809 -0.0306828 -0.00617567 -0.0782372 -0.00380014 -0.016363 0.00441275 0.0574184 0.12069 0.182706 0.237769 -0.00290404
internal_weight=35933.6 1908.9 1507.09 1427.47 1161.89 776.643 127.836 648.807 527.262 34024.7 3328.18 3280.65 325.822 257.695 139.885 60.6653 30696.5 5684.56 5583.34 914.524 604.253 310.271 4668.82 1845.25 2823.57 341.654 158.611 77.1359 54.5649 2481.92
internal_count=6895325 158547 143311 60647 26559 17083 7725 9358 7419 6736778 180034 172158 28653 19152 9547 2490 6556744 902269 892335 126650 82900 43750 765685 592204 173481 23222 8192 2942 2297 150259
is_linear=0
shrinkage=0.15


Tree=124
num_leaves=31
num_cat=0
split_feature=31 32 34 8 13 11 32 27 17 32 34 14 33 27 12 8 32 8 33 27 29 10 10 10 29 32 19 20 13 19
split_gain=10.4288 25.1944 18.5272 15.4165 19.2415 14.1296 12.9936 15.2316 12.2556 30.2845 22.2023 21.4211 30.0101 20.6951 19.3259 20.0121 17.0264 15.5592 26.7339 21.948 30.6748 28.6793 15.8639 19.9552 33.7731 21.4985 15.4268 15.1736 14.9095 18.1184
threshold=0.81666666269302379 0.80698642134666454 0.98290473222732555 0.64076390862464916 24.500000000000004 0.15795601904392245 0.67829006910324108 2.5000000000000004 24.500000000000004 0.87767916917800914 0.80521681904792797 23.500000000000004 0.81530213356018078 1.5000000000000002 7.5000000000000009 0.99999985098838817 0.27899491786956793 0.61209321022033703 0.94494947791099559 1.5000000000000002 0.60037919878959667 0.61403992772102367 0.72936025261878978 0.48417481780052191 0.7461756467819215 0.14331871271133426 549.50000000000011 120.50000000000001 28.500000000000004 503.50000000000006
decision_type=2 2 2 10 8 8 2 2 2 2 2 8 2 2 8 10 2 8 2 2 2 8 10 10 2 2 2 2 8 2
left_child=2 -2 8 6 -5 -3 -4 -8 17 11 -11 12 -10 16 15 -13 -14 18 19 28 21 26 23 -22 25 -25 -21 -19 29 -1
right_child=1 5 3 4 -6 -7 7 -9 9 10 -12 14 13 -15 -16 -17 -18 27 -20 20 22 -23 -24 24 -26 -27 -28 -29 -30 -31
leaf_value=-0.11080870306667982 -0.10769625807989122 0.031303820346141258 -0.016804289489502511 0.068790055828842775 -0.00065062122702162696 -0.0078406548843923934 0.041100548166377406 -0.087084845032921507 0.074168289992403408 0.14501664869659309 0.033102249455733437 0.088739648052476028 0.076170671122383862 -0.0054188930998881413 -0.00015489454794297765 -0.091844395332177642 0.41111079290364944 -0.00098963075916812487 0.0094804055119238947 -0.15942169605068371 -0.0037014409905363442 -0.00014898524696355507 0.14745023564611359 -0.015884221732824791 0.034459939091008113 -0.14298020331843475 -0.076283775181783295 -0.089151644474169289 -0.035341271972773647 0.036819159372015034
leaf_weight=19.466653321913327 54.545244501827256 216.20578010983445 292.30983080496662 248.29511742665636 140.28937163147566 4643.2862206905702 229.76639420604988 21.993552240295685 218.28030788627234 48.119467634693137 217.83472421252372 94.371774045987877 25.282590687284941 354.9781417612985 8502.5526981556941 15.309756583006672 3.1053527791809747 18691.542367966653 637.4341042100807 82.542229177263152 355.24286201105951 73.757657781073704 11.301347598855498 44.047414372714229 56.005337250292541 94.377995813671077 136.0695781283265 43.028184509570565 153.16466625297915 220.09789848803484
leaf_count=661 4981 11639 172833 15104 96892 184701 10856 837 86762 801 6445 16561 14417 62477 2886800 1148 82 2410442 98330 109961 36790 19599 1268 24528 7428 3200 191355 95853 314024 7063
internal_value=-0.000822705 -0.00724245 0.000194134 0.021004 0.0437828 -0.00609298 0.00468449 0.0296021 -0.000451385 0.00401226 0.0538185 0.00256894 0.0299087 0.00458081 0.000655752 0.062931 0.125552 -0.00250379 -0.0154957 -0.0282698 -0.0417617 -0.0810779 -0.021163 -0.0248912 -0.0633898 -0.102942 -0.108258 -0.00119686 0.00107785 0.0244124
internal_weight=35944.6 4914.04 31030.6 932.654 388.584 4859.49 544.07 251.76 30097.9 9479.83 265.954 9213.88 601.646 383.366 8612.23 109.682 28.3879 20618.1 1883.51 1246.07 853.344 292.369 560.975 549.674 194.431 138.425 218.612 18734.6 392.729 239.565
internal_count=6893838 201321 6692517 296522 111996 196340 184526 11693 6395995 3075493 7246 3068247 163738 76976 2904509 17709 14499 3320502 814207 715877 394129 320915 73214 71946 35156 27728 301316 2506295 321748 7724
is_linear=0
shrinkage=0.15


Tree=125
num_leaves=31
num_cat=0
split_feature=14 24 29 23 32 10 28 12 9 16 13 22 32 16 22 22 9 26 16 24 24 9 9 9 16 0 25 13 16 16
split_gain=6.8512 23.8524 27.5461 28.8984 28.1437 27.1332 31.0041 26.1174 25.789 23.1567 30.9529 34.4653 25.6565 25.073 24.9673 23.0118 68.9436 42.092 48.0216 41.4499 37.1498 35.9644 28.4832 28.2589 27.2473 25.8294 35.7359 23.7953 23.7236 22.8885
threshold=27.500000000000004 0.22500000149011615 0.61777994036674511 1.5000000000000002 0.18710978329181674 0.39850039780139929 0.64583334326744091 88.500000000000014 0.89832758903503429 0.011628090869635345 25.500000000000004 1.5000000000000002 0.64096951484680187 0.013158135116100313 1.5000000000000002 1.5000000000000002 0.5548723340034486 1.0000000180025095e-35 0.015151950065046551 0.36666667461395269 0.55000001192092907 0.84040588140487682 0.6293783187866212 0.81374073028564464 0.015871291048824791 1.0000000180025095e-35 1.0000000180025095e-35 1.5000000000000002 0.015151950065046551 0.015871291048824791
decision_type=8 2 2 2 2 10 2 8 10 2 10 2 2 2 2 2 8 2 2 2 2 8 10 10 2 2 2 10 2 2
left_child=-1 8 5 4 -4 9 -7 -8 29 10 11 -3 -12 14 -11 16 28 20 19 -19 21 -17 -21 -18 27 -20 -27 -25 -15 -2
right_child=1 2 3 -5 -6 6 7 -9 -10 13 12 -13 -14 15 -16 17 23 18 25 22 -22 -23 -24 24 -26 26 -28 -29 -30 -31
leaf_value=0.0022807063116035827 -0.0017668832199340071 0.010715816205801318 -0.032109942051073849 0.0099635196799808552 0.10115361631088991 0.04318064165879399 -0.068161822018929397 -0.26077468508672824 0.049338421674507048 -0.063926324350068342 -0.015687414286954783 0.091263975353873275 0.074406074011099069 -0.034281153640802434 0.0061193398094884317 -0.0050861334147350792 0.03492542690823127 0.22331851201431316 -0.015781102256410891 0.051973717987164547 0.1121830809661926 0.09899951738366293 -0.029779724098412078 -0.12820842691589915 0.015172232112056474 -0.11867612646639228 -0.038225646225502306 -0.014516440351112228 -0.13548607956675776 -0.017673079796526721
leaf_weight=19485.033645546959 4730.6701322465169 237.70934907157789 43.455443847633433 414.93883775103313 187.7553857075618 36.888495524566679 59.097264771538903 21.241740762197878 175.47602609166643 268.96379962880746 445.65674782718088 240.01473869398615 83.589391217828961 153.24294310400728 198.53792120482103 686.6848250781768 1096.5362200547825 19.935385592107195 435.36584823024168 171.67500234575709 81.44886383676203 82.797503523004707 214.65541760971246 44.376281128206756 1546.0932356740232 183.55710098946292 385.10631583215581 480.22350172151346 78.770969716373656 3572.0631048119185
leaf_count=3160456 2880388 3702 480 21198 53212 1260 615 273 2746 2194 41388 9808 4362 1608 5092 16743 19866 734 7648 1581 973 1702 1817 567 32004 2523 7790 5131 1506 605846
internal_value=0.00038003 -0.00188142 0.00404936 0.0337017 0.0760767 0.00140313 -0.0698685 -0.121669 -0.00740639 0.00258376 0.0236525 0.0512904 -0.00134452 -0.000881627 -0.0342299 0.00187819 0.00967755 -0.00984549 -0.0257355 0.0177468 0.0164892 0.0062276 0.00658973 0.0154665 0.00515018 -0.0433301 -0.0643567 -0.0243594 -0.0690752 -0.00861147
internal_weight=35861.6 16376.5 7898.32 646.15 231.211 7252.17 117.228 80.339 8478.21 7134.94 1006.97 477.724 529.246 6127.97 467.502 5660.47 3399.24 2261.23 1410.3 406.266 850.931 769.482 386.33 3167.23 2070.69 1004.03 568.663 524.6 232.014 8302.73
internal_count=6895213 3734757 245777 74890 53692 170887 2148 888 3488980 168739 59260 13510 45750 109479 7286 102193 60682 41511 22093 4132 19418 18445 3398 57568 37702 17961 10313 5698 3114 3486234
is_linear=0
shrinkage=0.15


Tree=126
num_leaves=31
num_cat=0
split_feature=14 10 33 29 28 33 28 28 10 11 29 9 19 12 33 10 32 34 19 19 20 29 31 33 29 15 10 13 0 29
split_gain=8.3342 8.46817 22.4466 16.5933 25.4876 25.9906 23.9869 34.5755 74.0096 26.02 24.2417 24.2126 22.163 19.2217 19.0116 17.0896 16.3643 15.5205 13.5945 12.548 12.9216 11.8246 17.6906 11.6345 13.2897 12.4621 11.0377 11.2157 10.7177 10.606
threshold=97.500000000000014 0.40217025578022009 0.68469786643981945 0.81927999854087841 0.93750000000000011 0.85857143998146068 0.77500000596046459 0.73214286565780651 0.34315130114555364 0.27459055185317999 0.64486545324325573 0.41234841942787176 555.50000000000011 17.500000000000004 0.99074074625968944 0.30979335308074957 0.10702170059084894 0.99264705181121837 611.50000000000011 508.50000000000006 3.5000000000000004 0.70851874351501476 0.58571431040763866 0.77459675073623668 0.77938890457153331 68.500000000000014 0.3660931289196015 19.500000000000004 1.0000000180025095e-35 0.59608012437820446
decision_type=10 8 2 2 2 2 2 2 10 10 2 10 2 8 2 10 2 2 2 2 2 2 2 2 2 8 10 8 2 2
left_child=1 2 17 6 5 -5 7 9 10 12 -9 15 13 19 -6 -11 -16 -1 29 -4 26 -14 -23 -12 25 -25 27 -21 -19 -10
right_child=-2 -3 3 4 14 -7 -8 8 18 11 23 -13 21 -15 16 -17 -18 28 -20 20 -22 22 -24 24 -26 -27 -28 -29 -30 -31
leaf_value=-0.047998199761886268 -0.048835993900549726 -0.00034793843752654874 0.079130080998391569 0.1199967943082681 -0.062889941377079608 -0.17068954480731513 -0.12566763601328951 0.10212666312452053 -0.093396992472201582 -0.022335825378485746 0.083556428823968867 0.02740323062254409 0.014549765448872959 -0.049590524996473387 -0.017685542027569733 0.23658644498641127 0.12571828448100816 -0.045625924802907801 0.019277738772071132 0.056984060182150562 0.12231435426415634 0.13715363743580444 0.0011319499764047977 -0.25896330272244772 0.048240930241939567 -0.089499629681757675 -0.092506143321848464 -0.040941048261209187 0.15426946333826522 0.12919459317521462
leaf_weight=204.04049422244054 77.105236012270325 33725.741842419637 48.076923058885541 7.6078660075454527 49.812359919168557 39.315472435188894 24.066967330899388 13.998296224646763 4.2644957575130311 6.9676980216809161 5.3636924968295707 57.652220272939303 674.88991031980481 239.70352181641988 33.963384185944051 27.644913708708145 36.360686648851697 9.2579729521088439 33.030909895634977 46.575249764529872 14.478765367441836 44.994621720596115 40.450355812674388 18.347441876967423 7.007322011215364 23.108523066200178 35.962432040177873 57.8965785843302 14.550135142032559 191.88990729136276
leaf_count=468025 44978 5725026 19838 869 9751 1567 558 877 513 5638 213 1704 348606 156212 2274 3332 3916 10575 1445 1388 3986 3200 1260 383 279 1313 16029 40665 11184 9733
internal_value=0.000109092 0.000216058 0.00966879 0.0153365 -0.0295462 -0.122039 0.0199908 0.0222698 0.0683413 0.0116611 -0.068554 0.0879892 0.00573899 -0.020914 0.00728921 0.1853 0.0571837 -0.0345674 0.108976 0.0130263 -0.00786486 0.0212643 0.0735179 -0.113994 -0.137106 -0.168833 -0.0220562 0.00284193 0.0778327 0.123906
internal_weight=35814.1 35737 2011.28 1783.43 167.06 46.9233 1616.37 1592.3 297.011 1295.29 67.8253 92.2648 1203.03 442.693 120.136 34.6126 70.3241 227.849 229.185 202.99 154.913 760.335 85.445 53.827 48.4633 41.456 140.434 104.472 23.8081 196.154
internal_count=6895337 6850359 1125333 635549 18377 2436 617172 616614 14756 601858 3065 10674 591184 238118 15941 8970 6190 489784 11691 81906 62068 353066 4460 2188 1975 1696 58082 42053 21759 10246
is_linear=0
shrinkage=0.15


Tree=127
num_leaves=31
num_cat=0
split_feature=19 10 9 11 12 16 25 20 8 10 32 27 27 31 10 28 32 8 28 29 10 8 8 10 27 10 27 27 27 10
split_gain=8.15046 11.709 9.15598 7.2938 15.6903 6.85943 19.8931 19.3476 23.0749 17.254 16.7319 16.731 13.4688 15.3262 13.0279 60.1222 115.047 22.992 22.3815 100.18 90.8914 100.033 49.8638 37.9662 35.1568 45.2347 34.1385 33.9202 27.97 27.4042
threshold=404.50000000000006 0.74299544095993053 0.6293783187866212 0.14297279715538028 39.500000000000007 0.065577026456594481 1.0000000180025095e-35 3.5000000000000004 0.99999991059303295 0.89911949634552013 0.85725182294845592 2.5000000000000004 2.5000000000000004 0.86607143282890331 0.88052105903625499 0.81666666269302379 0.37954641878604894 0.99999985098838817 0.81666666269302379 0.86382731795310985 0.76466295123100292 0.9542939066886903 0.97737857699394237 0.55615735054016124 2.5000000000000004 0.71032238006591808 3.5000000000000004 4.5000000000000009 2.5000000000000004 0.68686285614967357
decision_type=2 10 10 8 10 2 2 2 10 10 2 2 2 2 10 2 2 10 2 2 8 10 10 8 2 10 2 2 2 10
left_child=1 -1 -3 4 -2 14 7 8 9 -7 -9 -10 -12 -14 17 16 -16 18 19 27 21 23 28 -21 25 -23 29 -5 -22 -25
right_child=3 2 -4 5 -6 6 -8 10 11 -11 12 -13 13 -15 15 -17 -18 -19 -20 20 22 24 -24 26 -26 -27 -28 -29 -30 -31
leaf_value=-0.080295194917624269 0.030756300567911905 -0.013949892167275898 0.14861459678763866 0.0003507984345988371 0.33275462838089853 0.010978140500340192 0.10774240140858672 -0.031737759459253854 0.067597933143652894 -0.061440261272863408 -0.02732155887593497 0.0041545835266492935 -0.37327194934170371 -0.068124321453174347 0.01106759942707213 0.00016405119500105457 0.13460594208115267 -0.041688915939996005 0.0090586520453694568 -0.1229678325464339 -0.013494852135739111 0.14170118034788973 0.007447966731406833 0.055154000079785798 0.16940405233962924 -0.14225706763425147 0.11599558032317367 -0.18410003810548464 -0.10775569090794378 -0.063763392749819459
leaf_weight=66.70854646297721 59.489590091526679 48.308868850167528 8.266685328933816 22759.884611356581 3.1675542854195546 119.8542116099652 30.358279542768287 387.37434307526746 116.11190622252616 191.47128609808715 11.73145577896503 465.14184808400751 7.9500263219233585 7.2424048299435526 651.99515786377742 4232.1165933607263 228.34909019208862 302.54171398786639 4890.0446352171748 85.033446245174673 82.205632036380848 26.418968564366878 129.38949003722291 58.953270879685078 89.376848573635925 22.395651204853493 40.992538304886693 21.454724727049324 525.15227147276482 159.82318930765587
leaf_count=10705 8669 19933 1432 5429222 624 1367 90181 28919 6056 4197 928 23713 574 486 51471 676027 22240 27779 396808 4125 5601 1062 8748 6055 4997 1002 3667 1430 41985 15280
internal_value=0.000148359 -0.0381976 0.0119723 0.000281824 0.0510109 0.000191219 -0.0103444 -0.0131678 -0.000722469 -0.0336147 -0.0399142 0.0169224 -0.152205 -0.240995 0.000602182 0.0075865 0.0432281 -0.000621146 -0.000189665 -0.00207424 -0.0439378 0.00663426 -0.0770557 -0.0366 0.113996 0.0111835 -0.00796498 0.000169015 -0.0950407 -0.0316138
internal_weight=35829.3 123.284 56.5756 35706 62.6571 35643.4 1337.24 1306.88 892.579 311.325 414.298 581.254 26.9239 15.1924 34306.1 5112.46 880.344 29193.7 28891.1 24001.1 1219.74 482.994 736.747 344.802 138.191 48.8146 259.769 22781.3 607.358 218.776
internal_count=6895283 32070 21365 6863213 9293 6853920 156421 66240 35333 5564 30907 29769 1988 1060 6697499 749738 73711 5947761 5919982 5523174 92522 36188 56334 29127 7061 2064 25002 5430652 47586 21335
is_linear=0
shrinkage=0.15


Tree=128
num_leaves=31
num_cat=0
split_feature=18 10 10 20 15 13 32 31 32 31 27 28 10 7 16 11 16 12 0 23 17 14 10 9 7 0 34 29 28 19
split_gain=9.40069 22.7088 14.5474 17.2697 28.1971 16.889 16.1022 43.748 50.8699 41.8237 41.1688 33.0912 47.8438 37.5956 35.5793 30.5851 29.5817 29.4349 27.6328 25.8205 24.9442 33.864 32.7456 24.2552 29.9467 26.9227 43.2645 21.4178 21.4058 21.2642
threshold=0.0032760055037215356 0.5313890576362611 0.88492548465728771 54.500000000000007 62.500000000000007 49.500000000000007 0.44884458184242254 0.38750000298023229 0.34877932071685797 0.47222222387790685 3.5000000000000004 0.84523808956146251 0.7689022719860078 2.5000000000000004 0.021604121662676338 0.27459055185317999 0.028191611170768741 24.500000000000004 1.0000000180025095e-35 1.0000000180025095e-35 24.500000000000004 8.5000000000000018 0.44983588159084326 0.43420611321926122 1.5000000000000002 1.0000000180025095e-35 0.70782518386840831 0.68002083897590648 0.58571431040763866 538.50000000000011
decision_type=2 10 10 2 8 8 2 2 2 2 2 2 8 2 2 10 2 8 2 2 2 8 8 8 2 2 2 2 2 2
left_child=1 -1 6 4 -4 -5 7 8 10 18 15 12 14 -13 -12 20 -10 -17 -8 -9 21 22 28 24 -22 26 -25 -16 -2 -24
right_child=2 -3 3 5 -6 -7 9 19 16 -11 11 13 -14 -15 27 17 -18 -19 -20 -21 23 -23 29 25 -26 -27 -28 -29 -30 -31
leaf_value=-0.03223141659405783 -0.019227105625615689 -0.0018473975190262876 -0.0046188780766302029 0.08466995641462581 0.024906388277471984 -0.024758565588135776 0.095779049043836745 -0.096596684161903382 0.074122509806096151 0.0015001636379064749 -0.061380905205698312 0.12657747182148193 -0.060537229086973586 -0.0014047139071790451 -0.06377143535212379 0.024560060503019725 -0.0055674448627223228 0.18830506138369255 0.023195451349283889 -0.025646374860847577 -0.059106506339678677 -0.036179266435427092 -0.025154257717004146 -0.0031195855180241286 0.22857641788417887 0.018221555943693991 -0.10563525112572413 0.095673135100970114 0.1295418224293701 0.00088638461145394004
leaf_weight=621.15570685298735 32.795164276575861 5014.0200542264975 1133.3191114417004 33.294516082482005 2031.4742943717424 428.23858853072898 151.01984505190376 137.60013264818735 304.20115935390095 16288.38332686884 51.819278645901704 139.26131972689109 146.52291853173938 81.706450063990815 20.648824695338135 281.11029621817283 159.42488869260706 26.13905306120455 532.4677087348191 698.76401067176994 202.43110944796103 1349.8669172438754 1244.6312848246512 1164.1931212845598 7.5106813884667636 1546.9926054979146 99.639458041357102 168.24770941237239 62.344382297283119 1627.1158286315899
leaf_count=22267 100285 323554 60606 12597 274380 335867 24885 54885 119115 879598 12490 15266 29787 8818 9934 35944 5015 14631 43747 160530 280918 1286541 383824 237005 233 1004845 710320 16997 22512 408174
internal_value=0.000421303 -0.0052017 0.00147237 0.0103819 0.0143352 -0.0166985 0.000253953 -0.00467186 -0.00152565 0.00302666 -0.00424391 0.0332841 0.00679777 0.0794608 0.0478652 -0.00723355 0.0467669 0.0390563 0.0393496 -0.0374207 -0.00917693 -0.0164917 -0.00752516 0.00127809 -0.0477798 0.00495793 -0.011279 0.0779998 0.0785937 -0.0104046
internal_weight=35786.3 5635.18 30151.2 3626.33 3164.79 461.533 26524.8 9552.97 8716.6 16971.9 8252.98 608.207 387.239 220.968 240.716 7644.77 463.626 307.249 683.488 836.364 7337.52 4316.75 2966.89 3020.77 209.942 2810.83 1263.83 188.897 95.1395 2871.75
internal_count=6895570 345821 6549749 683450 334986 348464 5866299 4918069 4702654 948230 4578524 93292 69208 24084 39421 4485232 124130 50575 68632 215415 4434657 2201336 914795 2233321 281151 1952170 947325 26931 122797 791998
is_linear=0
shrinkage=0.15


Tree=129
num_leaves=31
num_cat=0
split_feature=32 35 0 16 9 8 14 11 24 29 19 29 34 20 11 27 28 30 29 32 31 0 9 17 32 21 32 32 13 30
split_gain=10.2965 53.7925 94.4528 50.1317 38.2693 29.0229 31.2904 29.1449 28.6865 28.5865 53.6434 29.5847 28.2599 26.2317 24.2322 43.0367 29.3046 23.5619 29.4533 30.9457 23.0031 148.136 56.8888 36.3527 33.4533 28.3224 31.7329 25.3915 29.5625 44.0775
threshold=0.091646198183298125 1.0000000180025095e-35 1.0000000180025095e-35 0.030536994338035587 0.50698882341384899 0.68034809827804577 10.500000000000002 0.16456145793199542 0.22500000149011615 0.74162915349006664 544.50000000000011 0.52961185574531566 0.64346247911453258 3.5000000000000004 0.15886688232421878 3.5000000000000004 0.77500000596046459 1.5000000000000002 0.59608012437820446 0.29390709102153784 0.29285715520381933 1.0000000180025095e-35 0.58969038724899303 21.500000000000004 0.26627783477306372 1.0000000180025095e-35 0.30455842614173895 0.42891606688499456 83.500000000000014 1.5000000000000002
decision_type=2 2 2 2 10 10 8 8 2 2 2 2 2 2 8 2 2 2 2 2 2 2 8 2 2 2 2 2 8 2
left_child=1 2 -1 4 8 6 -3 -7 -4 10 11 -9 17 -5 15 -14 -17 18 -2 -20 21 24 -23 25 -16 26 -24 28 29 -22
right_child=12 5 3 13 -6 7 -8 9 -10 -11 -12 -13 14 -15 20 16 -18 -19 19 -21 27 22 23 -25 -26 -27 -28 -29 -30 -31
leaf_value=-0.15669362793155972 -0.096519179542659622 0.04082565888864944 -0.13261319654094011 0.094175007143651152 0.21265873966989815 -0.030593655428853925 0.0020725584774142916 0.084328980612712282 -0.029427315811921519 0.001813509153423605 0.016902547989980091 -0.051872991968904041 0.033061508517669522 -0.025804193964011821 -0.04639609511156819 -0.27376619533912444 -0.026474709228959486 0.037010433312609343 0.14182190016809387 -0.048515828482335828 0.12188971266660163 0.0080331992392706896 0.14999740555698754 0.13213537949111651 -0.16502446478619567 0.00014716160163302477 0.030419664534840581 -0.00096682649816510016 -0.056302115325122262 -0.01759516599355939
leaf_weight=137.55498102684578 71.595471957213704 653.7484388606681 92.993352356551441 106.30521378554477 10.622631208891105 954.97591682418715 1651.0193037174613 36.700355585955549 172.99513596125325 5821.4182908022776 486.43121123622404 794.86752264527604 1053.1206929639443 65.780853014378408 143.31118940163174 10.375217748231078 215.26672945394057 791.79136739912792 33.727716385260464 42.221565925763571 55.95914232369978 564.34562479782335 91.929827458903901 175.54614964668735 85.481576193598812 154.06833029512563 109.32889091796096 20241.44560554867 410.89577044832004 484.11481022333646
leaf_count=2117325 65834 25292 1752158 156466 462 6872 96599 3659 10748 51811 11246 19634 68161 283969 227758 304 11055 79307 17314 1681 5579 258468 86155 74467 80207 6817 3984 1173744 63410 135450
internal_value=-0.000442342 -0.00426355 -0.0484319 -0.014968 -0.0544406 -0.00176914 0.0130778 -0.0059977 -0.0658641 -0.0027039 -0.0226429 -0.0457678 0.00125488 0.0484282 0.000246984 0.0203249 -0.0390031 0.0267595 -0.0281305 0.0367543 -0.000894142 0.0182796 0.0412215 0.0764209 -0.0912433 0.048602 0.0855113 -0.00209284 -0.026034 -0.00294404
internal_weight=35719.9 10985.4 586.252 448.697 276.611 10399.2 2304.77 8094.39 265.988 7139.42 1318 831.568 24734.5 172.086 23795.2 1278.76 225.642 939.336 147.545 75.9493 22516.4 1324.01 1095.22 530.873 228.793 355.327 201.259 21192.4 950.97 540.074
internal_count=6895936 4536241 4321128 2203803 1763368 215113 121891 93222 1762906 86350 34539 23293 2359695 440435 2195559 79520 11359 164136 84829 18995 2116039 737856 429891 171423 307965 96956 90139 1378183 204439 141029
is_linear=0
shrinkage=0.15


Tree=130
num_leaves=31
num_cat=0
split_feature=8 27 10 10 33 28 27 28 29 10 27 29 28 29 27 19 7 37 29 29 16 28 29 33 8 10 19 29 10 13
split_gain=7.74158 62.1323 51.3624 29.3392 44.8957 75.6764 91.3612 51.23 109.159 53.0578 51.9351 50.825 45.1627 44.313 47.1227 39.0926 35.5841 43.4711 34.6339 32.8609 32.8841 30.9496 27.2691 50.6117 43.3572 26.6635 26.0912 46.2543 46.5373 31.3339
threshold=0.80632475018501293 1.0000000180025095e-35 0.57842931151390087 0.72422781586647045 0.9506097435951234 0.64583334326744091 1.5000000000000002 0.84523808956146251 0.85970616340637218 0.54444366693496715 2.5000000000000004 0.50769519805908214 0.46428571641445165 0.73381957411766063 2.5000000000000004 633.50000000000011 2.5000000000000004 1.0000000180025095e-35 0.81566143035888683 0.62599223852157604 0.039377883076667793 0.6904762089252473 0.81566143035888683 0.68237251043319713 0.72853371500968944 0.43320694565773016 592.50000000000011 0.59015104174613964 0.51997971534729015 28.500000000000004
decision_type=8 2 8 10 2 2 2 2 2 10 2 2 2 2 2 2 2 2 2 2 2 2 2 2 10 10 2 2 8 10
left_child=1 2 -1 4 16 6 12 8 9 15 25 -8 -6 14 -11 18 17 26 -7 20 -14 -5 -23 -24 -25 -9 27 28 -3 -30
right_child=-2 3 -4 21 5 7 11 10 -10 13 -12 -13 19 -15 -16 -17 -18 -19 -20 -21 -22 22 23 24 -26 -27 -28 -29 29 -31
leaf_value=-0.12421695693457806 -0.0010229643037700526 -0.065412340143092704 0.10321038112764938 0.072105309977615495 -0.096948932244022609 0.060851059722823848 0.039233957131933568 -0.16325427951300656 -0.17000613072308882 0.025804956035323252 0.12776194407829689 -0.13153484304724189 0.041516532683264863 0.035430158625186128 -0.094178338199748232 -0.0089018031118133605 0.0015764175409484266 0.055433381280418324 -0.095684405472851911 -0.055096333507303412 0.18503301945598938 -0.063762934321920026 -0.029583990910517888 0.21351838702910605 0.041229247292262815 0.045554079250015006 -0.073559874535802441 -0.041205196329410589 0.027334748443158401 0.38083407204897463
leaf_weight=24.099939426332185 26761.503237025845 143.15633462047754 213.02277569393345 260.8847086916976 60.331705252191455 1000.7674201847781 47.722698407947632 21.362581095349015 65.119645554716953 116.55298998744547 195.20639960042354 209.19885568671634 167.6779390663678 243.34252939465932 197.4315012029906 262.21183910739137 3055.1219238094109 145.01713460378824 31.980939728446174 56.716162564023762 45.055056539036741 94.79517852238223 184.06576590651002 41.956404975606347 142.98783789380559 34.954892780055161 260.55679902234851 1107.5110969513189 486.71872324366996 4.7159709005936739
leaf_count=7913 4144509 486439 71607 32149 51798 96292 28070 2816 1839 18586 15253 37314 31298 13622 22048 18339 302087 12825 1213 4365 1977 13225 12895 3005 10823 2276 458095 423979 569566 177
internal_value=0.00025266 0.00407933 0.0796712 0.00200609 -0.000626609 0.0148508 -0.0329048 0.0277781 0.0194024 0.0261494 0.0912976 -0.0997857 0.019344 -0.0125328 -0.0496993 0.0427944 -0.00882541 -0.0236161 0.0559158 0.0456451 0.0726356 0.030879 0.00758453 0.0260358 0.0812528 -0.0351183 -0.0293651 -0.0227167 0.00956417 0.0314935
internal_weight=35681.7 8920.24 237.123 8683.12 7958.43 2755.63 586.702 2168.93 1917.41 1852.29 251.524 256.922 329.781 557.327 313.984 1294.96 5202.8 2147.68 1032.75 269.449 212.733 724.69 463.805 369.01 184.944 56.3175 2002.66 1742.1 634.591 491.435
internal_count=6896400 2751891 79520 2672371 2600274 347106 154822 192284 171939 170100 20345 65384 89438 54256 40634 115844 2253168 1951081 97505 37640 33275 72097 39948 26723 13828 5092 1938256 1480161 1056182 569743
is_linear=0
shrinkage=0.15


Tree=131
num_leaves=31
num_cat=0
split_feature=8 19 29 29 34 16 20 10 27 10 29 19 29 19 16 19 10 27 29 8 29 17 14 33 16 33 17 29 28 29
split_gain=9.90453 11.9903 10.5418 11.3244 8.3189 8.20998 11.0922 8.19022 15.2678 47.2943 45.8347 28.1852 25.3174 23.1561 21.4693 15.1705 14.7655 17.6709 20.4551 19.4733 12.9663 13.9335 13.1245 12.8795 15.5475 12.5977 12.2935 15.0466 17.3205 11.818
threshold=0.41650386154651647 536.50000000000011 0.34938672184944158 0.43509885668754583 0.77167919278144848 0.0041237287223339089 131.50000000000003 0.40217025578022009 2.5000000000000004 0.34315130114555364 0.8252890706062318 611.50000000000011 0.67375949025154125 617.50000000000011 0.041130669414997108 553.50000000000011 0.34955930709838873 1.5000000000000002 0.5439659357070924 0.81239822506904613 0.38544686138629919 25.500000000000004 67.500000000000014 0.77888888120651256 0.030536994338035587 0.99074074625968944 80.500000000000014 0.29173803329467779 0.30952382087707525 0.77022564411163341
decision_type=8 2 2 2 2 2 2 8 2 10 2 2 2 2 2 2 10 2 2 10 2 2 10 2 2 2 2 2 2 2
left_child=1 2 -1 -4 -3 6 -2 8 10 12 14 -11 -10 23 15 26 -17 18 20 -20 -18 -22 -23 24 -14 -25 -7 28 -28 -15
right_child=5 4 3 -5 -6 7 -8 -9 9 11 -12 -13 13 29 -16 16 17 -19 19 -21 21 22 -24 25 -26 -27 27 -29 -30 -31
leaf_value=0.0459310526592537 -0.043030342278941855 -0.054377410354981955 -0.35617927821128798 -0.10320733386114152 0.017659709647225921 -0.011511656089850544 0.078618045103862458 -1.0295752096198373e-05 0.052416244436829115 0.085971083774034285 -0.12380604775869136 -0.014573304905409748 0.33324246542439984 -0.28220382136757388 0.046936607588182307 0.030620862548777567 0.0071942349381050527 -0.048080310730022773 -0.026838514420979339 0.36458419473006359 0.1269639831322219 0.558081825123104 -0.065444876913695896 -0.113396299303943 -0.056953484384795687 0.028131093475690684 -0.049097429327751352 -0.097342269992733155 0.46032753375246782 -0.082806800547187573
leaf_weight=7.0785293803426148 167.87952358847429 65.622467927342086 4.2611298762680034 23.611863248427881 77.866956441949469 357.57768018876095 17.815794924697229 33311.516071821832 43.790944394474309 266.50270273452816 61.083395685646792 81.60717158102625 3.4654609138142396 15.203625900416229 257.10816252060386 412.39154173634563 13.527780020228418 151.61063762442518 77.158117153426247 1.9694893687656065 18.032650873956303 2.6446954873927093 0.71479021974005252 35.597899707043325 4.2267287228787609 22.53032537103536 3.4429755759188074 68.319295545586328 1.4527970686721117 13.356570148644094
leaf_count=16294 264371 81133 8437 10264 123163 186613 8035 5373005 6754 18546 16511 5695 247 371 9270 408320 42492 111959 17815 455 11284 3310 1850 1332 196 1787 48513 113147 5967 471
internal_value=0.000193621 -0.0349584 -0.112456 -0.152877 -0.0154336 0.000371742 -0.0310007 0.000538003 0.0100791 0.0330038 0.00224957 0.0624263 -0.0410393 -0.084496 0.00797305 -0.00109561 0.0128836 -0.0146622 0.0297944 -0.0126675 0.123686 0.193741 0.440835 -0.0343867 0.136951 -0.0589927 -0.0230772 -0.0786464 0.154509 -0.194909
internal_weight=35589 178.441 34.9515 27.873 143.489 35410.5 185.695 35224.8 1913.32 486.281 1427.03 348.11 138.172 94.3806 1365.95 1108.84 678.05 265.658 114.048 79.1276 34.9199 21.3921 3.35949 65.8204 7.69219 58.1282 430.793 73.2151 4.89577 28.5602
internal_count=6897607 239291 34995 18701 204296 6658316 272406 6385910 1012905 35399 977506 24241 11158 4404 960995 951725 597485 189165 77206 18270 58936 16444 5160 3562 443 3119 354240 167627 54480 842
is_linear=0
shrinkage=0.15


Tree=132
num_leaves=31
num_cat=0
split_feature=8 27 10 33 28 27 29 28 27 10 10 29 10 28 15 33 27 13 10 10 7 29 29 19 19 25 10 28 29 29
split_gain=6.97567 51.8802 54.9551 28.3527 86.4046 102.702 64.3598 65.5098 71.8186 57.2338 47.0541 43.886 41.9687 53.0297 39.1369 37.2812 74.2726 54.0553 49.8747 36.468 35.3093 34.2882 34.2605 36.7224 35.0848 32.0937 44.3743 31.8661 41.2428 30.729
threshold=0.91284659504890453 1.0000000180025095e-35 0.57842931151390087 0.9529346525669099 0.86607143282890331 2.5000000000000004 0.86382731795310985 0.64583334326744091 1.5000000000000002 0.55003738403320324 0.5686793625354768 0.51710462570190441 0.69069051742553722 0.6904762089252473 89.500000000000014 0.73123827576637279 2.5000000000000004 36.500000000000007 0.78477597236633312 0.8087032437324525 2.5000000000000004 0.81566143035888683 0.81927999854087841 592.50000000000011 523.50000000000011 1.0000000180025095e-35 0.64902666211128246 0.46428571641445165 0.63957834243774425 0.86382731795310985
decision_type=8 2 8 2 2 2 2 2 2 10 10 2 10 2 8 2 2 8 10 10 2 2 2 2 2 2 10 2 2 2
left_child=1 2 -1 12 6 -6 7 8 27 21 -8 -10 20 29 25 -15 17 18 -17 -18 22 -9 23 24 -3 -11 -27 -5 -29 -14
right_child=-2 3 -4 4 5 -7 10 9 11 14 -12 -13 13 15 -16 16 19 -19 -20 -21 -22 -23 -24 -25 -26 26 -28 28 -30 -31
leaf_value=-0.13363297290019086 -0.0017316710914887256 -0.032648671906526344 0.096398797179559806 -0.098217365900428136 -0.065698888354665502 0.10486161528121116 -0.18846116103404345 0.04397982954762681 0.02338888599243312 0.048321690339654312 -0.023208047470846295 -0.12721200157311574 0.041792296727358513 -0.025879876265118659 -0.036717617442191652 0.30554674397914666 -0.037087428284361783 0.019995068245133824 0.094144304374689153 0.016873515930535682 -0.0012932252502838781 -0.082623846118997549 -0.072319023218709783 -0.066695248693881021 0.010325486236940282 0.04398773496035948 -0.27454927331365059 0.059117542637626697 -0.063947882516766114 -0.073050905988043993
leaf_weight=25.333843365962366 22406.745441085295 798.57411881399776 214.32318811820232 52.901438061942315 98.5290320541244 396.67416723201313 63.148854572269556 1327.0485968604935 55.076967944516184 278.52990222825611 98.825452354795743 201.85904446810991 1095.7324574277827 953.31951071898584 501.41343734292559 31.172821021755226 494.84545561583218 196.1888938035454 122.81405890334281 651.86010065568735 3473.2626861260969 49.046358565517949 301.11191906153476 297.44035720345687 917.69111020147056 21.933170456220978 16.51044780194934 230.66049108609513 82.390794945159541 54.164543794617202
leaf_count=7878 3654874 625221 72482 48082 7434 31093 1555 117774 29721 7376 8819 38593 154042 76809 68769 1482 54303 18737 3923 39368 322761 2212 99295 468568 886726 2876 1659 34763 6092 3234
internal_value=-0.000124014 0.00262521 0.0716282 0.00133408 0.0129082 0.0708617 0.00325506 0.0085537 -0.0343427 0.0207397 -0.0883963 -0.0949636 -0.00295039 0.00976463 -0.010665 -0.0027096 0.0120543 0.0724124 0.138636 -0.00642463 -0.0108593 0.0394107 -0.0252058 -0.0181285 -0.00967766 0.0305329 -0.0963072 0.00836205 0.0266279 0.036324
internal_weight=35509.1 13102.4 239.657 12862.7 3474.55 495.203 2979.34 2817.37 622.889 2194.48 161.974 256.936 9388.18 3600.1 818.387 2450.2 1496.88 350.176 153.987 1146.71 5788.08 1376.09 2314.82 2013.71 1716.27 316.974 38.4436 365.953 313.051 1149.9
internal_count=6896521 3241647 80360 3161287 406818 38527 368291 357917 157251 200666 10374 68314 2754469 351898 80680 194622 117813 24142 5405 93671 2402571 119986 2079810 1980515 1511947 11911 4535 88937 40855 157276
is_linear=0
shrinkage=0.15


Tree=133
num_leaves=31
num_cat=0
split_feature=30 32 22 9 23 32 16 29 34 16 13 31 26 14 9 16 20 18 31 33 17 9 8 24 26 10 29 34 29 16
split_gain=7.88341 14.2802 18.3085 19.2289 12.2169 29.5403 23.0626 25.0737 14.0624 12.2185 12.934 18.0398 12.1092 11.3128 10.7508 9.82341 13.5633 9.69256 8.95074 9.53942 8.58862 8.44336 11.5584 11.0579 23.7791 14.7662 10.5948 20.8689 10.3168 9.82628
threshold=4.5000000000000009 0.71926322579383861 1.5000000000000002 0.64163377881050121 1.0000000180025095e-35 0.8319486975669862 0.015385021921247246 0.27695579826831823 0.63196593523025524 0.010869726072996857 1.5000000000000002 0.78888890147209179 1.0000000180025095e-35 4.5000000000000009 0.46991389989852911 0.071602217853069319 3.5000000000000004 0.10491248592734338 0.64583334326744091 0.83899769186973583 23.500000000000004 0.86956918239593517 0.82217615842819225 0.36666667461395269 1.0000000180025095e-35 0.50241112709045421 0.38119629025459295 0.82519841194152843 0.62321993708610546 0.014084815979003908
decision_type=2 2 2 10 2 2 2 2 2 2 8 2 2 10 10 2 2 2 2 2 2 8 8 2 2 10 2 2 2 2
left_child=-1 2 13 -4 5 -3 17 20 -6 14 -11 -12 -5 18 -10 21 -17 -7 19 -2 -8 23 -23 25 -25 26 27 -13 -27 -26
right_child=1 4 3 12 8 6 7 -9 9 10 11 15 -14 -15 -16 16 -18 -19 -20 -21 -22 22 -24 24 29 28 -28 -29 -30 -31
leaf_value=0.00058422258610481552 -0.098631108153975841 -0.097705035227614243 0.03273540964867349 0.031094726576040236 0.20186489091402629 0.058278169816779898 0.039900721467967186 0.12513461117762842 0.27243016383520602 0.0040738284047477265 0.024202643874390736 0.15656038787419491 -0.15508624244621153 -0.23514820622575047 0.038770903110086984 -0.058805323264530591 -0.31550696353882723 0.20028458593021775 -0.11804589883359093 0.15382449801945108 -0.061921383989565433 0.015140756895645988 -0.061474312888504364 0.13533397952494447 -0.075934535082751525 0.11429905945488167 -0.068928174134812129 -0.034520127487174479 -0.010493806962376484 0.011038425916880486
leaf_weight=32628.343328314077 5.6089356662923802 32.305448509992857 69.581110656003148 10.757164186303269 6.1777784880396203 19.085116475936957 28.072152417502366 34.720180002772395 4.9525081141837317 968.57487942851731 196.37005147460877 13.309229084698016 25.498641276433773 13.397762244188923 19.097180896016653 27.56663846468291 4.7598804873850886 27.809945632732706 31.909534523874754 5.9331869346860913 51.437843047373462 55.272433951264247 215.45597113618715 30.234426567010814 35.527768891188316 14.427296167821622 206.12238354005967 126.62972862062452 442.03004758457246 145.39598994889093
leaf_count=6782869 1187 1135 3719 325 156 301 577 4136 1474 43917 5717 796 689 392 3776 3651 1065 401 4863 494 301 2554 5809 801 268 178 2678 7553 8419 7560
internal_value=-7.86166e-05 -0.00761705 -0.0506413 -0.0134175 -0.00501202 0.0312163 0.0575081 0.0206787 -0.00781311 -0.00841039 -0.00945889 -0.0181185 -0.100494 -0.118511 0.0958427 -0.0244436 -0.104936 0.144915 -0.0780666 0.0330604 -0.0259225 -0.0223377 -0.0458343 -0.0160233 0.0144672 -0.024054 -0.0473752 -0.0153651 -0.00630823 -0.00636386
internal_weight=35496.4 2868.02 162.686 105.837 2705.33 193.431 161.125 114.23 2511.9 2505.73 2481.68 1513.1 36.2558 56.8494 24.0497 1316.73 32.3265 46.8951 43.4517 11.5421 79.51 1284.41 270.728 1013.68 211.158 802.519 346.061 139.939 456.457 180.924
internal_count=6897761 114892 11669 4733 103223 6851 5716 5014 96372 96216 90966 47049 1014 6936 5250 41332 4716 702 6544 1681 878 36616 8363 28253 8629 19624 11027 8349 8597 7828
is_linear=0
shrinkage=0.15


Tree=134
num_leaves=31
num_cat=0
split_feature=30 19 33 9 9 12 0 18 8 20 32 20 12 10 17 15 33 10 34 0 34 32 9 27 16 34 9 32 34 26
split_gain=6.88949 6.50511 25.9761 6.84363 7.49718 7.12822 7.65361 6.33105 16.762 18.7318 18.134 21.8827 13.531 31.1253 14.9916 13.7594 13.0583 12.984 11.6491 11.4199 13.6573 16.486 14.7211 12.1721 12.0322 11.9044 28.9954 17.51 20.1229 16.9352
threshold=7.5000000000000009 406.50000000000006 0.49615384638309484 0.44436159729957586 0.89058512449264537 25.500000000000004 1.0000000180025095e-35 0.0027491422370076184 0.5950208604335786 2.5000000000000004 0.31946313381195074 4.5000000000000009 1.5000000000000002 0.5720152258872987 3.5000000000000004 72.500000000000014 0.49615384638309484 0.97278150916099559 0.58876052498817455 1.0000000180025095e-35 0.87066906690597545 0.21227528154850009 0.69019612669944774 1.5000000000000002 0.063500139862298979 0.89237451553344738 0.69019612669944774 0.84812104701995861 0.83899769186973583 1.0000000180025095e-35
decision_type=2 2 2 8 10 10 2 2 10 2 2 2 8 10 2 8 2 10 2 2 2 2 10 2 2 2 10 2 2 2
left_child=1 2 -1 -4 5 6 -5 8 16 17 11 -11 13 -9 -15 -16 -3 19 -13 23 -21 -22 24 -10 -23 26 -25 29 -29 -28
right_child=-2 7 3 4 -6 -7 -8 12 9 10 -12 18 -14 14 15 -17 -18 -19 -20 20 21 22 -24 25 -26 -27 27 28 -30 -31
leaf_value=-0.15531352944525018 -0.079689947964607072 0.15231008379314784 0.090694684121274294 -0.07471880847883261 0.097174325296381342 0.01702453901954647 -0.0012025358475924821 0.068418636136977337 -0.058513170988176967 -0.075338298982315935 0.018148291191681643 0.027220804738189015 0.00019313219662521204 0.01489748800996846 -0.045771263597156574 0.0060450272596570577 -0.057295059774408554 0.015853894926986863 -0.10891614117261204 -0.025674425541731879 0.24642936434196855 -0.010011012050455138 0.019458089936335798 0.004769521704933612 -0.082983903945401963 -0.0048132072702499204 0.2099884905513579 0.15098365760776089 0.01213974445180707 -0.0025394392339208754
leaf_weight=28.842187181878444 23.397237475204747 6.012457287507913 14.255622426206626 69.730275911436365 12.007146048323191 72.519749111637793 58.043215530263524 203.6479614640466 65.28688114686247 231.84430792376725 120.18235540036767 91.587277646127404 28353.500032627071 1303.3420022820574 202.11762663075478 266.24340709729177 174.48651743116216 916.42234626145728 15.695159762698038 894.81429986612648 5.1326060788542227 315.24287837840529 401.51049203046932 567.55935760812713 59.705040672764881 869.18576492658553 32.343926178873517 30.18109295542672 96.011656207996566 11.261580030910407
leaf_count=6166 878 967 5797 18666 1749 12655 18693 19125 2162 10829 39449 4786 6405246 53899 8925 27702 4828 87568 41141 31916 2269 7308 19928 16118 981 36499 603 2518 4153 2424
internal_value=-7.01834e-06 4.77595e-05 -0.0237583 -0.00640141 -0.0133159 -0.0203894 -0.0415915 0.000220993 -0.00477861 -0.00305925 -0.0318067 -0.0495114 0.00102961 0.0130299 0.00662827 -0.0163658 -0.0495124 4.36131e-05 0.00648238 -0.00428715 -0.0130318 0.00145656 -0.000477668 0.00448399 -0.0218207 0.00707888 0.0210846 0.0752715 0.0462725 0.156275
internal_weight=35512.1 35488.7 255.398 226.556 212.3 200.293 127.773 35233.3 4904.47 4723.97 459.309 339.127 30328.9 1975.35 1771.7 468.361 180.499 4264.66 107.282 3348.24 1676.41 781.591 776.458 1671.83 374.948 1606.54 737.358 169.798 126.193 43.6055
internal_count=6895948 6895070 63726 57560 51763 50014 37359 6831344 316447 310652 96205 56756 6514897 109651 90526 36627 5795 214447 45927 126879 62402 30486 28217 64477 8289 62315 25816 9698 6671 3027
is_linear=0
shrinkage=0.15


Tree=135
num_leaves=31
num_cat=0
split_feature=17 8 28 12 16 29 32 19 33 28 29 28 23 8 29 13 8 33 35 13 24 8 27 8 14 23 28 27 25 19
split_gain=7.15838 20.8262 13.0078 11.5342 13.8515 12.5446 12.504 13.6405 12.0782 35.5597 64.2527 30.511 64.076 59.4982 35.5597 32.5201 29.9215 28.1902 27.1064 32.3412 42.8135 23.8195 23.5879 23.209 30.9855 29.1553 22.3271 35.836 29.0981 21.8067
threshold=2.5000000000000004 0.58363237977027904 0.84523808956146251 23.500000000000004 0.032256403937935836 0.8709511160850526 0.32726188004016882 597.50000000000011 0.9569842815399171 0.86607143282890331 0.86789441108703624 0.86607143282890331 1.0000000180025095e-35 0.97737857699394237 0.89295819401741039 15.500000000000002 0.87282073497772228 0.93405798077583324 1.0000000180025095e-35 11.500000000000002 0.36666667461395269 0.73583030700683605 4.5000000000000009 0.91284659504890453 2.5000000000000004 1.0000000180025095e-35 0.77500000596046459 3.5000000000000004 1.0000000180025095e-35 571.50000000000011
decision_type=2 8 2 10 2 2 2 2 2 2 2 2 2 10 2 8 8 2 2 8 2 10 2 10 10 2 2 2 2 2
left_child=1 2 -1 4 6 -5 -3 -8 11 10 26 13 -13 -6 -15 16 21 -16 19 20 23 -14 -18 24 -11 -25 27 -10 -28 -23
right_child=-2 3 -4 5 8 -7 7 -9 9 18 -12 12 15 14 17 -17 22 -19 -20 -21 -22 29 -24 25 -26 -27 28 -29 -30 -31
leaf_value=-0.052026420205893202 0.001541340786986327 -0.057461668933297731 0.12493921836955807 0.088785533955143991 0.0077111814445360652 -0.022799716714424701 0.023366638554322257 -0.094146869857317322 -0.022784355040152547 0.12349125548757531 -0.12911874056536682 0.074464480353216483 0.042725149603865129 0.052356054360492135 0.13853341623315005 -0.057839284955322673 0.0072842028608010746 0.42112708187301157 -0.011249899940800638 0.061893013520012891 0.1311487987087929 -0.096079665209146986 -0.052400360189940098 0.13339114310054251 -0.05059792948711949 -0.068768376743132922 0.097079100393002882 -0.33026731618981192 -0.12049148513444295 -0.014460878621290365
leaf_weight=247.7439444997417 27372.022233763932 192.24038143852158 8.7815702329207834 62.273478202057959 1964.5776601328826 34.788913195307032 116.18085994596186 26.426594856427982 431.49509922087373 45.671257289941423 140.76635359683269 193.770758294384 56.020408995158505 164.37121711606414 51.171403350454057 340.75689594483538 1437.6403334374154 8.9734340688446519 1419.8352295691147 298.68065860136176 44.040418491644232 181.43336480447033 165.19862098294107 16.551998161681695 44.544886589952512 196.35560380900279 69.004648345788155 7.7089886566973282 16.332624403206864 124.2060155839863
leaf_count=9887 6417680 23782 984 2631 78813 2125 3001 453 15545 748 5477 3806 4624 9567 3097 9910 36433 391 10225 118785 97548 6877 3583 8147 895 10803 948 86 1856 4575
internal_value=0.000381754 -0.00353286 -0.0455068 -0.00215577 -0.00280194 0.0489667 -0.0325979 0.00108626 -0.00145295 -0.00938079 -0.0395126 0.0031663 -0.00815812 0.0160919 0.0890657 -0.0151323 -0.00769883 0.186893 0.000338395 0.0257923 -0.00535532 -0.0466071 0.0011039 -0.0255538 0.0379211 -0.0525018 -0.0152659 -0.0289194 0.0545252 -0.0630667
internal_weight=35479.6 8107.54 256.526 7851.02 7753.96 97.0624 334.848 142.607 7419.11 2730.99 665.308 4688.12 2499.03 2189.09 224.516 2305.26 1964.5 60.1448 2065.68 645.845 347.164 361.66 1602.84 303.124 90.2161 212.908 524.541 439.204 85.3373 305.639
internal_count=6893282 475602 10871 464731 459975 4756 27236 3454 432739 271063 23912 161676 69808 91868 13055 66002 56092 3488 247151 236926 118141 16076 40016 20593 1643 18950 18435 15631 2804 11452
is_linear=0
shrinkage=0.15


Tree=136
num_leaves=31
num_cat=0
split_feature=11 8 9 16 9 34 15 19 33 11 17 27 8 12 20 15 27 17 32 8 23 8 33 11 12 8 33 34 8 29
split_gain=6.85001 13.9865 9.76061 8.3318 7.57223 13.9478 10.0646 6.89049 20.0947 27.1862 23.4428 16.906 15.8785 19.2738 14.5732 9.99103 9.6438 9.41468 27.4476 39.7067 21.1644 16.9593 20.7871 17.0783 16.8428 12.9216 11.6241 11.6207 10.3343 9.67875
threshold=0.14621627330780032 0.80046272277832042 0.60725095868110668 0.020966986194252971 0.77382215857505809 0.8760964870452882 46.500000000000007 659.50000000000011 0.63733074069023143 0.40221644937992101 23.500000000000004 1.5000000000000002 0.49064205586910253 12.500000000000002 43.500000000000007 67.500000000000014 1.0000000180025095e-35 5.5000000000000009 0.52172306180000316 0.82883000373840343 1.0000000180025095e-35 0.77796146273612987 0.86996778845787059 0.16574510186910632 2.5000000000000004 0.98897618055343639 0.82182541489601146 0.74322345852851879 0.72853371500968944 0.75473687052726757
decision_type=8 8 8 2 10 2 8 2 2 8 2 2 8 10 2 10 2 2 2 8 2 8 2 10 8 10 2 2 10 2
left_child=1 3 -3 -1 -4 -6 -7 -2 -9 10 17 15 16 14 -14 -12 -11 18 19 27 -20 23 25 -22 28 -23 -27 -10 -19 -21
right_child=7 2 4 -5 5 6 -8 8 9 12 11 -13 13 -15 -16 -17 -18 24 20 29 21 22 -24 -25 -26 26 -28 -29 -30 -31
leaf_value=0.18368646149384077 0.00028109743948491603 0.068178113856106184 -0.023975312959497324 0.04813527885321503 -0.099614698100858837 0.21941760833193175 0.022617412025106282 0.020458735459089307 0.1588935863702706 0.1965351633559588 -0.072829041286614105 0.15252782250944616 -0.031911766630202967 -0.11115342825202691 0.22598943647880901 0.16009475955806113 0.018893713673182193 0.087901350065230088 0.1490114103339138 0.12439299686301582 -0.014272001925609464 -0.03173963351349094 0.032375852433860874 -0.08499327609376349 -0.013397118194605493 0.25976688829978511 -0.01619896539139715 0.048506439155084617 -0.13383542408839921 0.0029359857541596053
leaf_weight=10.438978080131845 31847.303316654714 38.833796888924553 188.06974523150825 113.85567174851974 8.7288997685682279 10.065995008681055 12.948012399501751 502.79524353001034 58.435362779658817 8.1506507522104794 15.910017180273146 36.456557266581513 812.75444187734104 71.601463229397154 3.9738937335132496 4.496614080831022 28.711925788583926 4.6368932119580668 16.678733795204607 14.464116136939991 179.16221080055402 316.51033368070784 238.24720501197589 134.1693794403327 323.53655295516864 5.6424922028636484 6.8828847603363101 35.443506429496438 40.984949409285036 326.67339179553483
leaf_count=5016 6198809 1162 32572 18828 1061 931 1031 195214 2079 5218 32415 5638 160858 51276 1138 9569 43862 604 2214 984 5455 9377 14736 3085 72079 343 247 4030 2766 12893
internal_value=-0.000166017 0.0197608 -0.000164888 0.0608948 -0.012493 0.0541919 0.114248 -0.000384388 -0.00703392 -0.0121908 -0.00123454 0.09266 -0.0329893 -0.0370101 -0.0303821 -0.016423 0.0623252 -0.00442509 0.00145342 0.0323321 -0.0135362 -0.0167803 -0.00129165 -0.0447291 -0.0255875 -0.0256938 0.118134 0.118168 -0.109897 0.00843425
internal_weight=35416.6 382.941 258.646 124.295 219.813 31.7429 23.014 35033.6 3186.32 2683.52 1758.33 56.8632 925.192 888.33 816.728 20.4066 36.8626 1701.47 1332.31 435.016 897.293 880.615 567.283 313.332 369.158 329.036 12.5254 93.8789 45.6218 341.138
internal_count=6895490 60601 36757 23844 35595 3023 1962 6834889 636080 440866 178514 47622 262352 213272 161996 41984 49080 130892 55443 19986 35457 33243 24703 8540 75449 9967 590 6109 3370 13877
is_linear=0
shrinkage=0.15


Tree=137
num_leaves=31
num_cat=0
split_feature=14 9 34 20 8 27 24 23 13 13 34 10 26 29 37 28 10 10 29 8 19 10 31 27 10 12 28 9 34 29
split_gain=6.70506 8.60437 6.69868 6.64911 6.40661 32.1075 40.6308 43.2367 56.2226 40.3066 32.8466 37.7516 22.7713 35.6128 39.4063 31.4491 92.2209 43.2824 36.0871 32.4976 31.8256 30.948 30.3265 27.4846 24.1613 22.4873 21.667 21.4715 22.7385 21.3328
threshold=96.500000000000014 0.79929965734481823 0.89323708415031444 390.00000000000006 0.80632475018501293 1.0000000180025095e-35 0.18333333730697635 1.0000000180025095e-35 29.500000000000004 4.5000000000000009 0.50333333015441906 0.59957221150398265 1.0000000180025095e-35 0.75958648324012767 1.0000000180025095e-35 0.6904762089252473 0.56223517656326305 0.54444366693496715 0.61271190643310558 0.65459418296813976 597.50000000000011 0.31449307501316076 0.81666666269302379 3.5000000000000004 0.63957309722900402 3.5000000000000004 0.46428571641445165 0.58324360847473156 0.96799793839454662 0.59608012437820446
decision_type=10 10 2 2 8 2 2 2 10 10 2 8 2 2 2 2 8 10 2 10 2 10 2 2 8 10 2 10 2 2
left_child=3 2 -2 4 5 6 7 10 9 -9 11 -1 25 14 15 17 18 22 -17 20 23 -20 29 24 -18 -7 -27 28 -28 -14
right_child=1 -3 -4 -5 -6 12 -8 8 -10 -11 -12 -13 13 -15 -16 16 19 -19 21 -21 -22 -23 -24 -25 -26 26 27 -29 -30 -31
leaf_value=0.49632883725191185 -0.03311315983179898 0.079089697606904694 -0.13611921414840283 0.16386944871925838 -0.00083062269062185716 0.020697384327764076 0.13732064849530989 -0.096594529963575829 -0.66462069661669265 0.12567958679838043 0.24512936326207196 -0.098508598029444214 -0.067682701451095797 0.047516783591477062 0.063292911086265571 -0.2326707843847326 -0.5428584030294451 0.052936075408721112 -0.37775038911400666 -0.10447436055171941 -0.11992991193423556 0.053999977644779887 0.022890627455902948 -0.058958593870496158 -0.17721417589108282 -0.041172067947885672 -0.00091802482204610071 0.017746896627578272 -0.063888222084377402 0.0020295387843572007
leaf_weight=1.7765952531729023 71.367595626759794 11.488181816559516 17.102378142868474 4.5943491485813857 26582.472135409094 1731.2206649894324 89.810906945625902 59.849436087987442 2.265465981916349 25.322075627045706 23.23001532624221 16.781578021578753 418.27417627972682 177.41462538290943 104.82286349324568 11.101636490551753 15.109535043593501 154.37147954625834 2.8745151091134167 79.159584493289003 22.657222493435256 110.08210429834435 159.73518630472245 5.7196114197140551 7.2099549142876631 259.33844844463056 3393.0352013576958 1575.0319481936822 133.12681211694144 129.12834416807164
leaf_count=385 41858 759 17344 1458 4097258 164622 12184 59241 67 213 5020 2288 6857 37683 12133 202 203 13503 128 2260 289 8720 4662 167 648 808830 1428400 24488 135200 7993
internal_value=0.000241694 -0.0383596 -0.0543244 0.000352098 0.000326168 0.00385695 0.0604278 0.0063435 -0.053596 -0.0298193 0.130082 -0.0190986 0.00239042 -0.0151022 -0.024238 -0.0325131 -0.0788069 -0.0187933 0.0137467 -0.166658 -0.259854 0.0397944 -0.0345048 -0.364898 -0.437407 0.00583955 0.00103815 0.00319171 -0.00331284 -0.0512644
internal_weight=35395.5 99.9582 88.47 35295.5 35290.9 8708.45 219.036 129.225 87.437 85.1715 41.7882 18.5582 8489.41 1397.66 1220.25 1115.42 253.914 861.509 124.058 129.856 50.6963 112.957 707.138 28.0391 22.3195 7091.75 5360.53 5101.19 3526.16 547.403
internal_count=6895063 59961 59202 6835102 6833644 2736386 79398 67214 59521 59454 7693 2673 2656988 95448 57765 45632 12617 33015 9050 3567 1307 8848 19512 1018 851 2561540 2396918 1588088 1563600 14850
is_linear=0
shrinkage=0.15


Tree=138
num_leaves=31
num_cat=0
split_feature=22 23 37 29 29 25 8 34 13 33 9 33 12 28 11 17 14 9 29 13 10 29 29 16 8 12 14 14 8 12
split_gain=8.39789 7.20026 6.27347 17.5942 29.5406 20.4323 19.1183 15.043 14.9398 23.4736 13.5932 11.3552 11.6898 10.9122 9.95784 14.0209 13.1536 10.3594 9.68503 9.57416 14.0996 12.6877 11.6117 9.85253 13.0128 9.29478 8.90186 8.70439 8.31816 8.20482
threshold=3.5000000000000004 3.5000000000000004 1.0000000180025095e-35 0.13091239333152774 0.52427810430526745 1.0000000180025095e-35 0.85268977284431469 0.72994422912597667 4.5000000000000009 0.97752526402473461 0.64545917510986339 0.83176100254058849 29.500000000000004 0.64583334326744091 0.14732137322425845 8.5000000000000018 19.500000000000004 0.76385688781738292 0.74162915349006664 1.5000000000000002 0.50241112709045421 0.59820061922073375 0.55755880475044262 0.0079365707933902758 0.4852700680494309 54.500000000000007 4.5000000000000009 23.500000000000004 0.67240571975708019 48.500000000000007
decision_type=2 2 2 2 2 2 10 2 10 2 10 2 8 2 10 2 8 8 2 10 10 2 2 2 10 10 10 8 10 10
left_child=2 -2 -1 11 10 6 8 -8 14 -10 -5 -4 -13 -11 19 17 -17 28 -19 21 -21 22 26 -23 -25 -12 -6 -18 -16 -26
right_child=1 -3 3 4 5 -7 7 -9 9 13 25 12 -14 -15 15 16 27 18 -20 20 -22 23 -24 24 29 -27 -28 -29 -30 -31
leaf_value=-0.00090472044145358996 -0.0019538934242654309 -0.1364316760674005 -0.03435255203272887 0.078776779713774697 0.11444988789620544 0.084739112005691883 0.015417443689209772 0.16087617661931075 -0.0180764885180257 0.020582745438146827 0.030941393408176077 -0.19589629152593105 0.013336463100700894 0.14650924032628196 0.0052823626998174588 -0.13243289049806178 0.14526571120241286 0.05780875528162828 -0.040454540791727091 -0.066791649914535609 0.075262041157767953 -0.084651617256427864 0.1659407027823635 0.13803515281757803 0.012529761201951648 -0.10390132855951738 -0.080278595047876419 -0.049208584166523392 -0.10037631987297647 -0.094195937395923468
leaf_weight=33589.441020626422 17.017816921602389 17.985384936829178 292.67999556025279 207.61611118912333 8.4594317769042409 62.917353354434454 40.541689504565511 25.68476270256906 91.731105548795313 25.407739065878559 154.15848549679504 5.1522978421990038 258.20598673124596 40.176534485741286 28.804428651317721 55.35852344844352 4.650366247126839 58.37404994548524 35.520181605359539 82.271964591986034 18.500774439875386 26.445230844280559 20.704993104791356 15.672249435465799 113.15265775441003 11.450973281287586 10.965609879463043 65.762366745204417 38.793483907124028 17.890137559104005
leaf_count=6692693 4289 460 69859 31503 492 21846 766 1531 1403 296 5896 190 29274 1207 618 4785 393 2032 1410 2110 491 2863 2155 989 5988 346 1295 6404 894 1048
internal_value=-0.000513872 -0.0729216 -0.000440232 0.00814194 0.0179392 0.00303581 -0.00329122 0.0733849 -0.0100725 0.0309511 0.0532867 -0.014069 0.00851753 0.0987664 -0.0208385 -0.04097 -0.0783159 -0.0115818 0.0206012 -0.00235321 -0.0402289 0.015646 0.090537 -0.0021302 0.0132166 0.0210501 0.00597544 -0.0345103 -0.055933 -0.0026436
internal_weight=35441.5 35.0032 35406.5 1817.05 1261.01 887.786 824.868 66.2265 758.642 157.315 373.226 556.038 263.358 65.5843 601.326 287.263 125.771 161.492 93.8942 314.063 100.773 213.29 40.13 173.16 146.715 165.609 19.425 70.4127 67.5979 131.043
internal_count=6895526 4749 6890777 198084 98761 61016 39170 2297 36873 2906 37745 99323 29464 1503 33967 16536 11582 4954 3442 17431 2601 14830 3942 10888 8025 6242 1787 6797 1512 7036
is_linear=0
shrinkage=0.15


Tree=139
num_leaves=31
num_cat=0
split_feature=9 30 26 34 16 26 29 13 10 32 0 19 9 29 0 0 33 33 28 34 13 34 33 27 19 32 19 28 20 18
split_gain=6.43328 25.5892 22.8585 19.5303 19.1665 22.0007 17.8709 16.0684 15.8082 13.5451 21.4563 19.1102 14.4033 17.7883 27.8922 24.3691 16.3241 15.1535 13.2917 12.6776 11.3985 10.383 10.3793 10.0048 9.848 11.1662 14.0933 10.172 9.63346 10.4122
threshold=0.87579652667045604 2.5000000000000004 1.0000000180025095e-35 0.81605800986289989 0.015871291048824791 1.0000000180025095e-35 0.26387563347816473 2.5000000000000004 0.9313439428806306 0.90072506666183483 1.0000000180025095e-35 699.50000000000011 0.94848942756652843 0.15847322344779971 1.0000000180025095e-35 1.0000000180025095e-35 0.82182541489601146 0.20722186565399173 0.30952382087707525 0.76339712738990795 1.5000000000000002 0.86159002780914318 0.83484846353530895 2.5000000000000004 507.50000000000006 0.82011902332305919 532.50000000000011 0.84523808956146251 1.5000000000000002 0.052677828818559654
decision_type=10 2 2 2 2 2 2 10 10 2 2 2 10 2 2 2 2 2 2 2 10 2 2 2 2 2 2 2 2 2
left_child=-1 2 3 -2 5 -3 20 8 9 10 11 -6 23 14 16 18 -14 -16 -15 -12 -7 -4 -17 -11 -21 27 -27 -26 -28 -30
right_child=1 4 21 -5 7 6 -8 -9 -10 12 19 -13 13 15 17 22 -18 -19 -20 24 -22 -23 -24 -25 25 26 28 -29 29 -31
leaf_value=-0.0002641539238820962 -0.039095321220433514 0.050302305252962663 -0.012202627585692176 0.16324034817180705 0.06386263171505023 -0.1365613508284805 0.10144806076717604 -0.025161357452986713 0.10957225516424794 -0.012513422304667478 -0.043521406074888191 -0.082492213588464411 -0.012170454753614807 -0.26410181221509044 0.035117948025782587 0.14253071174606291 0.051566677599943996 -0.096191778344585435 0.021182708402916538 0.051523824959799493 -0.0421166104321039 0.044596788997712293 -0.13588308694090484 -0.072673261043343457 0.019413524018949097 -0.099745543501222778 0.016779977517277448 0.12802572008130655 -0.06727075234389894 0.10923200403438568
leaf_weight=32086.838448691506 13.017831131641286 66.235743945057038 106.61489977440942 52.261061636367231 295.97928530912031 31.229519781656563 17.213536210067105 311.37776450491947 35.145973418511858 207.77538250777434 93.853649020995363 20.685792284111812 241.64243684714893 2.7430951744318 24.126294993795455 52.165371647515713 143.19389113987563 98.44801543536596 209.90204246001667 132.85859152087505 293.4534461311996 222.3728569382547 2.4278014391311435 88.115023403224768 262.95776230021875 36.76770710463461 182.83225716953166 20.015139146984438 64.737181406693708 7.5827616202004711
leaf_count=6698313 180 1046 8240 932 19071 257 1570 16876 37365 5241 4452 816 2250 59 275 11523 2057 744 24208 11087 2449 18445 158 3648 9853 2025 6461 3006 2425 280
internal_value=0.000387881 0.00665434 0.0424899 0.12291 0.00184149 -0.0282863 -0.0436136 0.00670064 0.011171 0.00954161 0.0210793 0.0540726 -0.0025189 0.00823784 -0.00826333 0.0394829 0.0116177 -0.0702711 0.0162836 0.00799451 -0.0515922 0.0262086 0.127928 -0.0306132 0.0148777 0.00633398 -0.0142262 0.0275196 -0.00156148 -0.047527
internal_weight=35424.6 3337.73 394.267 65.2789 2943.47 408.132 341.897 2535.33 2223.96 2188.81 1118.27 316.665 1070.54 774.649 507.411 267.238 384.836 122.574 212.645 801.605 324.683 328.988 54.5932 295.89 707.751 574.893 291.92 282.973 255.152 72.3199
internal_count=6895312 196999 27797 1112 169202 5322 4276 163880 147004 109639 59476 19887 50163 41274 5326 35948 4307 1019 24267 39589 2706 26685 11681 8889 35137 24050 11191 12859 9166 2705
is_linear=0
shrinkage=0.15


Tree=140
num_leaves=31
num_cat=0
split_feature=20 12 19 28 8 29 29 12 34 13 10 15 29 8 8 29 10 19 12 8 10 28 27 29 10 29 29 16 11 8
split_gain=6.53146 19.4334 12.8683 12.6485 12.0954 11.7766 11.6818 11.6856 11.9809 9.14356 7.86145 28.3813 56.3996 27.936 22.8119 41.3474 51.6581 35.364 19.4173 19.1868 42.8682 25.3947 34.0422 26.5903 25.6296 43.7959 29.9188 25.0608 22.7087 22.6023
threshold=59.500000000000007 17.500000000000004 485.50000000000006 0.30952382087707525 0.88257622718811046 0.41299059987068182 0.78422570228576671 69.500000000000014 1.0000000180025095e-35 3.5000000000000004 0.79593443870544445 65.500000000000014 0.78422570228576671 0.93767178058624279 0.96780294179916393 0.84640040993690502 0.63026550412178051 535.50000000000011 3.5000000000000004 0.90718287229537975 0.67523679137229931 0.73214286565780651 2.5000000000000004 0.75958648324012767 0.72422781586647045 0.91459476947784435 0.84640040993690502 0.045827884227037437 0.3139208853244782 0.77521660923957836
decision_type=2 8 2 2 8 2 2 10 2 8 10 8 2 10 10 2 10 2 10 10 8 2 2 2 8 2 2 2 10 10
left_child=10 9 4 -4 6 -5 7 -3 -9 -2 14 12 -12 -13 19 16 -16 18 -17 28 -21 23 27 -22 25 26 -24 -23 -1 -30
right_child=1 2 3 5 -6 -7 -8 8 -10 -11 11 13 -14 -15 15 17 -18 -19 -20 20 21 22 24 -25 -26 -27 -28 -29 29 -31
leaf_value=-0.0014535090283355194 0.09525150225807634 -0.095166116987782323 0.067138470577143256 -0.15870186136885589 -0.011512239815213715 0.0105573228056521 0.026308022440638495 0.55978594615335353 0.098529066964702663 -0.060737430544860332 0.10767980702300366 0.026112743448762559 -0.0092521745164383887 0.0038717843395721829 0.10175755534967088 0.16391715541231514 -0.074083344675843876 0.023199722658489248 0.031993363830473541 0.028903478660643057 -0.012200850009901449 -0.0047118566595516003 -0.0013391291599040864 -0.10324271438787602 -0.059058212723279366 -0.078605061146573299 0.24685787310507942 0.12304108716471196 0.0050480398134573551 0.058998075831593375
leaf_weight=21126.220426830678 7.9953301161440322 1.5810276865242929 106.91475235811868 8.996501546586158 1551.8901422009769 122.73167986142653 101.86457582890489 1.6589304551016537 3.4701879463791556 181.50104942923667 94.290191071449044 1809.787541275984 3568.1159559882863 4261.7754502266034 51.112886548983624 87.522928054298973 134.16080525248162 190.79830996479041 35.832518544038521 295.75222670489984 112.06389846201955 89.329680301494591 19.589303108669355 203.33288665765849 322.00497575381178 39.754851765491367 23.684378072464824 55.266115029953653 469.49808500445488 277.48697298537536
leaf_count=5257227 3766 682 15737 619 245319 30134 11489 93 3584 266495 6513 142441 203483 497010 4729 4166 13470 8903 3992 34282 22625 8881 3336 20671 35019 2299 2282 1733 32558 13579
internal_value=0.000118442 -0.00801617 -0.00343285 0.0290643 -0.00811804 -0.00211099 0.0400586 0.218316 0.314707 -0.0536904 0.000629378 0.00421449 -0.00621314 0.0105045 -0.000853624 0.0308301 -0.0252869 0.0639005 0.126161 -0.0015419 -0.0203261 -0.0371716 -0.0176457 -0.0710354 -0.0399319 0.0340649 0.137011 0.0446264 -0.000544171 0.0251413
internal_weight=35356 2088.6 1899.11 238.643 1660.46 131.728 108.575 6.71015 5.12912 189.496 33267.4 9733.97 3662.41 6071.56 23533.4 499.427 185.274 314.154 123.355 23034 1160.78 865.026 549.629 315.397 405.034 83.0285 43.2737 144.596 21873.2 746.985
internal_count=6897117 577918 307657 46490 261167 30753 15848 4359 3677 270261 6319199 849447 209996 639451 5469752 35260 18199 17061 8158 5434492 131128 96846 53550 43296 42936 7917 5618 10614 5303364 46137
is_linear=0
shrinkage=0.15


Tree=141
num_leaves=31
num_cat=0
split_feature=11 8 8 8 33 16 25 33 27 29 33 26 29 24 9 14 29 16 24 21 13 8 24 33 11 14 28 8 8 33
split_gain=6.27146 11.5796 14.9571 8.30609 8.02546 7.46144 6.37079 21.2421 20.8331 54.1871 48.6185 40.1156 54.1625 46.1459 61.503 44.6358 48.9947 24.481 21.5627 19.6421 24.4947 30.0856 25.2807 25.1872 19.1731 19.9517 24.6542 35.719 29.0379 39.3319
threshold=0.52505967020988475 0.69957956671714794 0.90131887793540966 0.98539841175079357 0.80707195401191723 0.055635660886764533 1.0000000180025095e-35 0.98058068752288829 1.5000000000000002 0.47226689755916601 0.65261757373809826 1.0000000180025095e-35 0.75958648324012767 0.70833334326744091 0.65848639607429515 54.500000000000007 0.48429435491561895 0.019516744650900367 0.45000000298023229 1.5000000000000002 15.500000000000002 0.52065590023994457 0.45000000298023229 0.99074074625968944 0.18156524747610095 92.500000000000014 0.15476191043853763 0.35129021108150488 0.52927491068840038 0.87138131260871898
decision_type=10 8 10 10 2 2 2 2 2 2 2 2 2 2 10 8 2 2 2 2 8 10 2 2 10 8 2 10 10 2
left_child=6 5 -3 -4 -5 -2 19 8 9 18 -10 13 15 14 -12 -13 17 -17 -8 -1 22 -22 -21 -24 25 -20 27 -27 -28 -30
right_child=1 2 3 4 -6 -7 7 -9 10 -11 11 12 -14 -15 -16 16 -18 -19 24 20 21 -23 23 -25 -26 26 28 -29 29 -31
leaf_value=-0.0010539193807730927 0.038969877002142446 0.1186151479774131 -0.020993155176639335 0.26729612598663022 0.037650839844192284 -0.16615968426466443 0.078812472022863081 0.029578525845718545 0.068061298434835008 0.092925111817833278 -0.099098275298911173 -0.063462015330724 0.043838978371468627 0.058174708254307095 -0.5637851320522782 -0.27411800972204758 0.046174054981819042 -0.033676310596369573 0.090615145545008866 0.13709276954919547 0.045087280959055794 -0.15772392796988763 -0.039391982975716687 0.089882478632164906 -0.15811847593706482 0.0026120018184173509 -0.013825901138141885 0.14417619353357355 -0.044900052033937661 -0.26565915414572566
leaf_weight=28305.227445879573 6.0274477415605352 41.931405937271848 57.388230393947197 3.5140388872969224 16.07008510869764 9.2042586703610123 80.41706827399139 639.97739820007337 132.99765038596161 152.6455676023761 17.137426632041755 553.42881236512039 218.93668218447419 12.762433860749296 9.7879001031396893 15.871781970447044 191.77411382486753 22.64056089008227 54.833582401799504 21.879317454469856 21.76290091741248 62.022943084826693 316.25210198269633 37.018368276621914 15.993096617254194 3856.7452554627525 330.75184230798368 39.524926888378104 61.735987039923202 25.053378775890451
leaf_count=6464944 258 1499 1527 91 1254 245 1447 167007 33310 13313 748 22029 94631 1345 276 440 20416 224 2555 256 565 895 4090 1824 385 41700 7763 9775 672 289
internal_value=-0.000475416 0.0317768 0.0476703 0.00799687 0.0898405 -0.0875865 -0.000599227 0.00366771 0.000800638 0.00533936 -0.0170206 -0.0279315 -0.0219829 -0.173979 -0.282161 -0.0404032 0.015047 -0.137197 0.00232495 -0.00155361 -0.0323031 -0.105134 -0.0158007 -0.0256301 0.00090447 0.00152269 0.000369479 0.0040847 -0.0342259 -0.110927
internal_weight=35331.3 134.135 118.904 76.9724 19.5841 15.2317 35197.2 6433.02 5793.04 4617.7 1175.34 1042.34 1002.65 39.6878 26.9253 783.715 230.286 38.5123 4465.06 28764.2 458.936 83.7858 375.15 353.27 4384.64 4368.64 4313.81 3896.27 417.541 86.7894
internal_count=6895773 4874 4371 2872 1345 503 6890899 418325 251318 77899 173419 140109 137740 2369 1024 43109 21080 664 64586 6472574 7630 1460 6170 5914 63139 62754 60199 51475 8724 961
is_linear=0
shrinkage=0.15


Tree=142
num_leaves=31
num_cat=0
split_feature=33 33 10 8 23 27 8 31 8 28 33 7 33 33 28 19 10 8 33 33 27 9 10 33 33 16 10 27 29 10
split_gain=9.05382 72.4436 19.9735 46.721 22.671 16.8362 48.0346 50.0388 48.7867 43.1258 25.567 22.6193 22.1856 29.5521 17.2928 16.7838 16.3071 18.8031 15.2028 60.731 21.9361 20.3691 18.9816 15.3805 38.0717 19.4589 14.8977 29.4052 35.6581 40.6414
threshold=0.83176100254058849 0.82650500535964977 0.941653072834015 0.98539841175079357 1.0000000180025095e-35 3.5000000000000004 0.98238280415534984 0.15476191043853763 0.88581073284149181 0.84523808956146251 0.7245689630508424 4.5000000000000009 0.82182541489601146 0.81909090280532848 0.84523808956146251 607.50000000000011 0.72422781586647045 0.96324434876441967 0.83484846353530895 0.83899769186973583 2.5000000000000004 0.81854888796806347 0.81333142518997203 0.84262126684188854 0.84409722685813915 0.013158135116100313 0.54444366693496715 1.5000000000000002 0.7190997600555421 0.36783000826835638
decision_type=2 2 10 8 2 2 10 2 8 2 2 2 2 2 2 2 8 10 2 2 2 8 10 2 2 2 8 2 2 10
left_child=1 2 5 15 -5 12 7 8 9 -7 11 -9 13 26 -10 -4 -14 -18 20 -20 21 -2 -22 25 -25 -21 27 -1 29 -29
right_child=18 -3 3 4 -6 6 -8 10 14 -11 -12 -13 16 -15 -16 -17 17 -19 19 23 22 -23 -24 24 -26 -27 -28 28 -30 -31
leaf_value=0.014602202255422914 0.082434805051401924 -0.10129690453709567 0.070800013327113637 0.039227557921840697 0.30260009407391131 0.022919654411311562 0.13887122536264257 -0.0088904142921525826 -0.10259808587758699 0.23723090718965648 -0.070237015502617781 0.32828513611643112 -0.031115314130398364 -0.080722453216532195 0.015595216429951549 -0.075211273502555784 0.063846531277367571 -0.021915404106043149 -0.101763308744477 -0.06655339315903433 -0.078978908394902417 0.010752607785711533 0.015863655431219214 -0.098541405062753995 0.0017032233498706787 0.041007640259675467 -6.8795715570346081e-05 0.015301505699310677 0.012228035449950858 -0.080995451743901978
leaf_weight=413.72957487047097 190.02564270056882 165.57967427632866 32.748483981691606 11.706678009286405 20.416912300215699 47.190474037831336 38.387844110757214 144.95677339713984 43.751680063990534 37.606108231002509 451.91017411514349 3.6182868925388894 73.695729937054466 105.80080183762948 73.180307192123109 36.287592174017846 277.68875366203224 71.939853248321924 127.0655835840189 41.150177843937058 63.905668549368102 167.95799411207804 175.98843300172757 84.645551858666295 18175.814113230441 377.0989472640548 13114.16994610051 131.05462645996283 245.43092104418042 393.88009397279745
leaf_count=644055 18079 24928 1501 195 1401 15508 2152 11515 8890 5720 16721 201 29551 20648 7842 1090 36701 5408 18226 28029 7039 58301 10154 11381 2862124 41340 2372044 179258 49987 406637
internal_value=-0.000246699 -0.00289604 -0.00185645 0.0642539 0.210702 -0.00228736 -0.0229256 -0.0308312 0.0336829 0.119621 -0.0525242 0.0014608 -0.00111586 -0.00211155 -0.0291234 -0.00592629 0.0326887 0.0461879 0.00192904 0.00117973 0.0254566 0.0489267 -0.00962454 0.00188543 0.00123317 0.0302916 -0.00152426 -0.0176303 -0.0349374 -0.0569707
internal_weight=35338.4 15934.7 15769.2 101.16 32.1236 15668 840.602 802.214 201.729 84.7966 600.485 148.575 14827.4 14404.1 116.932 69.0361 423.324 349.629 19403.7 18805.8 597.878 357.984 239.894 18678.7 18260.5 418.249 14298.3 1184.1 770.366 524.935
internal_count=6896626 3841953 3817025 4187 1596 3812838 68549 66397 37960 21228 28437 11716 3744289 3672629 16732 2591 71660 42109 3054673 2961100 93573 76380 17193 2942874 2873505 69369 3651981 1279937 635882 585895
is_linear=0
shrinkage=0.15


Tree=143
num_leaves=31
num_cat=0
split_feature=7 8 10 33 11 13 0 32 34 23 22 9 34 31 9 34 8 20 8 33 8 12 33 33 8 15 10 10 19 8
split_gain=6.63474 31.6966 21.2063 35.6482 18.0368 15.9667 22.2411 28.7386 22.6818 21.6305 28.1409 16.4002 16.1696 21.409 16.9919 16.1043 14.9713 14.7825 14.6841 38.6448 64.4499 23.3063 25.2632 22.3877 21.8843 32.9885 21.662 21.169 21.8541 17.9904
threshold=3.5000000000000004 0.99999985098838817 0.87629708647727977 0.96490147709846508 0.42422442138195043 2.5000000000000004 1.0000000180025095e-35 0.82804733514785778 0.88516482710838329 1.5000000000000002 1.5000000000000002 0.73202604055404674 0.8539126217365266 0.84523808956146251 0.64545917510986339 0.90283238887786876 0.90996205806732189 134.50000000000003 0.80632475018501293 0.94312667846679699 0.92730411887168895 9.5000000000000018 0.9569842815399171 0.95505049824714672 0.97227361798286449 32.500000000000007 0.78837281465530407 0.8087032437324525 587.50000000000011 0.97994947433471691
decision_type=2 10 10 2 10 8 2 2 2 2 2 10 2 2 10 2 10 2 10 2 10 10 2 2 10 8 10 8 2 10
left_child=1 2 4 -4 18 6 7 -2 -8 11 -11 -10 14 15 -9 -14 -6 -7 -1 24 21 22 -21 29 27 -26 -27 -20 -29 -22
right_child=5 -3 3 -5 16 17 8 12 9 10 -12 -13 13 -15 -16 -17 -18 -19 19 20 23 -23 -24 -25 25 26 -28 28 -30 -31
leaf_value=-0.00022722345973848586 0.080462367976179547 -0.044371965351086305 0.017126629703477173 -0.12663604771324083 0.086073298126920827 0.00051578471794445262 -0.019793588493000256 -0.0063817216333891908 0.0076046013805682669 -0.41742046886638712 -0.014711229461279004 0.072825959777711849 0.024967737686951652 0.032866400344645344 0.11767174047373841 -0.043473627510715061 -0.044791365589079195 -0.054810300322015879 -0.016020087225482774 -0.073520693878668969 -0.047169467886339238 -0.060428241686554328 0.017189247227260427 -0.10575455097134757 -0.069807974374295312 0.086780814682030874 0.013660040156703992 0.011244869628589383 -0.038070720776386187 0.14638488752582426
leaf_weight=19176.581800325686 204.70873057162316 379.31036440567186 1926.0596761253714 38.616440202027206 88.582645488099843 5668.8468519739226 604.59021514850974 38.969452685509168 158.20392679941506 3.0238951082865233 135.32152966519789 191.74984446816234 121.56143445132329 411.35707582653413 67.05756042054054 209.24669411381183 24.519277445727312 109.78324043344674 2275.8355647079775 79.142299899889167 51.661613932891214 156.27987565324474 499.67883999849164 282.34954508189958 63.637821937312765 164.3331057002606 204.19832990273972 1692.2895166269332 228.61429729082647 12.596327505385942
leaf_count=5082207 18298 36019 121394 8255 5491 631523 48530 1563 5693 211 9745 26185 7457 34229 8341 16641 1435 114516 361625 12486 7575 25524 48826 44698 3496 10532 15834 169875 16708 947
internal_value=-0.000262502 -0.00137005 -0.00076353 0.0142379 -0.00194296 0.00355894 0.0146049 0.0301525 -0.000387646 0.0236313 -0.0264459 0.043447 0.0179299 0.0100551 0.0724432 -0.0183242 0.0575593 -0.00054461 -0.00221567 -0.0088918 -0.0344037 -0.00922424 0.00468106 -0.0876253 -0.00292389 0.0291769 0.0464122 -0.00623571 0.00535887 -0.00756572
internal_weight=35268.7 27344.3 26965 1964.68 25000.3 7924.42 2145.79 1052.9 1092.89 488.299 138.345 349.954 848.192 742.165 106.027 330.808 113.102 5778.63 24887.2 5710.62 1081.71 735.101 578.821 346.607 4628.91 432.169 368.531 4196.74 1920.9 64.2579
internal_count=6895859 5972927 5936908 129649 5807259 922932 176893 86529 90364 41834 9956 31878 68231 58327 9904 24098 6926 746039 5800333 718126 140056 86836 61312 53220 578070 29862 26366 548208 186583 8522
is_linear=0
shrinkage=0.15


Tree=144
num_leaves=31
num_cat=0
split_feature=33 6 28 10 29 29 32 10 32 27 8 12 28 29 20 33 27 13 33 33 20 8 14 32 11 29 13 27 29 8
split_gain=8.35586 21.117 36.1426 42.2729 48.716 41.4069 39.2745 37.6179 50.3624 69.8466 38.2611 36.7866 36.6171 35.2833 42.4548 35.6039 34.2975 64.0256 61.8118 36.7938 33.347 33.3087 31.91 31.5751 28.6009 27.7159 46.1927 27.0805 26.6583 26.3288
threshold=0.78319624066352855 1.0000000180025095e-35 0.86607143282890331 0.54444366693496715 0.58663156628608715 0.83721771836280834 0.49757282435894018 0.75143077969551098 0.41538181900978094 1.5000000000000002 0.94993710517883312 11.500000000000002 0.41428571939468389 0.38748645782470709 14.500000000000002 0.59137290716171276 2.5000000000000004 92.500000000000014 0.76043477654457103 0.54226192831993114 28.500000000000004 0.88257622718811046 3.5000000000000004 0.27238743007183081 0.15274486690759662 0.67081120610237133 32.500000000000007 1.5000000000000002 0.23987288773059848 0.64465251564979564
decision_type=2 2 2 10 2 2 2 10 2 2 8 8 2 2 2 2 2 8 2 2 2 10 8 2 10 2 8 2 2 8
left_child=1 2 3 5 6 12 -5 10 21 -10 25 -4 20 15 -15 -14 19 18 -18 23 -1 -9 29 -3 -8 26 27 -6 -17 -13
right_child=-2 16 11 4 7 -7 24 8 9 -11 -12 22 13 14 -16 28 17 -19 -20 -21 -22 -23 -24 -25 -26 -27 -28 -29 -30 -31
leaf_value=0.0021973018256604081 0.0014584365561553134 0.013513898619986899 -0.033784768640595909 0.034053687429079035 -0.16425870528551076 0.19278896172756368 0.16484407494423922 0.042651963398005872 -0.14595442951491516 0.10530978910432116 0.061052779105207455 0.26844844513238131 -0.19082959455912027 -0.033230104265374406 0.049991296122200463 0.16302787046236641 0.28594531056125888 -0.0083609283997588615 -0.012279336453608304 -0.01601838113442813 -0.036744890245888555 -0.018324777582840925 -0.005249018516046494 0.22419538443660667 -0.051904261893177331 -0.04890020115022059 -0.021591226070619418 0.13440874942811126 -0.084259987147272633 0.050509784122419278
leaf_weight=4882.5744976151946 22814.969328990635 36.445205866861215 1659.8828202705304 301.75825440889776 6.6972411784809074 22.377762657974927 101.76257983630785 347.03567483271945 26.721647491518524 253.18925296969428 131.65031714682164 14.590754808979908 57.574887925470591 1055.6963070501195 157.72434199107101 12.689349682403643 47.216582684424793 76.120154179694509 23.025141811907815 353.84102277822603 549.54388437779107 478.0218101465789 886.26414262111712 27.733074453506561 15.32853794024413 492.22604124966938 304.14415625998163 71.397963790201175 33.642424058140762 66.095670403665281
leaf_count=1671215 3628851 6121 114529 164823 144 3452 5293 44856 826 24256 17154 1955 29664 615014 19513 1573 2785 6225 654 24252 126653 56429 107122 1245 910 76952 79953 5242 52947 5030
internal_value=-0.000249104 -0.00336732 -0.00470952 -0.0003211 0.016219 -0.00650192 0.0628852 0.00693482 0.0260305 0.0808887 -0.0140421 -0.0202431 -0.00719113 -0.0296166 -0.0223805 -0.113101 0.024959 0.0871833 0.189388 0.00301627 -0.00174835 0.00734384 0.00301362 0.106598 0.13627 -0.0254044 0.00490071 0.107043 -0.0145193 0.0927241
internal_weight=35307.9 12493 11928.6 9301.76 2529.93 6771.82 418.849 2111.08 1104.97 279.911 1006.12 2626.83 6749.45 1317.33 1213.42 103.907 564.381 146.362 70.2417 418.019 5432.12 825.057 966.951 64.1783 117.091 874.465 382.239 78.0952 46.3318 80.6864
internal_count=6895638 3266787 3225505 2996869 476838 2520031 171026 305812 126367 25082 179445 228636 2516579 718711 634527 84184 41282 9664 3439 31618 1797868 101285 114107 7366 6203 162291 85339 5386 54520 6985
is_linear=0
shrinkage=0.15


Tree=145
num_leaves=31
num_cat=0
split_feature=7 29 28 33 29 28 19 23 28 13 13 18 28 25 11 19 32 12 33 9 26 33 14 14 29 18 14 29 33 29
split_gain=7.6499 29.1222 63.4081 98.7837 61.4774 38.3889 31.1573 66.1656 46.0908 28.9797 26.6375 56.9481 38.3133 25.2485 32.9133 25.2006 25.0356 23.4968 23.2329 23.2094 22.8601 23.3584 20.6581 20.5403 20.3416 20.1923 33.8951 25.04 38.0622 32.1902
threshold=2.5000000000000004 0.76496347784996044 0.73214286565780651 0.92637759447097789 0.84640040993690502 0.46428571641445165 507.50000000000006 1.0000000180025095e-35 0.58571431040763866 3.5000000000000004 20.500000000000004 0.010260170325636865 0.6904762089252473 1.0000000180025095e-35 0.3763334602117539 518.50000000000011 0.15734768658876422 2.5000000000000004 0.84262126684188854 0.95460480451583873 1.0000000180025095e-35 0.97801932692527782 2.5000000000000004 9.5000000000000018 0.83415070176124584 0.0092653911560773867 4.5000000000000009 0.28813704848289495 0.7731560766696931 0.81147980690002453
decision_type=2 2 2 2 2 2 2 2 2 10 8 2 2 2 8 2 2 8 2 10 2 2 10 8 2 2 8 2 2 2
left_child=25 5 3 16 22 15 7 9 -9 -7 12 23 -8 14 -10 -2 24 -18 -17 -6 -14 -22 -4 -12 -3 27 -27 28 -1 -29
right_child=1 2 4 -5 19 6 10 8 13 -11 11 -13 20 -15 -16 18 17 -19 -20 -21 21 -23 -24 -25 -26 26 -28 29 -30 -31
leaf_value=-0.031245534780199449 -0.15451694211791042 -0.077891344277839919 0.0080768692993213806 -0.098768460594285054 -0.0012539056632665619 -0.0053412535288882221 0.015009890839414911 -0.001849316738867267 -0.0057568019525593437 -0.1812175427069653 0.082466574113469082 -0.0038858229398374723 -0.007326903543884951 0.023437255662351435 0.14310249983203582 0.01210346730918713 0.03945552507736947 -0.016074203206402238 -0.0931836261651698 0.10647178755505662 -0.090310281398491996 0.015417910603703166 0.057681639669006496 0.0047844128869290866 -0.0056461747905426395 0.026854287812641816 -0.0018723389931175265 -0.039948310292757826 0.11827274369435137 -0.0016265859218095226
leaf_weight=76.748721196125189 38.345184231047426 168.16203550343198 282.97825247373657 361.18364865868443 9657.0619474144114 59.114344742674348 1804.3202722074857 140.22429046234038 38.981884751273356 31.816975028392335 403.62058901051705 499.23331973854147 525.65033516663243 76.13670460031426 230.0768575850343 139.05692922480614 308.72231588229988 383.16708254711557 70.204339942951094 44.210238992869563 179.95615496765822 63.164293237728998 569.3867922507161 94.623226517448984 182.42275023576349 980.76108304876652 15752.172514462667 957.20956952049596 74.833062456711332 1016.4503076205106
leaf_count=5711 6515 22172 10213 20197 1015717 2549 51813 14701 2188 614 16877 89125 5885 8212 5418 95036 19074 16906 32012 52861 7555 5409 27494 7679 13432 277652 4857869 148556 3899 52741
internal_value=0.00012206 0.00249637 -0.00134144 -0.031281 0.00264318 0.0129368 0.0163657 0.0486985 0.0706884 -0.0681824 0.0111344 0.03193 0.00306361 0.100075 0.121594 -0.0443247 -0.00782656 0.00872445 -0.0234941 -0.000752059 -0.0249576 -0.0628908 0.041242 0.0677528 -0.0404224 -0.00193672 -0.000187092 -0.0157057 0.0428602 -0.0202231
internal_weight=35210 16351.8 11957.3 1403.66 10553.6 4394.53 4146.92 576.351 485.42 90.9313 3570.57 997.477 2573.09 345.195 269.059 247.606 1042.47 691.889 209.261 9701.27 768.771 243.12 852.365 498.244 350.585 18858.2 16732.9 2125.24 151.582 1973.66
internal_count=6896082 1549654 1198066 91781 1106285 351588 218025 33682 30519 3163 184343 113681 70662 15818 7606 133563 71584 35980 127048 1068578 18849 12964 37707 24556 35604 5346428 5135521 210907 9610 201297
is_linear=0
shrinkage=0.15


Tree=146
num_leaves=31
num_cat=0
split_feature=17 16 33 20 19 33 28 27 33 20 33 33 33 33 13 33 24 32 18 19 13 23 16 29 29 28 29 29 17 19
split_gain=11.5479 21.3228 16.5163 39.009 29.0421 26.8742 23.2848 75.8773 52.248 43.5148 55.99 47.7673 46.4221 49.3395 36.8174 33.3858 32.9883 29.0781 27.1215 25.9959 23.3404 26.9864 29.9292 24.9653 22.6196 21.4929 36.9377 26.1545 21.2935 20.6285
threshold=20.500000000000004 0.045827884227037437 0.50384616851806652 92.500000000000014 427.50000000000006 0.51668518781661998 0.30952382087707525 1.0000000180025095e-35 0.59491634368896495 3.5000000000000004 0.94665718078613292 0.74239632487297069 0.88603895902633678 0.70659971237182628 17.500000000000004 0.85857143998146068 0.36666667461395269 0.20212519168853763 0.045580515637993819 513.50000000000011 4.5000000000000009 1.0000000180025095e-35 0.015385021921247246 0.69784191250801098 0.33640426397323614 0.26785714924335485 0.29839073121547705 0.15847322344779971 54.500000000000007 429.50000000000006
decision_type=2 2 2 2 2 2 2 2 2 2 2 2 2 2 10 2 2 2 2 2 8 2 2 2 2 2 2 2 2 2
left_child=-1 2 3 25 -5 -4 7 9 -9 10 12 -11 13 -7 16 -13 20 -18 -19 -14 21 -8 23 -23 -20 27 -27 -2 -21 -24
right_child=1 -3 5 4 -6 6 14 8 -10 11 -12 15 19 -15 -16 -17 17 18 24 28 -22 22 29 -25 -26 26 -28 -29 -30 -31
leaf_value=-0.0017507890118476908 0.025205842806686456 0.12099321465129828 -0.11069514174092478 -0.15803330567637072 -0.012259297981487727 0.0062803663159066384 0.060326898665211112 0.097296193711458798 -0.1674790641162843 -0.020864967815947311 -0.062946581049171141 0.068801861765635616 0.061605609717842597 -0.037840455012968753 0.05994720913145344 0.014984370888241087 -0.037501852767077876 -0.022400981805652215 0.022276555271272543 0.034496678624077466 0.0063844243592435816 -0.050979638829525463 -0.075636423285358398 -0.18794025147110666 0.10876940189777461 -0.18436570105404645 0.00079711154794308693 0.16276526916442427 -0.020999132857349688 0.0021358835174475114
leaf_weight=22940.70923717177 1604.5326772768158 33.925216280895256 47.10027807224651 45.108267765551318 92.889733369435135 1121.2284911038475 72.686048189891153 19.466787618546846 98.814539060910533 485.95001179505698 420.27082967481738 419.4030928264001 282.90651988842319 1159.0643299307937 300.8731097142645 679.02099919555303 80.773246028504218 70.577188697599922 102.05157352529932 310.51686038845583 3443.3489903993568 89.844242816327096 99.914874019115814 44.801156506233383 206.82536400184472 26.21300633063197 221.85513703759216 30.756145478400413 309.79905219106922 320.06008949968964
leaf_count=3316029 311341 9302 20398 11266 17609 308591 4780 41447 219297 119634 91193 62430 26108 321321 35565 70328 1772 3458 2246 7042 1501603 1472 1277 490 55998 35483 148278 72225 72895 4252
internal_value=0.000234309 0.00395452 0.00361936 0.0160014 -0.0607035 0.00116072 0.00169125 -0.00516791 -0.123452 -0.00244797 -0.011556 0.0182632 -0.00475405 -0.0161528 0.00922379 0.035577 0.00584302 0.0438626 0.0612354 0.0240096 0.00153482 -0.025053 -0.0363309 -0.0976007 0.0803567 0.0216509 -0.0194304 0.0278909 0.00679169 -0.0165024
internal_weight=35181.3 12240.6 12206.7 2021.35 137.998 10185.3 10138.2 5306.44 118.281 5188.16 3603.79 1584.37 3183.52 2280.29 4831.76 1098.42 4530.88 460.227 379.454 903.222 4070.66 627.306 554.62 134.645 308.877 1883.36 248.068 1635.29 620.316 419.975
internal_count=6895130 3579101 3569799 596202 28875 2973597 2953199 1340286 260744 1079542 827150 252392 735957 629912 1612913 132758 1577348 63474 61702 106045 1513874 12271 7491 1962 58244 567327 183761 383566 79937 5529
is_linear=0
shrinkage=0.15


Tree=147
num_leaves=31
num_cat=0
split_feature=30 16 24 9 26 32 9 23 20 13 13 22 13 14 32 33 9 24 9 9 16 9 8 15 26 19 15 11 16 9
split_gain=6.97175 11.7709 19.2645 17.9847 15.2206 14.0142 14.8748 12.3599 11.9602 11.7322 10.9505 11.1363 10.626 9.8483 8.72903 8.38784 9.912 16.6683 8.69339 8.35176 8.35109 20.489 10.125 10.5391 9.15324 8.52061 8.35237 9.99151 8.26039 8.18059
threshold=4.5000000000000009 0.015385021921247246 0.36666667461395269 0.568559229373932 1.0000000180025095e-35 0.81199899315834057 0.54003718495368969 1.0000000180025095e-35 1.0000000180025095e-35 2.5000000000000004 5.5000000000000009 1.5000000000000002 2.5000000000000004 4.5000000000000009 0.65302383899688732 0.31866537034511572 0.74491482973098766 0.18333333730697635 0.73595777153968822 0.53020426630973827 0.080649357289075865 0.68554481863975536 0.97482815384864818 2.5000000000000004 1.0000000180025095e-35 557.50000000000011 5.5000000000000009 0.19576032459735873 0.01388797350227833 0.50884702801704418
decision_type=2 2 2 10 2 2 8 2 2 8 8 2 10 8 2 2 10 2 10 8 2 8 10 8 2 2 10 8 2 10
left_child=20 2 4 -4 5 10 8 -8 -7 13 11 -2 -5 14 -3 -11 17 18 -17 -10 -1 24 -23 -24 25 26 -22 -28 -14 -19
right_child=1 9 3 12 -6 6 7 -9 19 15 -12 -13 28 -15 -16 16 -18 29 -20 -21 21 22 23 -25 -26 -27 27 -29 -30 -31
leaf_value=0.00068639374892519051 -0.035015002481547139 -0.11915965690229395 0.11830905931493149 -0.10002577176660045 0.20161724333827755 0.40031416606641973 0.10380300036953326 0.0087479967540436826 0.043390878457210187 0.087504154444198345 -0.082643783941001123 0.16194403883701833 -0.06525246373534066 -0.0110579811038153 0.017801697470715295 -0.034611583201381628 -0.049291329353100363 0.12815217371178786 0.079972611388696033 0.32804669182217411 -0.071581695539118195 -0.12827848297564537 0.11060472303093714 0.029212032404741985 0.12804219136928627 -0.015686067270260787 -0.02664831524221508 -0.42622525857280164 0.013985314812240452 0.018347518447554133
leaf_weight=32106.457658993968 14.910710447409656 9.7263337352997024 18.487681540544145 40.417117144388612 12.445082602323962 3.6561352665230542 46.971315668633906 86.458466071271687 11.329225530931579 13.448298741830511 32.452115549194787 10.032018419180531 43.607965874718502 1155.2764102675756 458.49371457124653 347.5595648586368 300.50402301774375 17.512583820003783 14.636480609595308 2.0592111214937168 13.895867330094918 5.3257275441228549 66.439377304712252 78.409238263278894 5.0112381529397672 28.52778824896086 2.3471200397689245 3.1431279911193988 87.22213364180061 89.896045290472102
leaf_count=6712482 704 260 224 524 309 501 682 6381 1193 247 11733 479 333 34694 32811 7505 10667 461 333 132 1195 231 7543 46365 9799 2589 239 298 985 3641
internal_value=0.000254618 -0.00690065 0.0165638 -0.0184244 0.0466428 0.0364437 0.0603872 0.0427335 0.188558 -0.0109031 -0.0262892 0.0473912 -0.0337872 -0.00362233 0.0147087 -0.0259647 -0.0280571 -0.0143933 -0.0297737 0.106929 0.000878687 0.0311246 0.059318 0.0670477 -0.0484905 -0.069194 -0.143302 -0.285829 -0.0127207 0.0372677
internal_weight=35126.7 2817.1 410.049 189.735 220.314 207.869 150.474 133.43 17.0446 2407.05 57.3948 24.9427 171.247 1623.5 468.22 783.557 770.109 469.605 362.196 13.3884 32309.6 203.099 150.174 144.849 52.9251 47.9139 19.3861 5.49025 130.83 107.409
internal_count=6895540 114799 24180 2066 22114 21805 8889 7063 1826 90619 12916 1183 1842 67765 33071 22854 22607 11940 7838 1325 6780741 68259 54139 53908 14120 4321 1732 537 1318 4102
is_linear=0
shrinkage=0.15


Tree=148
num_leaves=31
num_cat=0
split_feature=17 8 20 16 32 32 23 29 33 8 12 27 29 10 33 29 10 11 33 33 14 10 29 8 10 17 20 9 23 21
split_gain=8.82313 24.2898 17.9549 16.1598 15.8796 14.4645 44.4043 21.8805 24.7441 24.0094 18.5125 17.9475 25.6523 24.9755 21.0266 18.9498 41.6545 26.9598 22.7246 18.386 17.5962 15.287 15.2239 14.6454 14.1026 13.7591 15.3351 14.4753 13.1069 27.5716
threshold=2.5000000000000004 0.64076390862464916 3.5000000000000004 0.032256403937935836 0.46307720243930822 0.56892183423042308 1.0000000180025095e-35 0.84640040993690502 0.63733074069023143 0.73096325993537914 4.5000000000000009 1.5000000000000002 0.61777994036674511 0.78477597236633312 0.90661337971687328 0.76496347784996044 0.63653624057769786 0.36759458482265478 0.87138131260871898 0.86602565646171581 2.5000000000000004 0.72936025261878978 0.60486993193626415 0.86585366725921642 0.48627051711082464 1.5000000000000002 2.5000000000000004 0.67583513259887706 1.5000000000000002 1.0000000180025095e-35
decision_type=2 10 2 2 2 2 2 2 2 10 10 2 2 10 2 2 8 8 2 2 8 10 2 10 10 2 2 10 2 2
left_child=1 -1 3 4 -3 25 -7 8 -8 20 28 12 -11 15 -15 18 -17 19 21 -18 24 -13 -20 -24 -10 26 -5 -27 29 -9
right_child=-2 2 -4 5 -6 6 7 10 9 11 -12 13 -14 14 -16 16 17 -19 22 -21 -22 -23 23 -25 -26 27 -28 -29 -30 -31
leaf_value=-0.033263257655364198 0.0010960311727485719 -0.05940757547194251 -0.029651487047327008 0.0075940345981570026 0.019083045619334663 0.12898294848389311 0.094603599659354151 -0.0066838064309981083 0.069703104879026923 0.092591183230043617 -0.055033922407876315 0.065280891225193483 -0.10160548321782713 0.11655667700380486 -0.032468248591045412 0.07229153703416577 -0.074144758181888537 -0.078464793354146703 -0.099506223583142817 0.097811727250651029 -0.0012848022418926967 0.20346220395019357 0.0058950895828541105 0.11945904112735434 -0.08747863975668832 0.029853746629430942 -0.041047500054574658 -0.0913784201915296 -0.027973904714015806 0.091774805139984719
leaf_weight=612.32803268683074 27196.135448422712 191.48581622575239 498.04577057085953 1344.9585997373306 82.427694847705425 54.826309618019877 73.931047495018902 2006.1990028498722 13.673981133557389 20.130574360431638 214.75134557927959 75.126725794281811 55.356040977610974 103.8285500290549 26.263983330019983 93.338624517549761 20.505892766566831 161.3167608984586 23.371781664143782 39.446259899297729 223.07094694717671 23.49392556559178 134.95763169687416 30.551769762387266 116.36661411251407 794.05833076403542 162.55612334604484 21.846108937890676 648.26201395830321 65.102449472327862
leaf_count=24594 6418327 21662 116632 49759 2077 13932 6431 35237 308 479 9249 1796 1304 9569 835 3454 463 4964 315 1280 5789 1506 3713 705 2107 25245 8475 1803 36536 85977
internal_value=-0.000187814 -0.0045895 -0.00218644 -0.000177047 -0.0358042 0.0013187 -0.00391025 -0.00568841 0.0110576 0.00565978 -0.0127364 0.0199183 -0.0492842 0.0271102 0.0864523 0.0141666 -0.011263 -0.0466758 0.0419363 0.0387446 -0.0269185 0.0999111 0.0112991 0.0274497 -0.0705449 0.0108223 0.00232526 0.0264998 -0.00937732 -0.00354639
internal_weight=35127.7 7931.58 7319.25 6821.2 273.914 6547.29 4223.87 4169.05 1234.73 1160.8 2934.31 807.689 75.4866 732.202 130.093 602.109 314.608 221.269 287.502 59.9522 353.112 98.6207 188.881 165.509 130.041 2323.42 1507.51 815.904 2719.56 2071.3
internal_count=6894523 476196 451602 334970 23739 311231 225949 212017 45018 38587 166999 30383 1783 28600 10404 18196 10161 6707 8035 1743 8204 3302 4733 4418 2415 85282 58234 27048 157750 121214
is_linear=0
shrinkage=0.15


Tree=149
num_leaves=31
num_cat=0
split_feature=10 19 10 28 29 29 20 8 16 13 24 33 28 28 10 9 29 33 33 17 19 29 33 19 16 8 10 28 11 20
split_gain=11.8845 7.85836 12.1925 7.94262 14.969 11.5513 10.2656 7.80485 7.77009 7.76949 9.43823 11.6018 15.8782 12.7947 13.7819 14.0909 10.7326 10.992 10.3115 9.99279 22.4057 29.5187 12.724 12.5057 12.2137 11.2166 9.98114 10.1112 10.2235 8.71223
threshold=0.37705636024475103 475.50000000000006 0.36424598097801214 0.77500000596046459 0.77486971020698558 0.8709511160850526 2.5000000000000004 0.59673044085502636 0.056307572871446616 21.500000000000004 0.18333333730697635 0.71010184288024913 0.46428571641445165 0.41428571939468389 0.35164035856723791 0.50698882341384899 0.37448096275329595 0.61620295047760021 0.85053193569183361 25.500000000000004 540.50000000000011 0.55954155325889599 0.90521115064620983 503.50000000000006 0.015873458236455921 0.4120562225580216 0.29807806015014654 0.73214286565780651 0.15581622719764712 7.5000000000000009
decision_type=8 2 10 2 2 2 2 10 2 10 2 2 2 2 10 10 2 2 2 2 2 2 2 2 2 8 10 2 10 2
left_child=1 2 -1 5 -5 9 8 -4 -6 10 11 13 -13 16 -15 -16 -3 -18 -12 23 24 29 -23 -14 25 -21 27 28 -25 -22
right_child=-2 3 7 4 6 -7 -8 -9 -10 -11 18 12 19 14 15 -17 17 -19 -20 20 21 22 -24 26 -26 -27 -28 -29 -30 -31
leaf_value=-0.094411630582476189 -0.0009377034793653042 -0.02980943808815072 -0.042104709375163814 -0.1908414255242534 0.007214833728065465 -0.14982452660980183 -0.11951558541959591 0.18580613116980407 0.25947295344161592 0.080411659831637741 0.071795739583845955 -0.067908388768231229 0.10208113717244223 -0.1004102964912706 -0.054055218345310699 0.19274742885568949 0.23611545192035804 -0.011192357788815818 0.017235187643478912 0.31701147864746299 -0.015420731195310464 0.26360103265352025 0.11034292735822027 0.019399120769366323 0.088724647082061694 -0.056278502594396013 0.019284537296738558 -0.14731125492374386 -0.058733128057812063 0.26776127298663299
leaf_weight=33.074938214423923 33632.106144920799 21.306080214884105 5.9820109923801947 10.012536539302344 73.901661713922067 8.181856076013899 13.86104705263733 5.9680117558191341 1.8566464727700793 43.998489358618826 128.39144560576187 47.203841329407169 31.575952374524149 63.239516108216776 13.046820979654287 7.331332932226359 8.4263484020908646 6.9297812643286525 198.21509188966093 0.88748203079796795 38.360201744888855 20.483905670004788 34.688393445095244 89.694430227157909 20.256468181287119 54.374712199362875 401.12458070429773 12.811489578806684 63.546098650768045 1.6063788480903429
leaf_count=16926 5942769 263980 3388 247 12752 447 3142 1015 108 1907 4818 200393 7992 87883 45681 123 27547 20004 11049 1466 66225 5697 2858 22559 3059 43192 88034 353 10080 600
internal_value=-0.000362335 0.0128802 -0.0481553 0.0148545 -0.0257985 0.0179503 -0.0054569 0.0772758 0.0166969 0.0191138 0.0169174 0.00924282 0.015656 -0.0340679 -0.0662246 0.0395983 0.0390849 0.130652 0.038837 0.0208642 0.0527794 0.100813 0.170923 0.0116948 -0.00826047 -0.0447557 0.00649199 -0.0243409 -0.0131716 0.00221947
internal_weight=35092.4 1460.34 45.025 1415.31 99.6319 1315.68 89.6194 11.95 75.7583 1307.5 1263.5 936.894 816.614 120.28 83.6177 20.3782 36.6622 15.3561 326.607 769.41 170.658 95.1389 55.1723 598.753 75.5187 55.2622 567.177 166.052 153.241 39.9666
internal_count=6896294 953525 21329 932196 16249 915947 16002 4403 12860 915500 913593 897726 452508 445218 133687 45804 311531 47551 15867 252115 123097 75380 8555 129018 47717 44658 121026 32992 32639 66825
is_linear=0
shrinkage=0.15


Tree=150
num_leaves=31
num_cat=0
split_feature=34 32 23 22 31 18 11 24 18 8 27 10 11 10 29 29 37 27 28 10 17 15 29 19 11 20 16 18 16 18
split_gain=5.95114 17.7104 27.9914 56.7706 23.7984 26.5321 20.7886 19.5761 20.0297 18.8286 24.9419 37.3288 27.5016 35.3532 33.1774 21.9082 21.636 20.2488 20.0887 33.9965 19.7833 19.0893 27.2384 26.3841 28.7187 24.3537 20.7599 23.8848 26.3599 20.2472
threshold=0.79205974936485302 0.36245033144950872 1.0000000180025095e-35 1.5000000000000002 0.47222222387790685 0.51919841766357433 0.47717088460922247 0.18333333730697635 0.0037140236236155037 0.62737351655960094 1.5000000000000002 0.27460461854934698 0.43076345324516302 0.30286060273647314 0.71560639142990123 0.54778721928596508 1.0000000180025095e-35 4.5000000000000009 0.61250001192092907 0.44231554865837103 236.50000000000003 43.500000000000007 0.77022564411163341 542.50000000000011 0.26644384860992437 1.0000000180025095e-35 0.025849497877061371 0.011772405356168749 0.030077329836785797 0.010838010814040901
decision_type=2 2 2 2 2 2 10 2 2 10 2 10 8 10 2 2 2 2 2 10 2 8 2 2 10 2 2 2 2 2
left_child=1 2 6 -4 -3 -6 9 8 -5 10 11 -1 16 -14 18 -13 -12 20 19 -15 21 22 29 24 -24 -23 -27 28 -28 -11
right_child=-2 4 3 7 5 -7 -8 -9 -10 17 12 15 13 14 -16 -17 -18 -19 -20 -21 -22 25 23 -25 -26 26 27 -29 -30 -31
leaf_value=-0.062048258542024379 -0.0015760801531870896 0.038717273264925099 -0.074769134916130853 0.11722286236761426 0.0039424614409739626 0.068809897546434212 0.092001329514351041 0.031944802417130831 -0.079168791384310863 0.055303932754389842 0.078784449732907089 0.071417533650041456 0.082353306870374038 -0.090909944199962608 0.036384768153801476 -0.009802349198972481 -0.050827114947430224 0.034331981443387394 -0.037821827434267825 0.11601122155499687 -0.0546927757546583 -0.018466829642498201 -0.015949064582345639 -0.036956510370222136 0.075185424273484319 -0.010013036054025292 -0.062303540563446502 0.028528448982724806 0.0066703845306289441 -0.013739978258208585
leaf_weight=209.62156254834417 18901.839403487356 563.30689432777399 332.18256097015694 12.893184330277903 4377.5593869623181 145.63339045735393 55.074202650415828 264.43099440109336 75.045997619166883 184.48192990699863 271.46330969873316 114.67274956648498 141.64476614748969 26.326161415909382 351.80017686441806 210.52146671100218 31.742227702681703 321.79794412496631 399.26951329817257 50.99665641147385 168.43160826004078 1155.4473262949132 296.59579355529422 1112.9920808267307 104.35278574424956 1373.979830234246 130.94625119080956 1238.4164977473574 2259.7975456991517 196.4788002373698
leaf_count=108105 4129093 98108 1341650 14139 209274 76726 536 16565 610908 1801 5536 27242 8948 22058 5026 7058 415 3147 26846 8449 8349 32606 3306 9627 820 46136 3117 43536 23715 3724
internal_value=0.000231358 0.00234309 -0.00101799 -0.0303762 0.00967087 0.00604575 0.000915901 0.0115665 -0.0493806 0.000422463 0.0143243 -0.0128422 0.0257365 0.0133804 0.00150183 0.0189692 0.0650931 -0.00252084 -0.0242695 0.0452994 -0.00396722 -0.00289968 -0.016061 -0.02508 0.00789807 0.00115181 0.00568541 0.0116299 0.00286806 0.0197521
internal_weight=35079.7 16177.9 11091.4 684.553 5086.5 4523.19 10406.9 352.37 87.9392 10351.8 1808.06 534.816 1273.24 970.037 828.393 325.194 303.206 8543.72 476.592 77.3228 8221.92 8053.49 1894.9 1513.94 400.949 6158.59 5003.14 3629.16 2390.74 380.961
internal_count=6896566 2767473 2383365 1983262 384108 286000 400103 641612 625047 399567 219683 142405 77278 71327 62379 34300 5951 179884 57353 30507 176737 168388 19278 13753 4126 149110 116504 70368 26832 5525
is_linear=0
shrinkage=0.15


Tree=151
num_leaves=31
num_cat=0
split_feature=14 8 27 29 10 9 16 29 35 32 35 3 31 29 8 27 23 24 18 15 29 10 27 29 23 19 24 32 18 19
split_gain=6.85344 14.9243 19.6102 28.6854 33.6515 23.1699 22.4672 18.1031 17.942 17.0582 45.8688 64.2362 44.611 36.1963 37.8899 32.9185 29.0212 26.9026 26.2274 24.6852 44.0908 51.2463 69.3829 36.8087 24.853 30.1022 24.2754 24.1757 23.3236 23.0451
threshold=2.5000000000000004 0.61209321022033703 1.5000000000000002 0.64236706495285045 0.3558256477117539 0.80871555209159862 0.021131897345185283 0.85578954219818126 1.0000000180025095e-35 0.20212519168853763 1.0000000180025095e-35 1.0000000180025095e-35 0.21111111342906955 0.78422570228576671 0.75360688567161571 1.5000000000000002 1.0000000180025095e-35 0.55000001192092907 0.058012558147311218 2.5000000000000004 0.7190997600555421 0.48627051711082464 2.5000000000000004 0.58121514320373546 1.0000000180025095e-35 639.50000000000011 0.29166667163372045 0.38517180085182195 0.047090481966733939 509.50000000000006
decision_type=10 8 2 2 10 8 2 2 2 2 2 2 2 2 10 2 2 2 2 10 2 10 2 2 2 2 2 2 2 2
left_child=-1 2 -2 4 -4 7 -7 -5 -6 10 11 26 28 14 15 18 29 -18 -14 20 21 23 -23 -17 25 -21 -3 -16 -11 -15
right_child=1 9 3 5 8 6 -8 -9 -10 12 -12 -13 13 16 27 19 17 -19 -20 24 -22 22 -24 -25 -26 -27 -28 -29 -30 -31
leaf_value=-0.0014424841681092819 0.019705616090301126 -0.1071160245325497 0.025789453772657921 -0.036630796741647834 -0.076300908100713327 -0.032723175226702171 0.050054637992759665 0.09163942148732919 -0.010921046546756586 0.090464987199640925 0.0025169586021391768 0.18408852451246704 0.042654393677067401 0.0047326469132838141 -0.047930308432570491 -0.076632637882315086 -0.0067363293018846736 0.073407417820146592 0.2394962643528214 -0.22990458694911428 0.072916714795384127 0.095324395345252014 -0.039954545842378245 0.0032946266076977425 -0.018561780817481777 0.10738633905597668 -0.030431112192585104 0.056506791246391325 0.3313201954840585 0.12155068645119374
leaf_weight=21428.074286405423 382.57197036979323 170.25705685346202 129.92890168555158 311.15328048316587 372.24684181622371 100.34750842675385 271.67643016833836 25.938922046319931 126.93106545512273 55.358752423801889 5406.5480371039448 23.796345331065822 338.43543570447218 76.750187665980775 52.744584470390691 229.19315278873364 3170.2836162693093 96.129741527522128 15.020929923744005 24.814758684053235 220.77756240433519 215.27234245952059 140.13060974013933 296.60651850266731 421.32892632429412 7.0834432300634935 205.44653036709497 736.85317680752632 10.200642184092429 74.414003842284728
leaf_count=3047594 310705 2615489 99222 6056 356002 28861 38585 1342 16072 3506 111708 803 11797 4422 4271 7071 71441 77140 3830 673 7937 9330 4612 8613 14027 345 4719 24863 1092 4297
internal_value=0.000233083 0.00285216 -0.0102071 -0.0187669 -0.0420558 0.00192441 0.0276988 -0.0265187 -0.0597312 0.00472752 -0.00111097 -0.0500925 0.0102108 0.00888 0.0218637 0.0104196 -0.00137431 -0.00435597 0.0516717 0.00101699 0.013136 -0.00190725 0.0420233 -0.0316246 -0.0284132 -0.154017 -0.0653744 0.0494787 0.132355 0.0626599
internal_weight=35136.3 13708.2 1720.79 1338.22 629.107 709.116 372.024 337.092 499.178 11987.4 5806.05 399.5 6181.4 6115.84 2698.26 1908.66 3417.58 3266.41 353.456 1555.21 1101.98 881.203 355.403 525.8 453.227 31.8982 375.704 789.598 65.5594 151.164
internal_count=6896425 3848831 856845 546140 471296 74844 67446 7398 372074 2991986 2732719 2621011 259267 254669 97369 68235 157300 148581 15627 52608 37563 29626 13942 15684 15045 1018 2620208 29134 4598 8719
is_linear=0
shrinkage=0.15


Tree=152
num_leaves=31
num_cat=0
split_feature=19 13 28 17 13 29 28 11 14 33 29 27 20 16 17 29 24 14 13 10 18 33 18 19 31 8 15 15 9 32
split_gain=6.81169 12.0519 29.5241 26.1171 17.7192 15.1216 42.5748 42.5122 23.3154 19.8639 37.6595 26.3878 26.5101 23.0326 22.5442 41.63 19.3731 19.3266 18.1111 18.09 13.9012 13.7618 28.1034 13.229 12.6179 17.8886 15.1679 13.8067 13.6148 12.5216
threshold=463.50000000000006 8.5000000000000018 0.81666666269302379 203.50000000000003 57.500000000000007 0.78896147012710582 0.64583334326744091 0.16234241425991061 51.500000000000007 0.7670542597770692 0.68002083897590648 1.5000000000000002 33.500000000000007 0.01612831745296717 44.500000000000007 0.21938078105449679 0.36666667461395269 33.500000000000007 4.5000000000000009 0.55307188630104076 0.0068858668673783549 0.86425063014030468 0.21840117871761325 441.50000000000006 0.29285715520381933 0.64266932010650646 5.5000000000000009 1.5000000000000002 0.9142272174358369 0.82804733514785778
decision_type=2 8 2 2 8 2 2 10 8 2 2 2 2 2 2 2 2 8 10 8 2 2 2 2 2 10 10 10 8 2
left_child=1 5 3 24 -5 6 7 9 20 11 14 12 13 -1 15 23 18 -8 -10 -13 29 22 -16 -11 25 -3 -27 28 -26 -7
right_child=-2 2 -4 4 -6 8 17 -9 16 10 -12 19 -14 -15 21 -17 -18 -19 -20 -21 -22 -23 -24 -25 27 26 -28 -29 -30 -31
leaf_value=0.030180132628997818 0.00058781422560260819 0.037124295628807091 0.0027780513906838374 0.047572199845194438 -0.017788789062096712 0.011582190419396775 0.14115302166346269 -0.28652460323689394 -0.092653556477923865 0.30700507410050437 -0.26231642281732998 -0.17133452451220807 -0.053701604497495802 -0.053294424204506724 -0.0071022783431320367 -0.028754693402879967 0.081713000654364376 0.04381593339173484 0.019352256902184721 0.16286320405210172 0.032423612256599933 6.3895192455503964e-05 0.10203306378394095 0.11946003606634209 -0.036016056998639238 -0.038203063448263866 0.11131093789129028 -0.16152201374002112 -0.099109032094419167 -0.050607038192107469
leaf_weight=259.62268346619021 29508.770238165776 91.333187582248001 1643.3394514952706 149.60486800194724 244.44560135620338 150.90605620151473 60.734786752349464 10.495826551617936 158.90682513533102 16.958641969627934 9.3823242319049296 3.3697118740528849 302.3168063147823 103.08354803189286 106.12695294824152 28.072972394584212 20.087099631477031 185.58617702400079 40.375871718366398 26.522431923753174 207.14891974192869 396.68326552897997 104.98867453293497 20.081163067254238 353.24774484271074 551.765970264418 14.755240918061189 25.692689101371798 98.332885366156916 139.28949829886551
leaf_count=7604 5689270 55280 468038 85844 200605 13133 2869 253 2558 330 426 48 7622 1620 2122 624 11800 13993 452 1743 17165 10279 2431 516 36779 241153 1936 1805 4947 12068
internal_value=-0.000317152 -0.00515129 -0.0111813 -0.0261749 0.00708371 0.00298806 0.0109543 0.000735255 -0.015164 0.00313079 0.0212957 -0.0147092 -0.0209753 0.0063748 0.0256334 0.108841 -0.0557796 0.0682898 -0.0699772 0.120863 0.00282678 0.0165554 0.0473963 0.211141 -0.0377164 -0.0241872 -0.0341196 -0.056275 -0.0499434 -0.018339
internal_weight=35032 5523.26 3172.52 1529.18 394.05 2350.74 1634.03 1387.71 716.714 1377.21 682.294 694.915 665.023 362.706 672.912 65.1128 219.37 246.321 199.283 29.8921 497.344 607.799 211.116 37.0398 1135.13 657.854 566.521 477.273 451.581 290.196
internal_count=6895313 1206043 1096387 628349 286449 109656 52480 35618 57176 35365 16728 18637 16846 9224 16302 1470 14810 16862 3010 1791 42366 14832 4553 846 341900 298369 243089 43531 41726 25201
is_linear=0
shrinkage=0.15


Tree=153
num_leaves=31
num_cat=0
split_feature=15 13 8 33 16 8 11 32 29 31 9 33 16 33 23 0 34 24 26 29 31 31 9 13 24 32 30 9 34 29
split_gain=8.49682 11.6264 13.9427 10.2081 9.44985 19.6363 10.0826 9.96816 8.41167 8.12154 8.99881 7.67778 6.89812 6.55863 6.3706 22.9939 27.6287 29.2072 47.5338 29.4726 29.4322 28.9508 27.2164 33.2099 25.6266 25.5689 33.8353 23.62 19.2845 34.385
threshold=1.5000000000000002 3.5000000000000004 0.9217338263988496 0.89323708415031444 0.047470914199948318 0.91881179809570324 0.26644384860992437 0.84250542521476757 0.82984957098960888 0.81666666269302379 0.59616395831108104 0.8532998561859132 0.031250273808836944 0.89699381589889537 1.5000000000000002 1.0000000180025095e-35 0.75204917788505565 0.55000001192092907 1.0000000180025095e-35 0.39191141724586492 0.35416667163372045 0.86607143282890331 0.57401090860366832 15.500000000000002 0.22500000149011615 0.89304080605506908 3.5000000000000004 0.8571569323539735 0.85839599370956432 0.23366826027631762
decision_type=8 10 8 2 2 10 8 2 2 2 8 2 2 2 2 2 2 2 2 2 2 2 8 8 2 2 2 10 2 2
left_child=1 4 11 -4 5 6 8 -6 12 10 -9 -3 -1 -13 -2 22 -17 21 -19 20 -20 27 23 25 28 26 -16 -18 29 -24
right_child=14 2 3 -5 7 -7 -8 9 -10 -11 -12 13 -14 -15 15 16 17 18 19 -21 -22 -23 24 -25 -26 -27 -28 -29 -30 -31
leaf_value=-0.069521617614021522 0.00019066021262242994 -0.020954388382645222 -0.090008405552848128 0.021200168336041877 0.051326523487890685 -0.11205826453287947 0.056521619716912996 0.11925695555088266 -0.1359246775702492 0.037068349801369062 -0.053690151483516205 0.15984285601020085 0.05683959106223449 0.031754921046416668 0.039754325466503301 0.013895463259772645 -0.030949957241756965 0.096548575478724918 0.06005052716042783 0.042015220489380424 -0.045621084799410239 -0.15781133192524358 0.27883247079823964 -0.010060119639652079 0.0033818312420900469 -0.020397862535589097 0.13547094522145373 0.044822486463597162 -0.092604503730896945 -0.029489877348889731
leaf_weight=15.631999958453433 28533.847077910923 53.312984104173665 65.904382541713858 25.250139719013532 308.12489917255516 30.729628851730467 70.77597435904454 6.670884001388913 11.823505518831551 73.760687755544495 59.607231242589478 10.430587407186975 22.398294746576767 46.005724628434109 256.11999206196015 676.87465700369876 1805.0342725919145 108.34427691160818 68.720098000747385 174.64564828734365 399.61632533674128 37.943843599638058 7.7367742808805238 290.92768890240825 1253.6534278016843 83.460440838316572 122.97769268687262 96.705550448015856 119.00885900085831 117.99707162806806
leaf_count=14511 5442574 1613 1411 1412 12451 2731 7831 128 1239 4410 2876 230 4104 1056 8554 338685 445066 4492 673 35005 4931 2896 23260 53614 49473 2752 2788 1515 158978 264950
internal_value=-0.000360342 0.0149066 -0.0162641 -0.0593074 0.0253618 -0.00700999 0.0204516 0.036286 -0.0308603 0.00306334 -0.0347692 0.0196991 0.00444952 0.057799 -0.000718565 -0.00533428 -0.0131784 -0.019991 0.00511348 -0.0104196 -0.0300207 -0.0297128 0.00639799 0.0296326 -0.00529776 0.0545653 0.0710791 -0.0270753 -0.0495904 -0.00846745
internal_weight=34954 800.427 200.904 91.1545 599.523 151.359 120.63 448.164 49.8538 140.039 66.2781 109.749 38.0303 56.4363 34153.6 5619.77 3367.88 2691.01 751.326 642.982 468.336 1939.68 2251.88 753.486 1498.4 462.558 379.098 1901.74 244.743 125.734
internal_count=6896209 56003 5722 2823 50281 30416 27685 19865 19854 7414 3004 2899 18615 1286 6840206 1397632 833263 494578 45101 40609 5604 449477 564369 67708 496661 14094 11342 446581 447188 288210
is_linear=0
shrinkage=0.15


Tree=154
num_leaves=31
num_cat=0
split_feature=7 8 27 28 27 29 8 19 10 10 29 10 10 10 10 29 29 10 19 28 10 19 29 29 8 10 28 20 29 19
split_gain=9.65646 30.9898 24.2404 23.0755 32.1367 23.5555 126.751 23.4792 22.4427 22.2754 17.8706 34.7601 22.9041 17.2214 16.5386 16.3511 26.4564 47.2414 31.3248 19.6139 20.5926 16.1813 15.9313 17.4556 15.3549 66.3215 18.0912 15.2341 15.1031 13.7915
threshold=3.5000000000000004 0.99999985098838817 2.5000000000000004 0.73214286565780651 3.5000000000000004 0.87969252467155468 0.77521660923957836 665.50000000000011 0.73840305209159862 0.627119541168213 0.63431376218795787 0.59595704078674328 0.68283784389495861 0.87629708647727977 0.63026550412178051 0.73771157860755932 0.90212523937225353 0.78086441755294811 683.50000000000011 0.64583334326744091 0.80016764998435985 475.50000000000006 0.67081120610237133 0.79358932375907909 0.78625988960266124 0.68686285614967357 0.81666666269302379 4.5000000000000009 0.84149160981178295 502.50000000000006
decision_type=2 10 2 2 2 2 10 2 10 10 2 8 10 10 8 2 2 10 2 2 10 2 2 2 10 10 2 2 2 2
left_child=1 13 10 4 8 6 7 22 -4 -9 21 27 14 -1 -13 -14 19 18 -18 -17 28 -2 -5 -24 25 26 -7 -12 -21 -8
right_child=2 -3 3 5 -6 24 29 9 -10 -11 11 12 15 -15 -16 16 17 -19 -20 20 -22 -23 23 -25 -26 -27 -28 -29 -30 -31
leaf_value=-0.0027379318674955137 -0.1664549865755777 -0.04527955606034275 -0.04312849559433881 0.14172329278301934 -0.18133228379649721 -0.12214784004722815 0.21474921824907256 -0.035755223083146694 0.18519758860735178 -0.16541510905475135 -0.016951563624580432 0.0054957174856758466 0.12226279171646517 0.011840920564925904 0.092235376676096797 0.27891985811731318 0.097983288444671968 0.01250121121269797 0.41077588965261752 -0.0020743355568038271 0.022873389956593257 0.054865337321644503 -0.023309533370040224 0.055642475753878207 -0.0073005829740530603 0.22255672667332754 0.021092915134964807 -0.097334425045002476 -0.10012794861448969 0.09522784287678869
leaf_weight=24777.129983449569 6.6786996391188032 370.6560161050802 84.794760670256437 16.4503563796452 36.798419900005683 26.423384388917839 23.793405407046521 132.12879853654886 9.926139554649124 37.836016231231042 352.75601845282108 73.907296724108164 29.353174903677427 1966.8736892636261 149.33054642151001 3.4312870009271128 68.931565748554931 1582.9671442923632 7.2524764942354514 51.116568263083536 78.969070712455505 291.71958854515833 271.86844214695157 80.931431250573951 3911.0344393779283 33.766443249187432 70.950866068385949 61.587934489375584 113.86213976851286 243.97272611383733
leaf_count=5805773 279 35886 2252 551 839 500 1184 3636 1273 637 10449 2491 3574 129412 6349 252 2610 376253 334 1903 9611 10574 6974 2468 451871 4391 6169 1542 3277 10761
internal_value=-0.000921744 -0.00226319 0.00370993 -0.00261868 -0.0643738 -0.000930826 0.0224511 -0.01946 -0.0175166 -0.0654176 0.0146827 0.0106428 0.0182805 -0.00166534 0.0636711 0.0130161 0.0112709 0.0180969 0.132696 -0.0343986 -0.0399263 0.0493724 0.00181378 -0.00509205 -0.00560319 0.0446906 -0.0186233 -0.0291052 -0.0699428 0.106608
internal_weight=34967.2 27114.7 7852.54 4980.68 131.519 4849.16 806.981 539.215 94.7209 169.965 2871.86 2573.47 2159.12 26744 223.238 1935.88 1906.53 1659.15 76.184 247.379 243.948 298.398 369.25 352.8 4042.18 131.141 97.3743 414.344 164.979 267.766
internal_count=6894075 5971071 923004 493506 4364 489142 26211 14266 3525 4273 429498 418645 406654 5935185 8840 397814 394240 379197 2944 15043 14791 10853 9993 9442 462931 11060 6669 11991 5180 11945
is_linear=0
shrinkage=0.15


Tree=155
num_leaves=31
num_cat=0
split_feature=33 8 33 9 33 17 14 12 29 10 13 11 27 23 34 23 10 8 14 28 33 19 32 14 33 18 12 33 33 13
split_gain=6.36044 23.139 29.0529 31.8661 24.9602 22.0154 30.2636 22.1141 23.1763 28.6002 21.1179 30.6421 27.8718 32.4645 25.6752 23.1793 18.0588 22.0468 25.1904 22.995 22.9138 22.4093 20.2852 17.8241 17.5682 16.5382 20.1839 16.5051 24.2561 16.1912
threshold=0.78319624066352855 0.96552586555480968 0.77003204822540294 0.88330480456352245 0.73401361703872692 27.500000000000004 28.500000000000004 2.5000000000000004 0.63431376218795787 0.53646206855773937 30.500000000000004 0.1550104692578316 1.5000000000000002 1.0000000180025095e-35 1.0000000180025095e-35 1.0000000180025095e-35 0.72936025261878978 0.68247073888778698 3.5000000000000004 0.6904762089252473 0.52679425477981578 413.50000000000006 0.45752754807472235 24.500000000000004 0.77888888120651256 0.022689023055136207 37.500000000000007 0.79008570313453685 0.79516318440437328 7.5000000000000009
decision_type=2 10 2 8 2 2 8 10 2 8 8 10 2 2 2 2 10 10 10 2 2 2 2 8 2 2 10 2 2 8
left_child=1 5 3 4 -3 7 -7 24 9 -9 11 12 25 -14 -12 -13 29 18 20 22 -18 -21 -19 -23 -1 26 -11 -2 -29 -10
right_child=27 2 -4 -5 -6 6 -8 8 16 10 14 15 13 -15 -16 -17 17 19 -20 21 -22 23 -24 -25 -26 -27 -28 28 -30 -31
leaf_value=-0.01594365233179057 0.028256012470897134 0.13026040829666205 -0.050366867260520344 0.0082555156729523047 0.025895487293218847 0.061819927514961528 0.0016322313241957972 -0.024154308799894407 -0.0032713177953818872 0.042691357637300718 0.039016734028951561 -0.25522249819027931 -0.14803097280731101 0.18107310849727273 -0.044821014804936526 0.011542982078393767 -0.049909013106781482 0.009495065205802353 -0.028741186868280443 0.24055092511717305 0.24150797893836429 -0.021220123109520751 0.086455478527311516 0.18119174257172704 -0.10061661142687846 0.12772386584459078 -0.14534780125490562 -0.045546333210876526 0.0020644851379804964 -0.042988866190781592
leaf_weight=3485.102627121013 531.85909203514166 119.62952078872513 90.856372510241272 278.80915382003877 91.108611967558318 194.53794122197803 4858.4286255344696 236.84900674146149 438.91655595406337 70.41494295746088 285.32666975527547 8.3177471917515486 6.5862195150257312 84.196328210680804 114.34376382696632 33.966683657170506 7.4748385813236373 375.13785781139995 21.995267150547988 6.5745019554260571 25.570910516738877 791.09846808971724 96.085573167585608 8.9198280962555128 55.063043870908587 37.35956210794393 14.663505233678732 242.44741671201336 21851.32334753203 486.79241257752847
leaf_count=268170 87183 4314 6120 24779 2572 98586 1742448 503360 20054 2311 11314 202 457 5279 236619 1700 527 68103 3096 1238 2096 71927 9679 435 3275 1403 408 53338 3490270 176162
internal_value=0.000675802 -0.00206589 0.0271445 0.0416034 0.0854756 -0.00351172 0.00396122 -0.00915516 -1.33265e-05 0.0204446 0.0365795 0.0701774 0.0932466 0.155844 0.0149792 -0.0456164 -0.00809868 0.00308073 0.0951661 -0.000957096 0.176061 -0.0163312 0.0253377 -0.0187399 -0.0172887 0.0459468 0.00897025 0.00216922 0.00153999 -0.024181
internal_weight=34949.8 12324.1 580.404 489.547 210.738 11743.7 5052.97 6690.76 3150.59 892.024 655.175 255.505 213.221 90.7825 399.67 42.2844 2258.57 1332.86 55.041 1277.82 33.0457 806.593 471.223 800.018 3540.17 122.438 85.0784 22625.6 22093.8 925.709
internal_count=6897425 3266634 37785 31665 6886 3228849 1841034 1387815 1116370 763053 259693 11760 9858 5736 247933 1902 353317 157101 5719 151382 2623 73600 77782 72362 271445 4122 2719 3630791 3543608 196216
is_linear=0
shrinkage=0.15


Tree=156
num_leaves=31
num_cat=0
split_feature=20 3 22 24 34 33 17 10 29 33 34 10 33 29 16 20 16 11 19 14 17 33 25 33 15 8 23 24 30 16
split_gain=4.96338 5.77854 4.87181 11.523 12.7467 7.99787 4.62936 12.6885 23.9776 34.3373 27.8284 42.4736 27.5422 28.6543 23.1614 14.0875 13.8188 14.6805 13.0329 12.538 10.6144 10.4692 16.5837 11.0621 11.8536 10.2065 10.1902 17.6599 9.78501 9.24177
threshold=366.00000000000006 1.0000000180025095e-35 3.5000000000000004 0.70833334326744091 0.62880185246467601 0.95505049824714672 2.5000000000000004 0.83767697215080272 0.91459476947784435 0.97752526402473461 1.0000000180025095e-35 0.89413905143737804 0.82650500535964977 0.84149160981178295 0.043656939640641219 3.5000000000000004 0.056307572871446616 0.21672128140926364 524.50000000000011 4.5000000000000009 1.0000000180025095e-35 0.87138131260871898 1.0000000180025095e-35 0.95505049824714672 24.500000000000004 0.96115431189537059 1.5000000000000002 0.29166667163372045 3.5000000000000004 0.047470914199948318
decision_type=2 2 2 2 2 2 2 10 2 2 2 10 2 2 2 2 2 10 2 10 2 2 2 2 8 10 2 2 2 2
left_child=2 -2 6 4 5 -4 7 16 9 10 14 12 -12 -14 18 26 -1 19 -9 21 28 -18 23 24 -23 -15 27 -10 -17 -8
right_child=1 -3 3 -5 -6 -7 29 8 15 -11 11 -13 13 25 -16 20 17 -19 -20 -21 -22 22 -24 -25 -26 -27 -28 -29 -30 -31
leaf_value=-0.014363942320302414 -0.073569268385591524 0.18600673840760309 -0.035479579272648637 0.1432450845099594 -0.14430929096171691 0.27012176119215242 0.00017676332122380323 -0.019104619972992138 0.004044002616057283 -0.15212858299833396 0.098505598177062351 0.16324347285425353 0.11246247369352014 -0.11598216786853381 -0.082923220426808733 0.044358549358610118 -0.00045972824164415527 -0.0094948689400372183 0.07312066031415787 0.12243151752715843 -0.035504744120817153 0.16825261158300528 -0.079823779014998444 0.025456667337488196 0.018105874203802708 0.0055548733808877771 -0.017119221142793722 0.087145865606489126 -0.071533081863742298 0.0095306417521911525
leaf_weight=2859.5768757435699 2.1060712447051619 5.5062514767796529 4.6784185029458767 4.6563566650729618 22.461895961008054 2.0606794001155322 24361.008018762855 60.824531242253215 2678.2140380250985 20.171387417329242 76.298705526749472 83.252569099626271 24.702332971362921 43.365302105185947 53.054231949150562 76.002671334709248 180.0948547383523 451.23037587991075 77.582602478563786 30.316582395949808 403.36620824105694 38.85094881626901 16.524050146785157 48.947395580289594 17.198416533829004 23.798076151088026 516.64117212057045 57.805094920027841 19.872514096532541 2632.5115229393014
leaf_count=125723 2040 526 531 265 3765 127 5926955 278 58834 877 14266 13364 1920 1510 289 31563 7635 17543 388 1356 77866 624 3113 1094 257 1409 36516 72009 7157 485700
internal_value=0.000128615 0.113987 0.000100503 -0.0559491 -0.0914037 0.080796 0.000156558 -0.00304745 0.00255601 0.0347215 0.0435554 0.0762657 0.0324954 -0.0227994 0.000428796 -0.00142197 -0.00953003 0.00811591 0.0327449 0.0320127 -0.0248565 0.0225498 0.0563756 0.0783611 0.123306 -0.0734681 0.00218147 0.00583093 0.0198467 0.00108931
internal_weight=34892.7 7.61232 34885.1 33.8574 29.201 6.7391 34851.2 7857.69 4214.95 463.05 442.878 251.417 168.164 91.8657 191.461 3751.9 3642.74 783.163 138.407 331.932 499.241 301.616 121.521 104.997 56.0494 67.1634 3252.66 2736.02 95.8752 26993.5
internal_count=6895500 2566 6892934 4688 4423 658 6888246 475591 318246 34301 33424 32469 19105 4839 955 283945 157345 31622 666 14079 116586 12723 5088 1975 881 2919 167359 130843 38720 6412655
is_linear=0
shrinkage=0.15


Tree=157
num_leaves=31
num_cat=0
split_feature=9 29 30 11 0 33 19 20 0 16 9 18 32 18 34 32 29 20 32 18 14 32 19 33 16 14 11 19 33 29
split_gain=6.25085 20.5627 21.9603 12.1465 9.0533 8.80742 10.6301 8.59836 8.9033 7.59295 8.45644 8.25322 8.8902 14.2207 11.8252 7.72685 7.17321 6.26848 6.2441 6.22162 15.0081 38.3961 21.2941 48.1535 43.4137 29.5909 20.1153 18.1507 18.464 18.0945
threshold=0.33877538144588476 0.26814900338649755 2.5000000000000004 0.21404216438531878 1.0000000180025095e-35 0.88303694128990184 435.50000000000006 168.50000000000003 1.0000000180025095e-35 0.0043384151067584762 0.30752912163734442 0.6842540204524995 0.62935569882392894 0.28698161244392401 0.77525508403778087 0.82804733514785778 0.5208868980407716 4.5000000000000009 0.47688487172126776 0.038077810779213912 8.5000000000000018 0.41538181900978094 507.50000000000006 0.48610039055347448 0.016392350196838382 70.500000000000014 0.22265427559614184 447.50000000000006 0.7245689630508424 0.78896147012710582
decision_type=8 2 2 10 2 2 2 2 2 2 8 2 2 2 2 2 2 2 2 2 8 2 2 2 2 8 10 2 2 2
left_child=1 2 7 5 9 6 -3 -1 -9 10 18 12 -11 -14 -15 -16 -7 -12 -4 20 -2 26 23 -23 27 29 -22 -25 -29 -26
right_child=19 3 4 -5 -6 16 -8 8 -10 11 17 -13 13 14 15 -17 -18 -19 -20 -21 21 22 -24 24 25 -27 -28 28 -30 -31
leaf_value=-0.06271827136540617 0.00099118704955446571 0.19312429590308308 0.25896060804633819 -0.039651731872193827 -0.038270862516021228 0.22611947840743474 0.019516652652365473 0.35640533634526217 -0.054191878571332577 0.03643372090501916 0.52913427971065308 -0.048211254431581564 -0.080895722021980601 0.069727807011990911 0.61128473539986683 0.048319753765164487 0.08477166394355988 -0.040896563019377899 -0.10055821857103024 0.0025415039080633997 -0.035687218746544118 -0.12344165115725189 -0.005687761320758382 0.30593001045193147 0.063132994303533238 -0.023662762357058723 0.019798323235602343 -0.074241167571605315 0.16446578147988719 0.0078567213017649452
leaf_weight=111.78415395820048 15253.292993977444 7.7550094961570712 0.82031002282383303 27.745939925596758 12.744395809105297 8.8320584273342302 88.718575479053925 1.3226650317424165 1.9736950962414994 12.004850668790828 1.5934019858414092 8.3442140374754654 1.9718743612320384 2.7093412547328626 2.2649217687467176 0.87961612534854783 68.226265750585299 0.35839746578858456 1.8026009374352723 11886.58910804183 1268.4480560867082 49.062425800628262 5065.8385645926228 13.606740180490304 304.07383842298077 246.23153077788447 165.62107690842322 9.278581946535267 26.314743122726213 237.13866112496908
leaf_count=197129 1845915 346 1578 826 10490 358 2608 2073 2254 7953 1552 7158 219 428 969 308 1505 505 1907 3392883 1149976 2100 151140 198 10180 8788 76039 398 381 17375
internal_value=-3.1437e-05 0.0195537 -0.020415 0.0513829 0.0668567 0.0660822 0.0353102 -0.0551942 0.155169 0.107689 0.270197 0.0729455 0.123792 0.23849 0.34218 0.503463 0.103662 0.446068 0.0523237 -0.000237264 -0.00169631 -0.00724609 -0.00193528 0.0195094 0.0280297 0.0193813 -0.0292698 0.163304 0.101911 0.0389722
internal_weight=34887.3 361.852 160.574 201.278 45.4939 173.532 96.4736 115.081 3.29636 32.7495 4.57471 28.1748 19.8306 7.82575 5.85388 3.14454 77.0583 1.9518 2.62291 34525.5 22638.9 7385.61 5951.55 885.707 836.644 787.444 1434.07 49.2001 35.5933 541.212
internal_count=6895539 240166 234523 5643 33067 4817 2954 201456 4327 22577 5542 17035 9877 1924 1705 1277 1863 2057 3485 6655373 3262490 1416575 190560 39420 37320 36343 1226015 977 779 27555
is_linear=0
shrinkage=0.15


Tree=158
num_leaves=31
num_cat=0
split_feature=9 16 32 9 16 13 31 24 34 17 13 34 34 29 25 23 9 22 22 13 32 16 16 9 0 31 30 9 8 32
split_gain=5.98014 12.4679 10.002 9.6224 17.2268 17.6379 10.9613 12.6563 12.435 10.8744 11.7197 11.651 10.9009 8.1701 7.61361 22.4622 22.9478 34.5526 25.342 23.3443 21.0236 27.1451 46.4366 46.5057 22.7423 42.1638 33.7352 22.0884 19.1629 19.0592
threshold=0.99999997019767772 0.015871291048824791 0.71926322579383861 0.89832758903503429 0.015385021921247246 2.5000000000000004 0.70714285969734203 0.87500000000000011 0.88115414977073681 16.500000000000004 2.5000000000000004 0.93969696760177623 0.97530490159988414 0.88513177633285534 1.0000000180025095e-35 2.5000000000000004 0.60334590077400219 2.5000000000000004 1.5000000000000002 10.500000000000002 0.64903101325035106 0.021759100258350376 0.014706237707287075 0.67154744267463695 1.0000000180025095e-35 0.26785714924335485 1.5000000000000002 0.73202604055404674 0.5911657214164735 0.26627783477306372
decision_type=10 2 2 10 2 8 2 2 2 2 10 2 2 2 2 2 8 2 2 10 2 2 2 8 2 2 2 10 10 2
left_child=3 -2 -3 14 5 -5 7 8 -6 12 -11 -12 -9 -4 15 -1 17 18 -17 -19 24 22 23 -22 25 29 -27 -24 -28 -16
right_child=1 2 13 4 6 -7 -8 9 -10 10 11 -13 -14 -15 20 16 -18 19 -20 -21 21 -23 27 -25 -26 26 28 -29 -30 -31
leaf_value=-0.00033261582716175291 -0.092384018259843617 -0.12873030902811433 -0.0079107839562637741 -0.10903143437075469 0.009070032557773151 -0.006822735932021754 0.0096958468598899571 0.014731993158658412 0.15934269217136454 0.081775038630472169 0.04714589219056587 -0.12228411319217784 -0.10401270037045018 0.11432421647056201 -0.070456192019818231 -0.063678231658349155 -0.055084683700466403 0.00049871624894275916 0.089171284579369514 -0.12225413694874501 0.050977102471690919 -0.01105972490818709 0.084059348695971994 -0.045915202050645428 0.0066430144644062479 0.19050772599042198 -0.028053377966680022 0.032189013002488241 0.05469406754386702 -0.20704652142346136
leaf_weight=27471.819710358464 41.39879329598989 14.179819600693007 621.52283850152162 46.508400929393247 19.406138256679696 190.35809136371427 1397.0385023445069 146.08053667962122 33.898028905081446 107.9037925262819 24.000637584289507 13.406546622481981 18.727949288893797 11.553386527568362 82.059910655765634 30.573991592544189 342.89277944446667 86.682245504154707 109.0910003923409 57.294363671715928 170.04931411372672 605.41971166509575 234.89185545652799 319.05324186182406 1231.2953129076304 17.158069738128688 481.81555545043375 865.49432250892278 71.472389568414656 32.027911245488212
leaf_count=6255065 522 1036 20338 499 332 2121 92355 22526 671 6168 858 398 2415 22416 5530 9883 187264 1291 8604 4400 1837 126580 6954 2871 63002 897 7953 23020 16177 758
internal_value=0.000256384 -0.0135728 -0.00839728 0.000535187 0.0106354 -0.0272653 0.0157474 0.0389197 0.105808 0.0271196 0.0568829 -0.0151798 0.000692559 -0.00550326 -9.14484e-05 -0.000973607 -0.029034 0.00254138 0.0554963 -0.0488561 0.00593719 0.015956 0.0262465 -0.0121928 -0.00554342 -0.0274413 -0.0107124 0.0433277 -0.0172849 -0.110267
internal_weight=34895.1 688.655 647.256 34206.4 1997.33 236.866 1760.46 363.424 53.3042 310.119 145.311 37.4072 164.808 633.076 32209.1 28098.4 626.534 283.642 139.665 143.977 4110.74 2194.91 1589.49 489.103 1915.83 684.534 570.446 1100.39 553.288 114.088
internal_count=6894741 44312 43790 6850429 128343 2620 125723 33368 1003 32365 7424 1256 24941 42754 6722086 6466507 211442 24178 18487 5691 255579 161262 34682 4708 94317 31315 25027 29974 24130 6288
is_linear=0
shrinkage=0.15


Tree=159
num_leaves=31
num_cat=0
split_feature=19 20 33 27 20 20 20 33 16 12 33 33 33 14 8 12 8 13 34 14 29 13 28 20 29 10 33 25 33 19
split_gain=6.55208 13.3097 11.0826 13.0298 13.5041 11.7754 19.7986 14.973 12.628 11.7033 11.5153 17.6869 10.6208 9.84569 9.33223 12.6409 21.1111 21.0551 33.3076 24.8502 20.078 19.4403 17.6586 16.2638 15.6081 14.098 13.6629 13.0209 23.5791 22.9987
threshold=482.50000000000006 27.500000000000004 0.23861283808946612 1.0000000180025095e-35 144.50000000000003 161.50000000000003 240.50000000000003 0.3483316451311112 0.015385021921247246 31.500000000000004 0.78319624066352855 0.88047617673873912 0.31866537034511572 5.5000000000000009 0.56632471084594738 19.500000000000004 0.85574862360954296 19.500000000000004 0.59549137949943554 70.500000000000014 0.80346640944480907 4.5000000000000009 0.64583334326744091 45.500000000000007 0.57603889703750621 0.46267129480838781 0.18274582922458651 1.0000000180025095e-35 0.57735043764114391 449.50000000000006
decision_type=2 2 2 2 2 2 2 2 2 8 2 2 2 10 8 10 8 8 2 8 2 10 2 2 2 8 2 2 2 2
left_child=14 -2 -3 5 13 12 7 -7 -9 -6 -8 -12 -4 -5 -1 16 17 20 19 -19 22 24 -16 26 25 -17 -18 -25 29 -29
right_child=1 2 3 4 9 6 10 8 -10 -11 11 -13 -14 -15 15 21 23 18 -20 -21 -22 -23 -24 27 -26 -27 -28 28 -30 -31
leaf_value=-0.048790162794916735 0.00076671709268487983 -0.15780383869775558 0.2496627950319307 -0.010074803446113603 -0.12971756153005923 -0.086689626303880329 -0.07626285783581925 0.26204482811878466 0.087362683773480887 -0.0067044593630308192 0.20517630796974895 -0.069511828994263808 0.011832467627673197 0.066772266681909651 -0.035882480938488746 -0.10952499122058178 -0.10663466409214437 -0.034530347808861078 -0.10946962841180985 0.12248300411492313 -0.039641250980320078 0.056690866863740023 0.075311840430478283 -0.023468643736473414 -0.00029784261053311347 0.10116744906019776 0.0034991261349017794 -0.098488331450184041 0.030896229339659208 0.049064022036781875
leaf_weight=101.26619435629345 26719.614820723487 6.2510042055980639 3.4546964343535356 59.138427686360615 19.918156604680689 4.1707384333208202 15.477552395840119 24.50965706200077 16.909881110535935 104.2655169329073 11.533191896820428 8.4261200509736209 84.767663354318756 100.47867262454918 46.203158630982216 7.3397797109685134 24.531675721792453 294.30785666637371 143.5799916783277 23.590575890028504 133.57839133426387 167.09744082747784 100.96246028381938 1186.1252702277461 1446.350964625289 55.769526666799266 3466.1399949091583 73.108713888206694 281.91876515749755 34.251169357299659
leaf_count=52852 5104576 2033 524 22975 37207 1378 4006 3850 329 23865 687 725 13350 27461 1821 10506 4265 22752 170634 889 6377 5394 3937 457286 281304 52861 554613 2626 21866 1119
internal_value=0.000114462 0.00120242 0.0264922 0.029377 0.00965895 0.0621896 0.103146 0.16744 0.19447 -0.0273135 0.0181042 0.0914289 0.0238395 0.0384148 -0.00378301 -0.00316765 -0.00647942 -0.0300878 -0.0497586 -0.0225312 0.00230833 0.00830274 0.0403954 -0.00301534 0.00291218 0.0753372 0.00269481 -0.0156612 0.00812713 -0.0513961
internal_weight=34765 27178.9 459.301 453.05 283.801 169.25 81.0271 45.5903 41.4195 124.184 35.4369 19.9593 88.2224 159.617 7586.12 7484.86 5808.3 742.222 461.478 317.898 280.744 1676.56 147.166 5066.08 1509.46 63.1093 3490.67 1575.4 389.279 107.36
internal_count=6894068 5242966 138390 136357 111508 24849 10975 5557 4179 61072 5418 1412 13874 50436 1651102 1598250 1248185 206410 194275 23641 12135 350065 5758 1041775 344671 63367 558878 482897 25611 3745
is_linear=0
shrinkage=0.15


Tree=160
num_leaves=31
num_cat=0
split_feature=9 19 20 13 16 18 16 8 20 33 33 33 9 28 29 8 15 33 33 28 13 13 17 18 8 10 33 27 29 29
split_gain=8.5797 6.14014 11.61 14.0382 12.8726 12.917 21.7949 14.627 11.8961 11.0941 11.0621 10.6322 35.1794 21.9349 51.438 28.9249 22.7372 18.8697 19.7314 34.2076 17.4226 17.3731 17.3381 29.8675 19.3982 33.0167 22.2978 17.3439 17.1785 16.3758
threshold=0.26392841339111334 463.50000000000006 14.500000000000002 4.5000000000000009 0.0038684863829985265 0.49561017751693731 0.010204589460045101 0.96780294179916393 152.50000000000003 0.45049019157886511 0.53681120276451122 0.4803846031427384 0.99999997019767772 0.46428571641445165 0.24567271769046786 0.62541618943214428 58.500000000000007 0.49615384638309484 0.96225070953369152 0.30952382087707525 4.5000000000000009 80.500000000000014 25.500000000000004 0.38031837344169622 0.61015334725379955 0.29314705729484564 0.80707195401191723 1.5000000000000002 0.69784191250801098 0.27695579826831823
decision_type=8 2 2 10 2 2 2 8 2 2 2 2 8 2 2 10 8 2 2 2 8 8 2 2 10 10 2 2 2 2
left_child=-1 -2 11 4 -4 6 7 -6 -5 -10 -9 12 -3 15 21 16 -13 -18 -19 -20 -17 -15 29 -24 25 26 -25 -27 -29 -16
right_child=1 2 3 8 5 -7 -8 10 9 -11 -12 13 -14 14 22 20 17 18 19 -21 -22 -23 23 24 -26 27 -28 28 -30 -31
leaf_value=-0.060828685520442273 -0.0046136013292141266 0.020805382877978989 0.21652276845317198 0.022653899035175479 -0.029641363149683114 -0.050877519871467422 0.004676052004513871 -0.044400648862480789 -0.029762085967086176 0.10778696576849527 0.21212946038904046 -0.063761040855368475 -0.029662249617993439 0.17021632129524639 0.16181005151511857 0.0058376226166629245 -0.091444514978417837 -0.0053600609208871953 -0.058308376910800708 0.060593569397089216 0.093717702906279343 -0.11521810317997568 0.028220191171839132 -0.04762433032764872 -0.079243214125500214 0.094687702020818457 0.070333925595686644 -0.091962888802910828 0.010838713722038098 -4.1346208493862027e-05
leaf_weight=51.247835620768001 5464.9263920021767 1577.6455895576662 5.4804417648144854 213.35323996143279 10.553832694282617 85.415303772735797 805.9079988609833 4.0974308108745872 15.257161847445103 81.48408617104792 23.783842594708858 172.93375073384959 386.02132229979475 50.79257830829124 13.076263900882621 108.28566399516421 60.371040716451716 5286.4523373268667 343.59887194226059 63.811715136558348 94.783801658006269 4.596924824482584 1228.8909091603675 46.854740261937366 88.060384702126953 16.966464353856907 147.32988029881722 118.72562948399218 52.379632797365048 18175.534755923076
leaf_count=52199 1194995 172409 2507 41563 4757 37228 208416 1122 6307 12351 2874 288524 440652 990 901 4743 22034 1361601 67083 20363 124224 6430 295965 55378 48225 15910 58971 175536 12363 2161849
internal_value=-8.97777e-05 1.55225e-06 0.000862998 0.015029 0.0058407 0.00436755 0.0100098 0.118894 0.0426327 0.0860114 0.174198 0.00023327 0.0108743 -0.000568524 0.00184367 -0.00841503 -0.0103251 -0.00870841 -0.00781527 -0.0395823 0.0471144 0.144904 0.00143797 0.0159236 -0.016198 -0.00150545 0.0417736 -0.0461758 -0.0606126 8.39023e-05
internal_weight=34798.6 34747.4 29282.4 1245.33 935.239 929.758 844.343 38.4351 310.094 96.7412 27.8813 28037.1 1963.67 26073.4 19943.2 6130.24 5927.17 5754.23 5693.86 407.411 203.069 55.3895 19887.8 1699.21 470.317 382.256 194.185 188.072 171.105 18188.6
internal_count=6898470 6846271 5651276 317125 256904 254397 217169 8753 60221 18658 3996 5334151 613061 4721090 2832518 1888572 1759605 1471081 1449047 87446 128967 7420 2825098 662348 366383 318158 114349 203809 187899 2162750
is_linear=0
shrinkage=0.15


Tree=161
num_leaves=31
num_cat=0
split_feature=13 29 34 31 32 11 30 0 34 31 11 31 32 22 24 10 0 27 34 9 14 32 32 32 33 9 16 11 27 18
split_gain=5.70752 14.9606 6.20599 5.05011 75.4173 23.9848 18.9704 29.3495 49.872 97.0678 28.3871 25.9581 25.6998 40.2108 34.9722 27.6032 24.4134 42.1332 19.9055 19.9664 19.0048 18.8914 30.0165 17.7432 17.5461 17.4151 16.6236 16.7626 20.5038 16.2085
threshold=95.500000000000014 0.28471513092517858 0.91751700639724743 0.5634920895099641 0.56181430816650402 0.16574510186910632 2.5000000000000004 1.0000000180025095e-35 0.69069263339042675 0.26785714924335485 0.16398885846138003 0.47222222387790685 0.51238420605659496 1.5000000000000002 1.0000000180025095e-35 0.27156773209571844 1.0000000180025095e-35 1.5000000000000002 0.89769753813743602 0.86956918239593517 7.5000000000000009 0.26942862570285803 0.12514468282461169 0.41249953210353857 0.6195238232612611 0.71312379837036144 0.011363820172846319 0.15795601904392245 3.5000000000000004 0.010838010814040901
decision_type=10 2 2 2 2 10 2 2 2 2 8 2 2 2 2 10 2 2 2 8 8 2 2 2 2 8 2 8 2 2
left_child=3 -2 -3 6 5 -5 7 8 10 21 -1 -12 13 -11 -15 -14 17 23 29 24 -16 22 -10 -8 -20 -25 -6 28 -28 -9
right_child=1 2 -4 4 26 -7 16 18 9 12 11 -13 15 14 20 -17 -18 -19 19 -21 -22 -23 -24 25 -26 -27 27 -29 -30 -31
leaf_value=-0.028547358471848222 -0.12416436082719692 0.060234217995457071 -0.082908476586442278 -0.08330107926314885 0.024957688141788979 0.035756275343049551 0.26933028672354287 -0.0052125669593771559 -0.15470876547118867 -0.057507359056977549 0.0051721409923176608 -0.076654053547354814 -0.018392173590595251 -0.061514496006456879 -0.0048774641759413854 0.058963577929576558 -0.00015552636377393625 0.0086558701550709521 0.044434263850870612 0.044924113285891715 0.093841794068642362 -0.18350697198495078 -0.040757562148525543 0.075497856947043362 0.0034861891273603959 0.27513617966634973 0.031118728608759437 -0.0022536600667478297 -0.031973606953296575 0.0083053784074648071
leaf_weight=702.5281751961071 27.945032009780789 24.783066482460981 8.3092903529741289 320.1049479649264 569.93277980059611 42.628048116726859 12.297195700536575 3499.9317284831395 90.21438081637848 441.67742942415089 4789.6516417878629 87.850791258751087 225.18732091956917 87.140716333275122 73.869574157539319 190.96997679770357 516.85331673019937 267.42563955505648 284.79825905707207 501.58853188269268 106.72953845790289 63.126564333957049 123.38828891281696 171.258795011242 1337.6704682096417 9.6421762474492407 658.6622752622643 14712.671863231822 139.74410243527927 4641.0878923560531
leaf_count=45859 62199 799 335 65423 167055 1809 4764 261226 1761439 126991 574565 21128 55689 25638 2429 8672 41814 10917 71173 657347 4103 69191 161041 25735 141197 267 29663 534546 7257 1955304
internal_value=0.000117535 -0.0453394 0.0229143 0.000198872 -0.001707 -0.0692497 0.00191848 0.000765778 -0.00673624 -0.0320135 -0.00037927 0.00368292 -0.0124054 -0.0297498 0.0160841 0.0171618 0.0222361 0.0473069 0.00586883 0.0187969 0.0536586 -0.111436 -0.0893811 0.100488 0.0106969 0.0875928 -0.00017925 -0.00110442 0.0200496 0.00249391
internal_weight=34729.7 61.0374 33.0924 34668.6 16443.7 362.733 18224.9 17247.4 6982.33 1402.3 5580.03 4877.5 1125.57 709.417 267.74 416.157 977.477 460.624 10265.1 2124.06 180.599 276.729 213.603 193.198 1622.47 180.901 16081 15511.1 798.406 8141.02
internal_count=6895575 63333 1134 6832242 805753 67232 6026489 5942992 2856745 2215193 641552 595693 223522 159161 32170 64361 83497 41683 3086247 869717 6532 1991671 1922480 30766 212370 26002 738521 571466 36920 2216530
is_linear=0
shrinkage=0.15


Tree=162
num_leaves=31
num_cat=0
split_feature=15 11 13 19 11 10 32 8 11 10 15 35 19 18 28 16 10 11 19 32 16 20 12 18 32 16 32 8 16 16
split_gain=5.89948 19.0894 18.1625 17.151 16.1077 15.0424 14.9453 14.2951 13.0729 17.2272 12.9378 19.4195 13.7861 21.5081 11.7897 11.7626 11.7234 11.677 11.1995 11.0054 10.9694 10.52 9.5095 14.7608 14.0194 11.9015 28.0245 13.3054 13.0441 9.48745
threshold=8.5000000000000018 0.24732527136802676 3.5000000000000004 549.50000000000011 0.28948731720447546 0.6175350844860078 0.64096951484680187 0.56028139591217052 0.173367515206337 0.31906297802925115 4.5000000000000009 1.0000000180025095e-35 591.50000000000011 0.0080353566445410269 0.77500000596046459 0.032623577862977989 0.34315130114555364 0.28948731720447546 663.50000000000011 0.70179614424705516 0.029631881043314937 1.5000000000000002 2.5000000000000004 0.0087495455518364924 0.75433754920959484 0.046946426853537566 0.1507307514548302 0.97994947433471691 0.0647847354412079 0.063500139862298979
decision_type=8 10 10 2 10 8 2 10 10 10 8 2 2 2 2 2 10 10 2 2 2 2 8 2 2 2 2 10 2 2
left_child=1 5 3 6 -2 8 17 -7 -1 -10 15 19 21 -14 -6 -5 18 -3 -17 -12 -19 -13 25 24 -24 26 -18 28 -27 -4
right_child=4 2 29 10 14 7 -8 -9 9 -11 11 12 13 -15 -16 16 22 20 -20 -21 -22 -23 23 -25 -26 27 -28 -29 -30 -31
leaf_value=-0.03060232066493658 0.00052129416683427019 0.013116149606276465 -0.014109347233733747 0.11826369821498015 -0.12694582045655997 -0.09362366480723075 0.0040693612260671013 -0.027088591379343146 -0.081038930749200974 0.050773248055637279 0.068208016390421247 -0.080062938604669162 -0.23079269112237186 -0.051002931442904922 -0.018567229248520258 -0.043368444364182614 -0.13251582560699365 0.21021115631385828 -0.28554586458439707 -0.024754210093629988 0.0664053053343924 0.047704848097489344 0.090869634776057112 -0.01759735548848284 0.009009135762443176 0.00039960680078908836 0.15260375360670145 0.040293789288782779 -0.074374854329462087 -0.072149811989285231
leaf_weight=132.09059061341304 31294.780637088203 99.559621539237355 513.89638726878184 19.974547021549938 36.37442123558003 80.807701816503595 239.43934067125701 670.33927922802377 25.217548119800256 151.26622835546209 45.438585267413487 29.60683838686964 24.038044809567509 39.168119402558659 58.124854983806927 26.179844324787158 37.090975920834808 12.128986492675834 4.2739015854963318 73.909495618292567 175.15205007375175 26.637095154641429 104.72879104076969 95.939434143278731 85.28393549300381 326.48078628649546 8.8483867899922171 154.47476498208948 61.545662508429814 71.436146112064307
leaf_count=36111 6565362 13194 13804 12184 3432 54079 12806 48457 18203 17072 23995 374 145 444 5168 2818 2363 3954 407 3607 10488 230 4696 10589 3756 11372 233 11038 2100 4000
internal_value=-0.000303758 -0.00630107 0.00144589 0.00933367 0.000333606 -0.0229195 0.0317757 -0.0343613 0.00495367 0.0315883 -0.000834942 -0.0318859 -0.0743822 -0.121909 -0.0611765 0.00720851 0.00462911 0.054809 -0.0853535 0.0109113 0.0767857 -0.0197759 0.00785699 0.0302455 0.0543675 -0.00305552 -0.0755178 0.00320828 -0.0116212 -0.0213038
internal_weight=34724.2 3334.95 2275.23 1689.9 31389.3 1059.72 526.28 751.147 308.574 176.484 1163.62 238.798 119.45 63.2062 94.4993 924.821 904.846 286.841 30.4537 119.348 187.281 56.2439 874.393 285.952 190.013 588.441 45.9394 542.501 388.026 585.333
internal_count=6896481 322519 148597 130793 6573962 173922 40442 102536 71386 35275 90351 28795 1193 589 8600 61556 49372 27636 3225 27602 14442 604 46147 19041 8452 27106 2596 24510 13472 17804
is_linear=0
shrinkage=0.15


Tree=163
num_leaves=31
num_cat=0
split_feature=33 32 20 31 18 9 10 20 22 8 18 31 16 20 18 33 37 33 13 26 28 27 28 20 34 20 29 33 29 28
split_gain=7.13673 23.61 14.7209 12.1545 13.6234 12.7947 18.1009 15.8378 15.4906 12.8645 10.8457 13.2563 11.5533 10.818 7.91459 7.38704 7.32573 17.7565 39.8528 24.5412 22.3665 36.1954 37.5873 25.4764 19.4786 17.7412 16.141 21.9672 21.3175 21.3241
threshold=0.30839161574840551 0.72389507293701183 3.5000000000000004 0.58571431040763866 0.058012558147311218 0.58969038724899303 0.5686793625354768 4.5000000000000009 1.5000000000000002 0.51637330651283275 0.02175391931086779 0.61250001192092907 0.020457035861909393 11.500000000000002 0.70879739522933971 0.23861283808946612 1.0000000180025095e-35 0.97999200224876415 4.5000000000000009 1.0000000180025095e-35 0.64583334326744091 1.5000000000000002 0.46428571641445165 1.5000000000000002 0.71834936738014232 33.500000000000007 0.68669313192367565 0.78153410553932201 0.25953215360641485 0.26785714924335485
decision_type=2 2 2 2 2 10 10 2 2 10 2 2 2 2 2 2 2 2 10 2 2 2 2 2 2 2 2 2 2 2
left_child=1 3 10 4 13 6 8 -7 -6 -8 12 -12 -3 -1 -10 -5 -2 25 19 20 21 22 -19 -22 -25 26 28 -28 29 -18
right_child=16 2 -4 15 5 7 9 -9 14 -11 11 -13 -14 -15 -16 -17 17 18 -20 -21 23 -23 -24 24 -26 -27 27 -29 -30 -31
leaf_value=-0.068235493676035805 -0.00093366237994826863 -0.043840823821456008 -0.015753893469708992 -0.11416879594565259 -0.068390274934688883 0.15117944647446344 0.26364833029133938 -0.049659194921863742 0.024537462370379688 -0.073997380924320899 0.22065591719346708 0.060745414293972948 0.12972191040983835 0.23368241952287652 0.21938292848567284 -0.025410554681470753 -0.004806462847270228 -0.081744076471392493 0.10647295158724063 0.089305181044389018 0.075258778106007229 -0.15064477115101876 0.093569418647601432 -0.075519547591307468 0.085200306970547909 -0.06735509821734588 0.03676007582113934 -0.063568629450734243 0.034636960969821398 -0.17434264298293481
leaf_weight=59.82672220506015 32327.775323022543 39.961553651839495 81.697828485914215 35.984223374805879 59.831156156068232 30.827834537289164 8.0686261679275031 11.662650920339727 33.748543513817935 3.0136446721617167 11.493722097715361 229.34514042129013 9.9352808857584005 1.8295024367416761 4.5175938307629613 50.90772885950355 395.89857764667204 57.071575663864678 122.31048853244647 71.204619286465459 108.99292914896068 51.246989204560123 51.296640131251479 63.564912612027911 22.094298279131181 83.771098420990029 71.019707005623104 154.31322538793347 473.51679937202152 16.431096747854554
leaf_count=66598 6511191 511 3088 5623 73116 1149 731 773 16598 277 194 5618 1026 249 8399 6807 82283 1947 7357 19975 4166 1246 1863 1185 2993 12526 5198 6475 43363 3274
internal_value=-0.000120583 0.0151682 0.040353 -0.016105 0.00322096 0.0273772 -2.92574e-05 0.0961796 -0.0211626 0.173306 0.0561192 0.0692578 -0.00741191 -0.0556902 0.0525416 -0.0630484 -0.000422864 0.00904758 0.0313836 0.00959859 -0.00662801 -0.0480924 0.00133822 0.0274449 -0.0335599 -0.00120925 0.00383352 -0.0319246 0.0129551 -0.0119678
internal_weight=34743.2 672.652 372.434 300.218 213.326 151.67 109.18 42.4905 98.0973 11.0823 290.736 240.839 49.8968 61.6562 38.2661 86.892 34070.5 1742.73 547.782 425.472 354.267 159.615 108.368 194.652 85.6592 1194.95 1111.18 225.333 885.846 412.33
internal_count=6895799 190757 10437 180320 167890 101043 99121 1922 98113 1008 7349 5812 1537 66847 24997 12430 6705042 193851 40732 33375 13400 5056 3810 8344 4178 153119 140593 11673 128920 85557
is_linear=0
shrinkage=0.15


Tree=164
num_leaves=31
num_cat=0
split_feature=19 13 33 11 12 27 26 9 23 32 17 12 20 31 16 8 11 8 28 18 16 32 14 16 28 27 33 32 8 13
split_gain=6.69625 17.9159 6.57283 6.38104 5.45592 27.2483 24.0098 23.06 17.4718 21.8086 17.0998 13.5819 18.7526 14.1859 19.2057 16.4794 15.7028 17.214 14.1705 13.8433 13.6288 12.962 21.6642 12.7747 11.6192 56.4841 61.1458 23.746 29.5717 27.814
threshold=723.50000000000011 23.500000000000004 0.43534001708030706 0.32280460000038153 2.5000000000000004 1.0000000180025095e-35 1.0000000180025095e-35 0.6212705969810487 1.0000000180025095e-35 0.14872968941926959 106.50000000000001 3.5000000000000004 5.5000000000000009 0.29285715520381933 0.031010092236101631 0.74355736374855053 0.15840727835893634 0.92473673820495617 0.93750000000000011 0.013305877335369589 0.034911638125777252 0.35160498321056372 1.0000000180025095e-35 0.024423817172646526 0.58571431040763866 2.5000000000000004 0.87939393520355236 0.42891606688499456 0.6176295578479768 15.500000000000002
decision_type=2 8 2 10 10 2 2 8 2 2 2 8 2 2 2 10 8 10 2 2 2 2 10 2 2 2 2 2 10 8
left_child=4 2 -2 -3 -1 6 7 -6 9 -9 -11 12 13 14 15 19 -16 -18 -19 -7 23 -10 -23 -15 25 26 27 -13 -29 -30
right_child=1 3 -4 -5 5 11 -8 8 21 10 -12 24 -14 20 16 -17 17 18 -20 -21 -22 22 -24 -25 -26 -27 -28 28 29 -31
leaf_value=-0.0016363043125786215 0.058370375649918045 0.064678142156965768 -0.0067638083456074997 -0.015777446836865872 0.11862525304784921 0.0065646931332077971 0.15110331520432962 -0.025556876948073948 -0.139627681000832 0.0197712632912561 0.36862108182199588 -0.0056498932608209729 -0.035872587692870078 0.13830674936144488 -0.016623038499137998 -0.018620785736664772 0.079863950876115433 -0.0072500547413719089 0.054737219123241317 0.1382296514717708 0.0097475728847761373 0.050240739083681624 -0.18471037961089751 -0.051415457813574456 0.0014425284550220385 -0.18467043007343267 -0.03902723497380093 0.0027617833856072049 0.05031356071539566 0.1770412454562679
leaf_weight=20480.715269831322 37.158625296568971 164.25171240673626 402.19403749563844 25.216944164776578 42.773972625291208 43.376339322268223 46.422058452706551 17.647499924434218 23.921883026425803 5.4747079659864522 6.8890901443228358 596.79160308278415 175.60265695732051 7.5564826657446238 87.957032021457053 265.26821225277297 262.32811923965903 143.18267443137279 195.65613942432174 29.800441399588635 1207.2612632726596 36.23853432960459 10.575820106838362 129.39344665894168 8901.997970212462 40.379613843015704 809.00053740183921 269.7387509480759 219.59453914464393 46.818681496602949
leaf_count=2936102 918 103915 15091 1222 801 20331 10117 6307 57157 785 145 1238664 57189 414 6989 57896 24096 10637 9756 24896 46075 1105 66 3659 1865355 15496 360002 10325 8188 2030
internal_value=0.000194013 0.0155199 -0.00113499 0.0539435 -8.90306e-05 0.00223731 0.0585031 0.0277132 -0.0116714 0.0825353 0.227188 0.00143733 0.0112947 0.0148005 0.0280599 -0.00120571 0.0424138 0.0510647 0.0285991 0.0613245 0.00465116 -0.052234 -0.00559001 -0.0400205 -0.000870512 -0.0112531 -0.00755402 0.0149346 0.0378152 0.0731631
internal_weight=34731.2 628.821 439.353 189.469 34102.4 13621.6 189.944 143.522 100.748 30.0113 12.3638 13431.7 2547.38 2371.78 1027.57 338.445 689.124 601.167 338.839 73.1768 1344.21 70.7362 46.8144 136.95 10884.3 1982.32 1941.94 1132.94 536.152 266.413
internal_count=6895729 121146 16009 105137 6774583 3838481 76483 66366 65565 7237 930 3761998 261938 204749 154601 103123 51478 44489 20393 45227 50148 58328 1171 4073 3500060 1634705 1619209 1259207 20543 10218
is_linear=0
shrinkage=0.15


Tree=165
num_leaves=31
num_cat=0
split_feature=28 29 27 10 27 33 10 29 8 33 24 37 32 20 28 29 19 10 10 32 9 8 11 29 8 29 8 29 33 29
split_gain=6.46722 66.1657 66.1449 72.6863 45.8049 77.5732 44.5477 29.3726 29.5192 28.6129 29.7525 28.1931 25.3281 24.7254 21.99 26.5935 30.5741 21.6297 26.2733 21.0655 24.4289 23.7515 22.8221 24.6968 31.7069 26.4154 63.8616 20.7364 20.2692 24.4751
threshold=0.58571431040763866 0.62037134170532238 2.5000000000000004 0.46267129480838781 1.5000000000000002 0.55646631121635448 0.36208845674991613 0.50355792045593273 0.44551387429237371 0.63733074069023143 0.36666667461395269 1.0000000180025095e-35 0.2966273725032807 42.500000000000007 0.46428571641445165 0.51531562209129345 572.50000000000011 0.88918977975845348 0.76466295123100292 0.27558231353759771 0.21180243790149691 0.44210954010486608 0.1805369630455971 0.47226689755916601 0.63125470280647289 0.43276779353618627 0.52065590023994457 0.45649690926074987 0.9740215837955476 0.5439659357070924
decision_type=2 2 2 10 2 2 10 2 10 2 2 2 2 2 2 2 2 10 8 2 10 8 10 2 10 2 10 2 2 2
left_child=1 2 3 4 6 -6 19 8 -2 13 17 -7 -8 -3 -5 16 -16 18 -11 -1 21 -21 23 25 -25 -22 -27 -28 -13 -30
right_child=7 9 -4 14 5 11 12 -9 -10 10 -12 28 -14 -15 15 -17 -18 -19 -20 20 22 -23 -24 24 -26 26 27 -29 29 -31
leaf_value=-0.027187574017365147 -0.14634461765603768 -0.013656540919805745 -0.18219369099910304 -0.012796401921160929 0.1620172907562055 -0.081210884566925948 0.0076386528858044299 0.00187288490767109 -0.013499671574854287 -0.054876767668102941 0.064900805605979092 0.036316282081609599 0.11007605915961829 0.17364322363045259 0.16398894169540432 0.039185527176220231 0.020747185530273059 0.13073676893022756 -0.13004336281476792 0.33463303325378618 -0.00034949050608043775 0.056225161688938 -0.071224211044875793 0.017644238513417815 0.1317193708934864 0.021496130901127411 -0.2097756813516633 -0.029330171564805683 0.01703480831174933 -0.20541468092804915
leaf_weight=685.06199724969701 58.4239868178812 216.22246609673311 43.72519353361713 128.83224417995882 37.122768944038171 374.98762945303201 95.336978658968292 21410.190239615433 103.27554446952479 380.98268824108482 37.847053824989416 95.839345297824821 125.68680165045589 16.106950632698954 91.117837900608492 536.97027143513014 53.22010497228996 10.784897231465946 145.029562288737 6.8693912993621771 9312.2753290435394 61.881874912003695 101.00966058178892 319.30432805707824 65.297939563155524 95.429504337254912 54.752057562378468 19.772520837024786 23.794342924415105 19.677961347380915
leaf_count=1527151 45892 43048 19673 97283 67818 465454 202445 2792546 79951 52342 4188 7861 4120 1876 70460 181819 35313 448 15302 1415 1143542 13273 3883 11602 1876 3162 618 297 773 354
internal_value=-0.000208026 -0.00282921 -0.00010808 0.000553746 -0.00250859 -0.0446508 -0.000381081 0.00139048 -0.0621026 -0.0444151 -0.0623479 -0.0598538 0.0661239 1.7137e-05 0.0439511 0.0546848 0.111679 -0.0714236 -0.0758088 -0.0017581 -1.98389e-05 0.0884414 -0.000638794 9.09543e-05 0.0373033 -0.00142217 -0.0598513 -0.162923 -0.00219757 -0.0860129
internal_weight=34726.8 13154.9 12348 12304.2 11494.1 551.422 10942.7 21571.9 161.7 806.974 574.644 514.299 221.024 232.329 810.14 681.308 144.338 536.797 526.012 10721.7 10036.6 68.7513 9967.84 9866.83 384.602 9482.23 169.954 74.5246 139.312 43.4723
internal_count=6895785 3977396 3860192 3840519 3455644 542260 2913384 2918389 125843 117204 72280 474442 206565 44924 384875 287592 105773 68092 67644 2706819 1179668 14688 1164980 1161097 13478 1147619 4077 915 8988 1127
is_linear=0
shrinkage=0.15


Tree=166
num_leaves=31
num_cat=0
split_feature=31 32 30 0 28 22 24 9 29 35 32 31 32 0 27 33 11 11 24 0 23 9 29 18 17 22 19 24 32 31
split_gain=5.9097 79.782 20.7562 27.7451 38.8874 37.1575 29.5951 25.4793 31.1229 29.993 68.6434 23.7645 32.0628 23.5226 32.7359 22.8426 21.0955 18.5069 17.3694 17.1504 27.0654 37.3728 21.3173 16.8978 19.6828 16.6936 16.6234 21.3496 40.6825 28.25
threshold=0.5634920895099641 0.56181430816650402 2.5000000000000004 1.0000000180025095e-35 0.30952382087707525 1.5000000000000002 0.22500000149011615 0.43420611321926122 0.68669313192367565 1.0000000180025095e-35 0.076463382691144957 0.26785714924335485 0.31679616868495947 1.0000000180025095e-35 1.5000000000000002 0.81909090280532848 0.16895345598459247 0.17857791483402255 0.22500000149011615 1.0000000180025095e-35 1.0000000180025095e-35 0.77382215857505809 0.37685450911521917 0.042709097266197212 75.500000000000014 1.5000000000000002 619.50000000000011 0.18333333730697635 0.41249953210353857 0.38750000298023229
decision_type=2 2 2 2 2 2 2 10 2 2 2 2 2 2 2 2 8 10 2 2 2 8 2 2 2 2 2 2 2 2
left_child=2 17 3 4 5 -1 -7 9 -9 10 -6 -8 15 14 -4 -13 -11 18 -2 -3 21 25 -23 -5 -25 -21 27 28 29 -12
right_child=1 19 13 23 7 6 11 8 -10 16 26 12 -14 -15 -16 -17 -18 -19 -20 20 -22 22 -24 24 -26 -27 -28 -29 -30 -31
leaf_value=-0.066532513970209248 -0.12020977625513041 0.0039020671697617285 0.093513913151017966 0.0019209821214606303 -0.15761744233466662 -0.089601453914129076 -0.087669322660591811 -0.011873069866431831 0.090883403467281715 -0.022710073142347815 -0.032084875639619613 0.47629874980355091 0.040573202126705468 0.0013873355542413242 0.01306433792386999 0.056263233972362159 0.0036975996116178599 0.033998047089147429 -0.049673903695677347 0.084736800641434601 -0.0087712810730804034 -0.045182714843581842 0.085830951821137258 0.029666716554401874 0.005911482610773058 -0.053136785548924363 0.038544574127388098 0.017685773820522135 0.0026401273066094014 -0.14001233575242256
leaf_weight=432.03798674867221 150.07928692804308 9849.3008543572669 200.99177121945831 6950.7615207534282 85.57668690879359 52.243811194737191 27.520617537798898 124.0420807238861 141.0115612396894 802.90113864970044 104.62401851103459 5.8758291776321112 135.46236982410119 506.65054920580587 261.54971118361209 5.5803542576759355 4437.7251113749517 32.9849862414776 168.74921048219767 205.04588819960554 5812.1728785841551 144.23156122720684 33.636759092190914 1262.3782108544883 2073.4040070504925 21.184576316514722 105.47537046161801 180.26072202356136 216.0955437001976 114.82114800258205
leaf_count=544927 62798 470266 32520 1558024 1789933 162872 7618 9483 10886 10834 184518 409 4011 42888 10830 215 89025 1360 6067 8350 261059 1554 4949 223336 1333112 1023 36132 5374 10444 11147
internal_value=0.000523339 -0.00154087 0.00238259 0.00118238 -0.00612296 -0.0407753 0.00839233 -0.00250106 0.0429307 -0.00449905 -0.0314022 0.0380845 0.062074 0.0237307 0.048149 0.29264 -0.000351804 -0.0721001 -0.0831487 8.67418e-06 -0.0061598 0.0313301 -0.0200653 0.00613337 0.0149075 0.0716491 -0.0162298 -0.0256589 -0.0435977 -0.0889351
internal_weight=34644.4 16417.4 18227 17257.8 6971.25 658.721 226.683 6312.53 265.054 6047.48 806.853 174.439 146.919 969.192 462.541 11.4562 5240.63 351.813 318.828 16065.6 6216.27 404.099 177.868 10286.5 3335.78 226.23 721.277 615.801 435.541 219.445
internal_count=6895964 817426 6078538 5992300 2877828 720052 175125 2157776 20369 2137407 2037548 12253 4635 86238 43350 624 99859 70225 68865 747201 276935 15876 6503 3114472 1556448 9373 247615 211483 206109 195665
is_linear=0
shrinkage=0.15


Tree=167
num_leaves=31
num_cat=0
split_feature=18 11 11 12 12 28 29 15 32 31 29 32 31 32 23 24 16 32 30 9 28 30 24 9 30 32 31 24 22 9
split_gain=5.76012 14.9942 10.798 12.2981 11.284 10.9724 10.8058 10.0511 9.96705 28.1215 40.5208 28.5806 26.6586 33.2564 26.0653 23.8723 30.3485 24.1442 22.31 23.6736 22.0457 21.7823 21.1459 19.9477 26.3189 20.4184 42.2927 30.2509 28.0764 52.0604
threshold=0.038077810779213912 0.18727711588144305 0.15423093736171725 3.5000000000000004 56.500000000000007 0.64583334326744091 0.60486993193626415 64.500000000000014 0.24844861775636676 0.38750000298023229 0.50769519805908214 0.491348147392273 0.58571431040763866 0.57284536957740795 1.0000000180025095e-35 0.22500000149011615 0.015151950065046551 0.41249953210353857 1.5000000000000002 0.57100650668144237 0.73214286565780651 1.5000000000000002 0.29166667163372045 0.44732384383678442 2.5000000000000004 0.79038697481155407 0.73214286565780651 0.18333333730697635 1.5000000000000002 0.73202604055404674
decision_type=2 10 8 8 10 2 2 10 2 2 2 2 2 2 2 2 2 2 2 10 2 2 2 10 2 2 2 2 2 10
left_child=-1 2 4 -4 5 -2 -7 8 -5 10 15 20 14 -14 18 -10 -17 -18 -13 -20 21 22 -11 24 -15 26 -25 -28 29 -27
right_child=1 -3 3 7 -6 6 -8 -9 9 11 -12 12 13 23 -16 16 17 -19 19 -21 -22 -23 -24 25 -26 28 27 -29 -30 -31
leaf_value=-0.0010289016476573026 0.011471555477325961 0.064966052061987162 0.07356914486755825 -0.0057445248594159715 -0.083875586671011318 0.25489132947138732 0.072709545890259034 0.092473670850815134 -0.032687693618657421 -0.14714878441977997 0.11116038500606987 -0.14650738666037216 -0.066644446509764255 -0.084626999632416558 0.014047739501960704 0.054018597637642614 -0.12472923718258026 0.093843620794070853 0.14622273203194433 0.042499242213400602 0.046716677739695678 -0.037425101412356415 0.25128038092400595 0.002316970242831339 0.055879286865289965 0.046674455454801318 -0.079521025313921162 -0.0079906103695830209 -0.018234688224398925 0.00025983500565180897
leaf_weight=22642.589603705375 68.775354824833016 86.329904443835403 52.869374068247907 3113.8042451108504 13.709635939535586 7.5941483450710612 64.301936636760047 26.401844162426642 158.72137350739285 3.3527081936613277 123.05074350616633 9.4449226686156162 162.85500290222444 32.977247522050675 1277.1444473754573 323.29373888237933 40.436632409844606 14.83950721702058 75.784011552055745 143.05092215471814 84.945429006096674 703.17451383900197 10.110963890274432 1189.6722811578238 260.94118269705359 772.22200700719986 303.55923529701613 236.62816376756018 789.80520465063273 1831.9780307419387
leaf_count=3265755 61180 32046 10867 2273818 5562 742 4808 15483 355092 1320 6173 1938 55439 10277 156460 16122 654 316 21563 7341 3104 295593 366 70119 58637 25973 50192 6777 30436 51898
internal_value=0.000378484 0.00303796 0.0025831 0.00206304 0.0418667 0.054627 0.0951855 0.00173333 0.00151999 0.00416662 0.0338774 0.0016753 0.00471325 -6.65279e-05 0.0224202 0.0160044 0.0364517 -0.065426 0.0689959 0.0789211 -0.0251528 -0.033725 0.14875 0.00194669 0.0398812 -0.00023669 -0.0134956 -0.0482599 0.00652308 0.0140358
internal_weight=34624.4 11981.8 11895.4 11741.1 154.381 140.671 71.8961 11688.2 11661.8 8547.99 660.342 7887.65 7086.06 5580.64 1505.42 537.291 378.57 55.2761 228.28 218.835 801.584 716.638 13.4637 5417.78 293.918 5123.86 1729.86 540.187 3394.01 2604.2
internal_count=6896051 3630296 3598250 3525958 72292 66730 5550 3515091 3499608 1225790 378357 847433 547050 359748 187302 372184 17092 970 30842 28904 300383 297279 1686 304309 68914 235395 127088 56969 108307 77871
is_linear=0
shrinkage=0.15


Tree=168
num_leaves=31
num_cat=0
split_feature=33 33 6 27 33 32 29 27 8 8 23 31 33 33 10 8 10 28 10 32 27 23 32 27 33 10 11 8 10 8
split_gain=6.95142 56.2587 22.489 26.4039 32.5909 33.4225 29.2938 28.8039 25.4849 36.3684 29.0287 24.8837 19.287 34.9224 19.0629 19.7607 18.6991 17.8845 28.9886 40.6339 38.8499 24.3119 37.6147 25.3355 107.083 39.211 58.299 36.9725 35.5236 46.7706
threshold=0.80810147523880016 0.8019607961177827 1.0000000180025095e-35 3.5000000000000004 0.66410258412361156 0.19128373265266421 0.74162915349006664 1.5000000000000002 0.98238280415534984 0.99999985098838817 1.0000000180025095e-35 0.41428571939468389 0.81322672963142406 0.81530213356018078 0.60682767629623424 0.83535897731781017 0.74299544095993053 0.77500000596046459 0.75555580854415905 0.076463382691144957 1.5000000000000002 1.0000000180025095e-35 0.18710978329181674 2.5000000000000004 0.73123827576637279 0.81879165768623363 0.48247593641281133 0.72853371500968944 0.75143077969551098 0.89556026458740245
decision_type=2 2 2 2 2 2 2 2 10 10 2 2 2 2 8 10 8 2 10 2 2 2 2 2 2 8 8 10 8 10
left_child=1 2 8 4 5 6 -4 -7 17 10 -10 -5 16 -14 15 -3 -2 18 -1 -20 -21 22 -19 24 28 26 -26 -25 29 -23
right_child=12 14 3 11 -6 7 -8 -9 9 -11 -12 -13 13 -15 -16 -17 -18 21 19 20 -22 23 -24 27 25 -27 -28 -29 -30 -31
leaf_value=-0.0034403747691935278 -0.031202778564522266 -0.019805067697461338 -0.15142955103617309 0.017369556008792707 -0.0041486085790653727 0.012504164628575204 0.050333888303450418 0.19780738668157916 0.017525460084768223 -0.056897972694333832 0.16102209252295527 0.27071118518420656 -0.077578319985537311 0.0015257018479718221 -0.099562644572756723 0.32446158864520608 0.044554213409597344 -0.0025982873031025625 0.0034166685889684364 -0.093291229811270748 0.080013396198551051 -0.0075664184040687274 0.1184616262687523 0.02089090125733821 0.37568484657059337 0.036075278587433889 0.085462688069424447 -0.052443786405850637 -0.063349487723306203 0.26012836427863578
leaf_weight=8612.0999657043722 88.630007412830651 37.187912848562291 18.929937427482855 16.648124572545385 437.61430593808473 27.906410682488058 85.413720527681562 58.244346158746339 58.710692911946808 47.748630499667797 68.697977018407983 17.670519250679718 125.35766990714546 20172.568836576353 175.84522263653776 3.1621642973482258 406.67477122215462 1038.8320004238326 820.28492490763256 31.179003040995667 319.33563077751478 169.42205027177135 60.145344775257399 187.60530895213719 20.400975259826737 173.46850882134822 60.588291434269081 868.01761886972099 417.35275116602088 15.073791743109949
leaf_count=3052943 33668 16183 4200 1135 27571 785 9337 3315 914 6243 6613 906 22092 3230401 25028 816 46498 18361 99876 1360 37468 60159 2220 29618 2063 16015 16844 78285 38705 3338
internal_value=1.37377e-05 -0.00258996 -0.00138305 0.025554 0.0184266 0.0700385 0.0126401 0.138615 -0.0027608 0.0539045 0.0955494 0.151786 0.00174775 0.00103337 -0.0783306 0.0143687 0.0309627 -0.00354074 -0.000428981 0.0217061 0.064376 -0.0136478 0.00412881 -0.0238627 -0.00468111 0.0767153 0.162259 -0.0394033 -0.0391652 0.0155894
internal_weight=34640.8 13847.6 13631.4 662.427 628.109 190.494 104.344 86.1508 12969 175.157 127.409 34.3186 20793.2 20297.9 216.195 40.3501 495.305 12793.8 9782.9 1170.8 350.515 3010.91 1098.98 1911.93 856.306 254.458 80.9893 1055.62 601.849 184.496
internal_count=6892960 3560301 3518274 47249 45208 17637 13537 4100 3471025 13770 7527 2041 3332659 3252493 42027 16999 80166 3457255 3191647 138704 38828 265608 20581 245027 137124 34922 18907 107903 102202 63497
is_linear=0
shrinkage=0.15


Tree=169
num_leaves=31
num_cat=0
split_feature=23 34 21 10 13 29 24 9 24 24 22 21 31 22 29 24 32 22 17 26 33 17 8 15 32 13 32 34 13 11
split_gain=6.8465 18.3086 32.919 20.1786 22.5448 18.4557 18.9203 18.5646 18.4035 32.1498 17.1447 56.9488 23.6264 14.1661 21.8727 19.6385 49.5782 27.5233 23.8011 17.0174 13.1175 13.0198 12.524 12.113 11.6466 11.4588 28.9272 19.4366 18.4953 13.3371
threshold=1.5000000000000002 0.82952776551246654 1.0000000180025095e-35 0.9313439428806306 5.5000000000000009 0.82243230938911449 0.29166667163372045 0.89832758903503429 0.45000000298023229 0.87500000000000011 2.5000000000000004 1.0000000180025095e-35 0.13392857462167743 2.5000000000000004 0.24567271769046786 0.29166667163372045 0.69793134927749645 1.5000000000000002 99.500000000000014 1.0000000180025095e-35 0.99074074625968944 29.500000000000004 0.74092122912406932 12.500000000000002 0.60901468992233287 16.500000000000004 0.20212519168853763 0.79610732197761547 3.5000000000000004 0.18727711588144305
decision_type=2 2 2 8 10 2 2 10 2 2 2 2 2 2 2 2 2 2 2 2 2 2 10 10 2 10 2 2 10 10
left_child=10 13 3 4 -3 22 -7 8 -8 20 25 23 -13 14 15 16 19 18 21 -2 -10 -18 -4 -12 -6 28 27 -27 -1 -30
right_child=1 2 5 -5 24 6 7 -9 9 -11 11 12 -14 -15 -16 -17 17 -19 -20 -21 -22 -23 -24 -25 -26 26 -28 -29 29 -31
leaf_value=0.0014804451323514147 -0.056483444465066777 -0.060936041864261971 -0.0032804219882637906 -0.0994933172139644 0.19285713597633244 0.059025660247763713 -0.02237708728806613 0.083546134824039373 -0.12249474128227224 0.10133208219155727 -0.015505834472032491 -0.096820241494724707 0.1505993337835059 -0.02236611583580294 0.0003316351426232769 0.025363937858466142 0.14675416276189882 0.04452657681901085 0.10526301977533686 0.21133796700053853 0.0063407072865329555 0.51902641558422147 0.031167911053362127 0.065043267394873622 0.020700228698217124 -0.010533871482969815 0.0095084229179157858 0.23404557457826614 -0.005953804124517484 -0.031198322433190144
leaf_weight=21694.698009481079 31.328550003609962 114.65603178279818 1895.3378561568047 141.86080521700549 10.024253037499873 59.105850486224426 845.39540703519015 31.821254626201153 117.65789113082064 18.921479262753564 244.99473879363916 8.897749163250408 92.408568137871043 326.43281883165946 1200.5374740030647 471.64926364452185 3.7977401555981514 11.842989059296086 8.140529596617851 5.3969041428208575 20.803073999355547 10.853950739838181 270.4510323004979 49.656731762281083 46.259951902276953 10.888090537261009 1675.0267655264065 20.745173254741701 4595.7870991597811 523.76144954464326
leaf_count=4198400 93367 280636 68071 204764 423 1546 15282 14605 3165 17292 89610 455 2163 26423 646066 17990 331 3049 1901 153 3463 487 9091 9363 1260 30772 859770 35448 243738 16156
internal_value=-0.000176391 -0.00495552 -0.0114587 -0.0578612 -0.0229337 -0.0069892 -0.0228628 -0.0275935 -0.0312 -0.0781528 0.000756254 0.0317149 0.128134 0.00626747 0.0116381 0.0365889 0.109403 0.235459 0.328627 -0.0125676 -0.103231 0.438074 0.00103368 -0.00175705 0.0541929 0.000325355 0.0122393 0.152119 -0.000433364 -0.00854206
internal_weight=34559.1 5642.28 3572.29 312.801 170.94 3259.49 1093.7 1034.6 1002.78 157.382 28916.9 395.958 101.306 2069.98 1743.55 543.01 71.3607 34.6352 22.7922 36.7255 138.461 14.6517 2165.79 294.651 56.2842 28520.9 1706.66 31.6333 26814.2 5119.55
internal_count=6895240 1409365 619598 487083 282319 132515 55353 53807 39202 23920 5485875 101591 2618 789767 763344 117278 99288 5768 2719 93520 6628 818 77162 98973 1683 5384284 925990 66220 4458294 259894
is_linear=0
shrinkage=0.15


Tree=170
num_leaves=31
num_cat=0
split_feature=19 11 28 29 19 14 24 33 33 14 10 20 19 19 32 23 8 29 18 34 23 8 15 29 20 11 17 29 33 32
split_gain=4.36298 19.7247 30.2562 18.4243 14.6143 16.5364 14.2595 13.7595 13.5441 20.7905 24.6989 19.8316 18.9557 17.552 15.6559 26.3973 18.8961 33.596 22.5663 18.3417 22.6086 19.5009 31.5232 21.7994 18.9886 18.2052 21.0318 17.3809 15.8374 15.5063
threshold=561.50000000000011 0.26644384860992437 0.64583334326744091 0.65980768203735363 543.50000000000011 89.500000000000014 0.45000000298023229 0.72046512365341198 0.4803846031427384 6.5000000000000009 0.44812059402465826 1.5000000000000002 629.50000000000011 579.50000000000011 0.64499306678771984 1.0000000180025095e-35 0.7332635521888734 0.8252890706062318 0.0068858668673783549 1.0000000180025095e-35 1.0000000180025095e-35 0.89228600263595592 65.500000000000014 0.91459476947784435 3.5000000000000004 0.1550104692578316 5.5000000000000009 0.62599223852157604 0.8532998561859132 0.49470418691635137
decision_type=2 8 2 2 2 8 2 2 2 8 8 2 2 2 2 2 10 2 2 2 2 10 8 2 2 10 2 2 2 2
left_child=1 2 4 7 5 -1 -7 -4 11 10 29 -2 -13 -11 19 -16 17 18 -17 21 -21 25 23 -23 -25 -12 -27 -18 -29 -10
right_child=8 -3 3 -5 -6 6 -8 -9 9 13 14 12 -14 -15 15 16 27 -19 -20 20 -22 22 -24 24 -26 26 -28 28 -30 -31
leaf_value=-0.054636403634491022 0.032798160334346058 0.00042666365269460911 -0.09436574214511681 -0.0092470330781650924 -0.0072904641109254997 -0.11163385249341555 -0.33849991699977544 0.10817354365230872 0.12169305608825311 0.0068651900797476488 0.0025366695962491669 -0.036082412111140952 0.044731122952598491 -0.010316457865719124 0.12599454940158292 -0.055857786805165725 0.10117804229639411 0.071346904888071966 0.029322321233030545 0.10138620514104101 0.021667994836859217 -0.051868204924183668 0.024054958693404616 0.0098973833790129816 -0.049094517103336392 0.087864079765655426 0.010636275088274697 -0.011810550317664705 0.014037873042207301 0.032166238024784938
leaf_weight=233.12589087299307 714.93048000434123 19142.567598550828 8.1223810423014111 1312.5342150640802 113.13455667160258 38.612613440786504 7.0344054583547395 48.044280614608397 58.457508617788903 1935.1901906946841 366.81822913381848 221.77951410532825 91.436309287257188 4328.1464746755528 34.287053108097098 424.36558372083528 37.887313437473495 65.780620948447904 83.103944960574154 85.790737719075878 1049.5393304299919 337.78314245771617 538.73968416126445 487.51930773630738 162.99117077328265 167.86917779280338 150.25067974475678 1167.0311350724323 980.49374595037261 167.01973707667639
leaf_count=52873 237707 4127665 1121 97342 41470 19019 176 2307 43123 454359 6885 65069 33391 1283031 7895 8588 1194 5077 1725 18343 269604 1949 3362 3268 881 1242 1199 42497 60376 4714
internal_value=0.000391196 -0.00097108 -0.0161599 -0.00562301 -0.0528512 -0.071249 -0.153102 0.0777455 0.00247616 0.00112765 0.00716404 0.0190231 -0.0124234 -0.00500758 0.00536883 -0.00292266 -0.00457003 -0.0287841 -0.0418783 0.012286 0.0277758 0.0043266 -0.00510765 -0.0210131 -0.00493623 0.0253366 0.0515364 0.00179176 -7.91515e-06 0.0558119
internal_weight=34560.4 20903.2 1760.61 1368.7 391.907 278.773 45.647 56.1667 13657.2 12629.1 6365.73 1028.15 313.216 6263.34 6140.25 2792.95 2758.66 573.25 507.47 3347.3 1135.33 2211.97 1527.03 988.294 650.51 684.938 318.12 2185.41 2147.52 225.477
internal_count=6897452 4341973 214308 100770 113538 72068 19195 3428 2555479 2219312 481922 336167 98460 1737390 434085 127352 119457 15390 10313 306733 287947 18786 9460 6098 4149 9326 2441 104067 102873 47837
is_linear=0
shrinkage=0.15


Tree=171
num_leaves=31
num_cat=0
split_feature=11 8 19 16 8 18 9 9 8 32 14 15 29 14 29 9 19 34 13 17 0 19 15 27 27 18 20 17 15 10
split_gain=5.08592 9.55551 12.4145 13.6719 9.85713 8.05115 8.0029 7.42495 7.90949 7.20349 6.60874 6.39633 7.97859 6.285 6.19323 5.95473 5.73171 5.51954 5.76197 5.28762 5.22011 6.34727 5.12608 4.99232 4.95864 4.94821 4.81711 5.92735 4.7472 5.86817
threshold=0.14621627330780032 0.80046272277832042 619.50000000000011 0.031010092236101631 0.63488811254501354 0.0042659088503569373 0.56024184823036205 0.39954094588756567 0.94028177857398998 0.74856123328208934 63.500000000000007 46.500000000000007 0.61777994036674511 63.500000000000007 0.77022564411163341 0.76385688781738292 734.50000000000011 0.82097071409225475 2.5000000000000004 1.0000000180025095e-35 1.0000000180025095e-35 531.50000000000011 64.500000000000014 2.5000000000000004 3.5000000000000004 0.3568806946277619 1.0000000180025095e-35 5.5000000000000009 53.500000000000007 0.81333142518997203
decision_type=8 8 2 2 10 2 10 10 10 2 8 10 2 10 2 10 2 2 10 2 2 2 10 2 2 2 2 2 10 10
left_child=1 2 4 13 -1 6 -3 16 9 -9 -6 12 -5 26 -14 -8 20 -16 -19 -17 -7 -22 28 25 -21 -24 -4 -28 29 -23
right_child=-2 5 3 11 10 7 15 8 -10 -11 -12 -13 14 -15 17 19 -18 18 -20 24 21 22 23 -25 -26 -27 27 -29 -30 -31
leaf_value=-0.092423465182837561 -0.00081573643446226181 0.067558848457187889 0.078398484429793844 0.2508987076541575 0.095629049964148699 -0.091872832778879462 -0.055046327921882812 0.13818538280717035 -0.095844945249368568 0.0032315413002875727 -0.080684263771381548 -0.0059862535127993078 -0.012239477277191484 -0.087513181928405265 -0.028719187122043709 -0.074390545595420521 0.091529934905660679 0.33330195485383723 0.049589992152366265 0.15054575141518753 0.18362628226196617 -0.10470823649527351 0.14513390057402789 -0.088890932597374656 -0.03875576063155204 -0.052925862616776356 -0.041584298229824637 0.26791127963846167 -0.18708917662679861 0.032119578195326952
leaf_weight=19.101501749548561 34136.665367650647 58.823994386896857 7.0931233452681743 4.8503001340747032 17.12087633669012 44.095300219817432 29.807134072405461 14.02000417318777 8.4662706351227808 21.959559733921196 5.644186591749075 29.259934203289731 14.113383344625619 1.3445487504122855 2.8193713734563044 4.748929635445168 5.539023858659049 2.9684492915844203 3.4077930460916832 9.6828510074155911 2.2246053947283135 13.506964626523546 7.9286633229066847 4.3920117113266306 3.9024280906996855 3.5351090274898525 1.258800949674195 14.306453019221292 5.2046109449806854 13.021531542491173
leaf_count=7001 6837946 2239 3227 833 2385 13086 1425 536 337 677 817 1903 677 955 218 1110 2973 338 90 963 549 5780 1132 507 279 2558 220 5220 1412 1016
internal_value=-0.00062487 0.0167452 0.050756 0.0845579 -0.0154211 -0.000105043 0.0309027 -0.0232092 0.027339 0.0581332 0.0503597 0.043364 0.09309 0.177425 0.0512816 -0.014351 -0.0458478 0.140412 0.208951 0.0512353 -0.0548298 -0.0208763 -0.0340185 0.0342035 0.0972392 0.0847117 0.196181 0.241882 -0.0681099 -0.0388192
internal_weight=34510.8 374.148 123.289 81.4222 41.8666 250.859 106.965 143.894 44.4458 35.9796 22.7651 57.4192 28.1593 24.0029 23.309 48.1413 99.4478 9.19561 6.37624 18.3342 93.9088 49.8135 47.5889 15.8558 13.5853 11.4638 22.6584 15.5653 31.7331 26.5285
internal_count=6898409 60463 23884 13681 10203 36579 6016 30563 1550 1213 3202 4059 2156 9622 1323 3777 29013 646 428 2352 26040 12954 12405 4197 1242 3690 8667 5440 8208 6796
is_linear=0
shrinkage=0.15


Tree=172
num_leaves=31
num_cat=0
split_feature=30 19 11 28 11 7 27 8 13 24 18 13 16 8 16 20 17 27 10 8 15 27 24 23 18 27 18 33 33 13
split_gain=7.5168 6.96634 16.3225 16.9583 13.7568 10.6887 15.2411 14.8606 13.5978 15.0268 11.5902 16.2058 14.7207 12.5655 12.0157 19.4681 16.5226 15.3347 13.283 31.7845 15.8157 11.8127 13.2446 11.434 16.2859 12.6084 15.7898 11.7411 10.5374 10.5301
threshold=7.5000000000000009 561.50000000000011 0.25297901034355169 0.30952382087707525 0.14732137322425845 4.5000000000000009 2.5000000000000004 0.94993710517883312 11.500000000000002 0.36666667461395269 0.0073728193528950223 6.5000000000000009 0.031010092236101631 0.73839181661605846 0.030303590930998329 104.50000000000001 5.5000000000000009 1.5000000000000002 0.63026550412178051 0.61397066712379467 5.5000000000000009 1.5000000000000002 0.45000000298023229 1.0000000180025095e-35 0.0092653911560773867 2.5000000000000004 0.022063895128667358 0.70900535583496105 0.49615384638309484 13.500000000000002
decision_type=2 2 8 2 10 2 2 10 8 2 2 10 2 10 2 2 2 2 8 10 8 2 2 2 2 2 2 2 2 10
left_child=1 2 3 -1 -5 10 7 -7 9 -8 11 12 13 -4 16 18 17 28 19 21 -21 -16 -23 24 27 -26 -27 -20 -12 -6
right_child=-2 -3 5 4 29 6 8 -9 -10 -11 14 -13 -14 -15 15 -17 -18 -19 23 20 -22 22 -24 -25 25 26 -28 -29 -30 -31
leaf_value=-0.18859536384428605 -0.086397206315166508 0.0023519420970382278 -0.0090677190123756649 0.064385445028041027 -0.014259772079702675 -0.080122565023766718 -0.049280624986163798 0.097134750887255886 0.045549648242975881 0.12039669504587996 -0.13191053527499019 0.015415091060168005 -0.0087434877256352891 -0.081606908880356335 0.065103351358001535 -0.070527130563167742 -0.00033562644830805713 -0.059904806854873503 -0.074496324229569991 -0.018642265491066602 0.078361081243116984 -0.0069677461259028467 -0.11340436854418885 -0.0049874876126382072 0.050689024922503267 0.03203080137526209 -0.024185191070470929 0.0015241945181502291 0.067225916929603294 -0.0646004221431912
leaf_weight=11.782673463577792 21.820169982653169 13665.496152101623 98.458895733630925 46.616566862569925 1463.8659411953267 11.367297141408924 103.29408533111564 85.640944872653563 96.419133106675872 12.274070831741481 6.0997710051018421 605.75707688268812 4062.2552988838161 118.01420033228897 27.766817429023376 64.731121990510928 11151.014122761946 184.77469797285278 53.718610187147078 44.054900930155213 252.28919132918782 80.035838003341723 38.288468321217806 951.94116561567125 336.43980968200412 333.53725667681101 168.44064040066587 277.4938580864582 38.308291927576192 99.003824119041383
leaf_count=15894 873 2554454 15603 7849 176135 191 8454 27235 4808 39185 2002 15881 262661 16962 4249 101190 3145720 41029 931 3342 16098 3536 1791 378563 17591 9613 10342 4144 5249 3446
internal_value=-0.000336499 -0.000279548 -0.00200649 -0.0164547 -0.0150781 -0.000785828 0.0268418 0.0757584 0.00420628 -0.0303816 -0.00123906 -0.00753007 -0.0107814 -0.0488072 0.000954797 0.0100932 -0.00115679 -0.0409361 0.0121552 0.035768 0.0639262 -0.021397 -0.0420712 0.00721644 0.0171448 0.0282601 0.0131567 -0.0109925 0.0375705 -0.017488
internal_weight=34511 34489.2 20823.7 1621.27 1609.49 19202.4 308.996 97.0082 211.987 115.568 18893.4 4884.49 4278.73 216.473 14008.9 2628.74 11380.2 229.183 2564.01 442.435 296.344 146.091 118.324 2121.57 1169.63 838.418 501.978 331.212 44.4081 1562.87
internal_count=6895021 6894148 4339694 203324 187430 4136370 79873 27426 52447 47639 4056497 311107 295226 32565 3745390 551390 3194000 48280 450200 29016 19440 9576 5327 421184 42621 37546 19955 5075 7251 179581
is_linear=0
shrinkage=0.15


Tree=173
num_leaves=31
num_cat=0
split_feature=33 33 10 8 27 0 32 10 6 29 10 9 27 11 12 19 19 33 27 8 11 29 10 8 19 33 33 12 33 16
split_gain=5.28594 19.5411 18.6357 15.4016 25.9281 14.0898 16.6894 15.6488 13.2781 23.3029 34.1147 31.1142 46.5701 29.4442 26.9425 24.44 23.0873 25.1102 34.331 29.6542 22.9 22.2167 30.1295 21.5243 21.2436 19.6359 19.5465 18.9265 18.7402 23.4918
threshold=0.78319624066352855 0.78153410553932201 0.66362708806991588 0.98238280415534984 3.5000000000000004 1.0000000180025095e-35 0.42891606688499456 0.78086441755294811 1.0000000180025095e-35 0.8709511160850526 0.70628052949905407 0.22603209316730502 1.5000000000000002 0.15423093736171725 20.500000000000004 519.50000000000011 421.50000000000006 0.73123827576637279 2.5000000000000004 0.77243927121162426 0.17857791483402255 0.75473687052726757 0.80016764998435985 0.95214784145355236 533.50000000000011 0.73401361703872692 0.71010184288024913 6.5000000000000009 0.74443343281745922 0.050202727317810066
decision_type=2 2 10 10 2 2 2 10 2 2 10 10 2 10 8 2 2 2 2 10 10 2 10 10 2 2 2 10 2 2
left_child=1 3 -3 8 5 6 7 -5 9 10 13 15 -13 23 16 20 -11 -18 25 -20 -12 -14 24 -1 -23 -19 -25 -17 -27 -30
right_child=-2 2 -4 4 -6 -7 -8 -9 -10 14 11 12 21 -15 -16 27 17 18 19 -21 -22 22 -24 26 -26 28 -28 -29 29 -31
leaf_value=-0.0014433532277972503 0.0014303682096610396 0.0023568506547679982 -0.11444948223342498 0.072315123567661926 0.139286029585066 -0.041153832153243676 0.10666395161151677 -0.07475197330859279 0.023087741926166805 0.12610780827074278 -0.026942928831427081 -0.091793043763968366 0.14969327370885346 -0.034378483515463083 0.0060624692072094154 0.017903249216716644 -0.041626735654638175 0.14618242134763137 0.10534282472104946 -0.044392880737723996 0.12886591448696486 0.09741210250633936 0.12889806078914962 0.18407158911721855 -0.079620435355112859 -0.10219313898906414 -0.050405023636367223 0.088386201951011809 0.0089696219865547152 0.13829657380996743
leaf_weight=6821.7016054605583 22408.765046139211 55.987529156272103 67.02252831446549 29.004959415494341 43.626430541147784 69.522136217344269 51.308330547280093 34.599344808072601 435.26009599495956 21.034558188614938 370.36758011516758 33.888137039866706 94.656696084710347 642.63507215733443 839.27856239369248 504.71334981787822 1136.1911517666722 33.688758659333757 31.620280186999025 344.11588493137629 21.525938708516605 22.505254431318463 59.732762039644513 25.09069691257946 42.512139950820711 22.57271080396481 11.013624399740818 102.47710946391953 129.88133995728379 40.831929079760812
leaf_count=2484844 3629338 22815 4938 2045 2389 5995 2743 2744 32755 2223 88383 1278 12765 290902 92973 37932 103087 2186 2629 21442 1202 1046 11228 1779 1318 1626 1015 18539 10496 1703
internal_value=6.48032e-05 -0.00245609 -0.0616953 -0.00184453 0.0366788 0.0117877 0.043896 -0.00760489 -0.00259293 -0.00357953 0.000124454 0.0230315 0.0698805 -0.00370299 -0.0160479 0.011096 -0.0265893 -0.0285078 -0.00374896 -0.0315456 -0.0180784 0.0951547 0.0529111 -0.00082384 -0.0177947 0.0422024 0.113114 0.0299246 0.0234201 0.0405278
internal_weight=34547.1 12138.4 123.01 12015.4 228.061 184.435 114.913 63.6043 11787.3 11352 8752.82 1252.38 253.295 7500.44 2599.22 999.084 1759.94 1738.9 602.711 375.736 391.894 219.407 124.75 6857.81 65.0174 226.975 36.1043 607.19 193.286 170.713
internal_count=6896358 3267020 27753 3239267 15916 13527 7532 4789 3223351 3190596 2952231 173691 27635 2778540 238365 146056 145392 143169 40082 24071 89585 26357 13592 2487638 2364 16011 2794 56471 13825 12199
is_linear=0
shrinkage=0.15


Tree=174
num_leaves=31
num_cat=0
split_feature=18 16 20 20 32 9 12 8 16 22 27 19 13 30 20 19 8 19 8 33 16 19 33 20 17 29 24 11 32 28
split_gain=6.3063 11.8643 11.3976 13.612 17.9081 10.5967 13.099 8.38246 8.05161 8.02286 7.95692 6.95138 6.72683 8.42793 14.3826 15.307 6.5221 7.14335 6.51394 11.8016 6.97132 6.24158 9.69704 25.0961 27.2895 18.8301 14.2383 14.5601 25.0385 13.8425
threshold=1.0000000180025095e-35 0.046946426853537566 1.5000000000000002 3.5000000000000004 0.26627783477306372 0.75389426946640026 1.5000000000000002 1.000000059604645 0.080649357289075865 1.5000000000000002 4.5000000000000009 560.50000000000011 1.5000000000000002 3.5000000000000004 9.5000000000000018 529.50000000000011 0.90428787469863903 569.50000000000011 0.96115431189537059 0.7670542597770692 0.0647847354412079 463.50000000000006 0.49615384638309484 104.50000000000001 20.500000000000004 0.36555282771587377 0.87500000000000011 0.28948731720447546 0.8455648422241212 0.46428571641445165
decision_type=2 2 2 2 2 8 10 8 2 2 2 2 8 2 2 2 10 2 10 2 2 2 2 2 2 2 2 8 2 2
left_child=1 -1 5 4 9 6 10 12 21 -4 16 -11 -5 -14 15 -15 -3 18 20 -20 -18 22 23 24 29 -25 -24 28 -28 -2
right_child=8 2 3 7 -6 -7 -8 -9 -10 11 -12 -13 13 14 -16 -17 17 -19 19 -21 -22 -23 26 25 -26 -27 27 -29 -30 -31
leaf_value=-0.039012001431780359 -0.18981653344234628 -0.050902430650669128 -0.11317933372769742 0.11637130263195215 0.0071687286659812641 0.015311893593945372 0.030735087342711895 0.11304924150291451 0.052392652931181179 0.028515591109494382 -0.086489167132813433 -0.11414936353749963 0.0043599867101845732 -0.42140382233569867 0.041130498732376994 0.0057106796708424664 0.070291218949124074 -0.03092350664841334 0.14332624760729037 -0.026701644392372468 -0.055996439734897686 0.001532414460144254 -0.0051670638092980049 -0.18768831685773799 0.0037093708227284483 0.010353153481239896 0.06046495376263078 0.021983180879434499 -0.62626820092287649 -0.04126954902191439
leaf_weight=244.94654472482353 24.708225365973419 99.884983987312808 86.047010371066904 8.192364066697337 67.15174723149903 678.10948256834672 124.76652158625802 15.194360420476981 66.731250929205999 20.309688971085965 40.63174586698733 11.08495954477439 61.681498675919556 3.9161114489688753 6.1978147529734997 3.0220515481341863 57.252776621846351 149.85041158090462 9.1852617257354705 92.904410879449642 11.051344318173504 27298.642221284197 4229.2551365930249 33.296914273732 339.29047691200225 15.622586339140978 2.3845013784448388 574.46188455583979 1.1164671695514696 32.927588656494095
leaf_count=8681 3615 3194 3855 7329 28305 50239 3885 6863 17116 977 2179 530 22213 709 1070 752 1810 7914 319 8006 220 5541833 1031071 11169 70385 739 601 52895 449 7269
internal_value=0.000252776 -0.00840982 -0.00354053 -0.0307052 -0.0546097 0.0025583 -0.0122128 0.0143253 0.000728763 -0.0896961 -0.0238837 -0.0238259 -0.004876 -0.0195121 -0.123985 -0.258082 -0.017638 -0.00713658 0.0138409 -0.0101619 0.0493452 0.000621246 -0.00411322 -0.0252499 -0.0126098 -0.125503 -0.00214806 0.0199143 -0.24902 -0.107102
internal_weight=34409.8 1791.38 1546.43 282.798 184.593 1263.64 585.527 98.2042 32618.4 117.442 460.761 31.3946 83.0098 74.8175 13.136 6.93816 420.129 320.244 170.394 102.09 68.3041 32551.7 5253.06 445.846 396.926 48.9195 4807.22 577.963 3.50097 57.6358
internal_count=6896192 159050 150369 72603 33667 77766 27527 38936 6737142 5362 23642 1507 32073 24744 2531 1461 21463 18269 10355 8325 2030 6720026 1178193 93177 81269 11908 1085016 53945 1050 10884
is_linear=0
shrinkage=0.15


Tree=175
num_leaves=31
num_cat=0
split_feature=9 26 23 11 32 31 32 34 8 11 34 31 0 9 32 32 0 32 34 23 10 9 9 19 34 9 18 23 10 9
split_gain=4.9689 13.1653 9.49434 10.2525 5.71699 5.21369 5.79138 4.71561 21.1004 11.931 10.9762 16.0046 31.6497 25.7048 26.9288 18.6486 13.4334 31.5794 20.1821 11.6352 11.1061 10.9751 10.7646 9.60816 9.43098 21.9668 13.3713 14.0611 12.7999 13.3987
threshold=0.26392841339111334 1.0000000180025095e-35 1.5000000000000002 0.21672128140926364 0.16876788437366488 0.61250001192092907 0.44622032344341284 0.95488464832305919 0.99999985098838817 0.16456145793199542 0.97259759902954113 0.70714285969734203 1.0000000180025095e-35 0.84606757760047924 0.91040989756584179 0.82413339614868175 1.0000000180025095e-35 0.84250542521476757 0.98095065355300914 1.0000000180025095e-35 0.88052105903625499 0.94299551844596874 0.69974318146705639 496.50000000000006 0.91202268004417431 0.87579652667045604 0.0065484317019581803 1.0000000180025095e-35 0.89413905143737804 0.59301975369453441
decision_type=8 2 2 10 2 2 2 2 8 10 2 2 2 8 2 2 2 2 2 2 10 10 10 2 2 10 2 2 10 8
left_child=1 2 3 5 -4 6 -1 24 10 -10 11 19 13 14 15 -13 -12 18 -18 23 -17 -15 -16 -9 -2 26 27 -26 -28 -30
right_child=7 -3 4 -5 -6 -7 -8 8 9 -11 16 12 -14 21 22 20 17 -19 -20 -21 -22 -23 -24 -25 25 -27 28 -29 29 -31
leaf_value=0.053828557716082769 -0.00012009620108415688 -0.14974337963192458 0.088626135776735185 -0.15437070443158868 -0.15408191872283586 -0.042736502393751992 0.24377430926421956 -0.052558851582001347 -0.0034257020793266968 -0.057829411641814946 -0.0034866127001981734 0.065411796801713565 0.16095223208316364 -0.046648538313132641 0.037267619642278177 -0.064660878811157188 -0.025927921712061559 0.14507466198793481 0.041074869917056146 -0.0010225566295638923 0.063714817424600764 0.076920775843469208 0.10489234485956975 0.13743478830767869 0.078149059063986642 0.019563698518753631 -0.0077183981814441301 -0.027821840274442317 0.18302285445568114 0.023372012653904824
leaf_weight=8.4667944822376793 25041.005135338688 17.14995221576919 2.1259069585815373 3.1080051459575762 8.381847224397232 3.6597812706104369 6.447462588448615 7.305322997837723 2824.2377044169571 92.716521892162746 1112.2831147467 61.727962163649863 45.561206051817862 105.02699907821807 82.102488885739149 76.621873042902735 169.39714944493198 44.86204017207092 248.15597222247061 450.93392476677286 17.991082996610203 18.153638360556215 156.69916625881342 23.752551797296064 27.919687468918937 549.99373498605382 1968.9417490514488 1182.1446910289476 13.900727996158819 59.297813954297453
leaf_count=34128 5014258 3941 3688 82 5233 1524 3534 3841 468956 26135 138456 2306 1519 2403 1262 2344 39180 11379 68593 221345 443 1157 2077 12368 4453 36853 656319 64915 489 62659
internal_value=-0.000476346 -0.0475685 0.00973943 0.0657695 -0.101543 0.10861 0.146101 -0.000407382 0.0036015 -0.00517417 0.0133679 0.0252725 0.0424051 0.0316948 0.0503166 0.00186896 0.00545018 0.0269077 0.0138955 0.00518273 -0.0398386 -0.0279648 0.0818946 0.0924997 -0.00117714 -0.00813686 -0.012826 -0.0253143 -0.00541732 0.0557485
internal_weight=34430.1 49.3397 32.1898 21.682 10.5078 18.574 14.9143 34380.7 5537.53 2916.95 2620.57 1045.88 563.884 518.323 395.143 156.341 1574.7 462.415 417.553 481.992 94.613 123.181 238.802 31.0579 28843.2 3802.2 3252.2 1210.06 2042.14 73.1985
internal_count=6895840 52130 48189 39268 8921 39186 37662 6843710 1003764 495091 508673 251065 13511 11992 8432 5093 257608 119152 107773 237554 2787 3560 3339 16209 5839946 825688 788835 69368 719467 63148
is_linear=0
shrinkage=0.15


Tree=176
num_leaves=31
num_cat=0
split_feature=10 27 29 16 10 10 29 24 13 32 13 7 9 10 29 12 29 27 30 14 10 19 12 15 28 18 34 9 11 11
split_gain=9.35752 14.8864 31.311 30.9403 21.8366 19.9692 12.3358 10.7097 13.3561 11.4213 10.102 9.82779 9.38022 9.20091 9.16048 8.71953 8.69602 11.2929 15.5795 13.8485 12.9176 11.5565 9.17329 8.43721 8.24589 8.17261 7.96562 8.69464 15.3993 7.35211
threshold=0.40397250652313238 2.5000000000000004 0.83415070176124584 0.035641614347696311 0.35988737642765051 0.27460461854934698 0.67681735754013073 0.18333333730697635 11.500000000000002 0.85725182294845592 66.500000000000014 2.5000000000000004 0.76385688781738292 0.37705636024475103 0.77022564411163341 6.5000000000000009 0.72683668136596691 1.5000000000000002 1.5000000000000002 49.500000000000007 0.35164035856723791 551.50000000000011 2.5000000000000004 49.500000000000007 0.64583334326744091 0.0065484317019581803 0.97700846195220958 0.60334590077400219 0.173367515206337 0.16079442948102954
decision_type=8 2 2 2 10 10 2 2 10 2 8 2 8 10 2 8 2 2 2 10 10 2 10 10 2 2 2 8 8 10
left_child=1 2 7 5 6 11 -5 8 26 10 -10 -3 13 -4 25 -7 17 18 -9 20 -19 -21 -23 -18 -22 -8 27 28 -1 -20
right_child=-2 3 12 4 -6 15 14 16 9 -11 -12 -13 -14 -15 -16 -17 23 19 29 21 24 22 -24 -25 -26 -27 -28 -29 -30 -31
leaf_value=0.057587898166246508 -0.00035112539493234853 0.12182021135440416 0.085200496586650368 0.021283572931017306 0.029985388653134153 0.12273870386495488 -0.23926188669895426 -0.051310908965885547 0.12445620791122296 -0.093743333247553948 -0.066005492022526674 -0.21053469085755344 -0.14688030302879429 -0.12759378428945475 -0.055567085063307022 0.057024460293115052 0.13436888181725321 0.026499300553988966 0.10659810554151324 -0.028527159059653345 -0.12516198749325153 0.0092154269733827794 0.12369396441265314 -0.094743756351575378 -0.027494807163637381 -0.052968545269479479 -0.062381504728367052 0.0029371481980815695 -0.082232298295595793 0.026866585197591695
leaf_weight=23.181324328790652 32480.279569729093 1.8793653283145184 9.1405751949059795 22.377526107690528 106.86964632338277 57.430896768799698 15.682748870865909 24.736602865446002 40.964399984572083 7.4615245631684948 6.7179113661040892 7.7123803697911626 38.509894333529246 7.3343527062097555 34.015492828616516 228.70069423058249 25.859073681871454 54.260693027175876 73.21613392845029 32.726577967776848 32.267959621457749 25.850738059185687 40.000793950970547 3.4538030175026497 48.659599281269948 8.7857196608078976 51.305800173048283 788.87860591524168 66.889726743014762 41.383941762949689
leaf_count=318 5723618 761 353 640 5515 4660 340 1918 1552 189 558 302 17404 199 1852 26917 1763 2379 3649 1254 631 757 888 204 719 266 47877 1045072 940 2116
internal_value=0.00025143 0.0104066 0.00276549 0.0331575 -0.0144307 0.0633142 -0.0727819 0.00719711 -0.00122973 0.0698223 0.0968176 -0.140061 -0.107219 -0.0114123 -0.108527 0.0705958 0.0277839 0.0214417 0.0550779 0.00124367 -0.0298476 0.0437533 0.0795642 0.105139 -0.0674897 -0.177077 -0.00551202 -0.00212533 -0.04601 0.0782872
internal_weight=34406.5 1926.25 1442.8 483.454 187.731 295.723 80.8615 1387.82 985.399 55.1438 47.6823 9.59175 54.9848 16.4749 58.484 286.132 402.416 373.103 139.337 233.766 135.188 98.5781 65.8515 29.3129 80.9276 24.4685 930.255 878.95 90.0711 114.6
internal_count=6895611 1171993 1130740 41253 8613 32640 3098 1112784 1096506 2299 2110 1063 17956 552 2458 31577 16278 14311 7683 6628 3729 2899 1645 1967 1350 606 1094207 1046330 1258 5765
is_linear=0
shrinkage=0.15


Tree=177
num_leaves=31
num_cat=0
split_feature=15 19 29 10 33 8 28 29 10 12 10 13 8 12 11 19 11 11 16 37 34 8 12 12 24 34 9 29 14 10
split_gain=5.84024 13.7798 17.5535 16.777 14.7842 17.5946 13.3294 14.2104 21.4198 13.887 10.7422 10.5781 19.9989 16.6385 12.4284 13.5192 10.6281 18.3177 10.4468 11.8549 10.7622 10.4672 9.90535 9.65126 9.48362 9.25647 9.25239 9.19757 9.36952 9.83376
threshold=22.500000000000004 619.50000000000011 0.70851874351501476 0.54705604910850536 0.58102023601531994 0.91589292883872997 0.64583334326744091 0.60735967755317699 0.67900738120079052 59.500000000000007 0.31449307501316076 37.500000000000007 0.99999991059303295 7.5000000000000009 0.1538505554199219 542.50000000000011 0.15035274624824527 0.14621627330780032 0.047470914199948318 1.0000000180025095e-35 0.82891985774040233 0.41650386154651647 15.500000000000002 8.5000000000000018 0.55000001192092907 0.61257407069206249 0.32548975944519049 0.70496642589569103 4.5000000000000009 0.63653624057769786
decision_type=10 2 2 10 2 10 2 2 10 8 8 8 10 8 8 2 10 10 2 2 2 8 10 10 2 2 10 2 8 10
left_child=-1 3 6 4 5 -2 7 9 22 25 -4 12 13 16 15 -13 17 -5 19 21 -20 -8 -9 -6 -18 -3 -16 -26 29 -29
right_child=1 2 10 11 23 -7 18 8 -10 -11 -12 14 -14 -15 26 -17 24 -19 20 -21 -22 -23 -24 -25 27 -27 -28 28 -30 -31
leaf_value=-0.00086218367474145171 -0.12908436205292637 0.12157442556492434 -0.13385510868422881 -0.019392189484121324 -0.00076032135470115137 0.30890078646648317 -0.097246024165920195 -0.10609371100070897 0.091045655732281267 -0.007325734476386612 0.0057596734883347033 0.032704941062095261 -0.11068269680117829 0.095748480297950286 0.0084235028916782272 -0.079236648576133217 0.013793887492509723 0.20300164883159663 -0.095260493448655961 -0.035919788668883297 0.039991251772436918 0.091329971352431552 0.05052211633550218 -0.044643170295043416 0.10897101917567951 0.035712071041191791 -0.09542724757745237 -0.48426894517264896 0.10036991477419409 -0.11322833721507894
leaf_weight=30881.142359872072 42.368180083547998 43.808570135461707 11.51286484694924 15.57157120877673 264.27399513221798 1.2349444271439995 6.0731311049220258 54.285750004218585 20.810402389441151 104.01330117869082 1383.0513702429157 32.492477372931489 22.562141203285137 73.298859837334021 452.24013165516976 89.812046881794686 288.97953271072583 16.539767479891452 16.329282847997092 19.460429397769985 55.124197705674305 194.08444139939775 10.250983710403942 195.74172597454913 2.4467610947758649 80.013714635302449 19.162924654767266 1.8239111306465901 1.6053390305187356 5.8899431323097815
leaf_count=6426894 27266 7697 434 607 51074 198 529 6539 1532 103867 76885 4488 7914 2964 43061 8336 5636 700 712 1416 1872 10066 1316 45970 536 51038 479 342 609 4749
internal_value=-0.000201867 0.00558174 0.0137737 -0.00515011 -0.027531 -0.110032 0.0351061 0.0135594 -0.0383487 0.0330868 0.00451199 0.00589022 0.0238172 0.0315423 -0.00707322 -0.0494732 0.0171589 0.0978288 0.0581637 0.0743107 0.00819396 0.0851533 -0.0808256 -0.0194893 0.0082499 0.066821 0.00400882 -0.118328 -0.182783 -0.246466
internal_weight=34406 3524.86 1998.82 1526.04 503.619 43.6031 604.254 313.183 85.3471 227.836 1394.56 1022.43 428.718 406.156 593.708 122.305 332.857 32.1113 291.071 219.618 71.4535 200.158 64.5367 460.016 300.745 123.822 471.403 11.766 9.31919 7.71385
internal_count=6895726 468832 263903 204929 124508 27464 186584 171989 9387 162602 77319 80421 24057 16143 56364 12824 13179 1307 14595 12011 2584 10595 7855 97044 11872 58735 43540 6236 5700 5091
is_linear=0
shrinkage=0.15


Tree=178
num_leaves=31
num_cat=0
split_feature=33 33 27 8 33 33 32 33 7 28 27 10 10 29 8 27 33 28 24 10 32 29 29 10 10 34 10 8 16 29
split_gain=5.76862 29.7454 17.4275 63.2001 28.0163 25.6615 24.1521 18.3571 17.6946 16.2259 81.8555 62.7292 44.0806 29.6356 22.8381 51.813 43.4956 45.4926 31.3744 50.3325 31.3054 27.5933 37.2215 29.8568 28.0245 26.9825 25.9233 29.3727 24.2634 24.1169
threshold=0.8532998561859132 0.85239651799201976 3.5000000000000004 0.98238280415534984 0.76043477654457103 0.85053193569183361 0.30178649723529821 0.83484846353530895 4.5000000000000009 0.77500000596046459 3.5000000000000004 0.76466295123100292 0.88918977975845348 0.84640040993690502 0.91284659504890453 2.5000000000000004 0.97752526402473461 0.86607143282890331 0.87500000000000011 0.69069051742553722 0.16246172040700915 0.87535676360130321 0.81566143035888683 0.58520174026489269 0.74299544095993053 1.0000000180025095e-35 0.70230659842491161 0.84234201908111583 0.028381979092955593 0.86789441108703624
decision_type=2 2 2 10 2 2 2 2 2 2 2 10 10 2 10 2 2 2 2 10 2 2 2 8 10 2 10 10 2 2
left_child=1 2 -1 4 8 6 -6 -5 -4 10 11 -2 13 -13 15 20 18 29 21 -20 -11 22 23 -17 -23 28 27 -22 -19 -18
right_child=9 -3 3 7 5 -7 -8 -9 -10 14 -12 12 -14 -15 -16 16 17 25 19 -21 26 24 -24 -25 -26 -27 -28 -29 -30 -31
leaf_value=3.9404466660783804e-05 0.0029457509982506883 -0.10229689362270623 -0.0018941676402677294 0.12825363147804475 -0.0035060094424893221 0.10179951809047098 -0.07247110968377822 -0.028332305223633406 0.25852369822956056 -0.10636616841391411 -0.14385125748478664 -0.022600262578481429 0.018897852039519401 -0.0986089573738895 0.0033956741995650377 0.073726329872329938 0.032411382486082843 0.09616810286775522 0.0049908293271337485 -0.298922065591601 0.031426315994974564 -0.074012660090146495 0.11904142672689864 -0.028093598006351569 0.025420173389925714 0.12586527993187391 0.16088604180545873 -0.15876793512996065 -0.036229747120017745 -0.10472342116549424
leaf_weight=16353.986820676573 9858.6037716361661 64.72065646057672 363.36877240177341 77.278234372404768 151.62634173188394 23.355408032311516 463.88765997365408 21.056868356898121 4.9668095798424465 97.093207333580722 88.829791614783971 192.87991565171728 178.16225945731094 289.16504303748547 4853.0154542947766 112.10311423294297 155.55154421958377 72.549369578715414 35.997483821469359 17.569733361953695 60.892968203970668 111.01148938535607 110.14506005914745 150.84485021734599 147.26702076275024 248.77526699956934 19.943219032735215 24.955788697567186 53.293436666950583 34.378081356249368
leaf_count=4068102 1700376 7716 38657 3772 26773 1974 13781 885 258 23787 6266 23606 16955 35857 838113 3317 8204 540 3926 1974 3223 6163 4303 8838 7954 36468 977 509 508 1800
internal_value=0.0003347 -0.00157249 -0.00119328 -0.0194116 -0.0306429 -0.0496143 -0.0555154 0.0947756 0.00230789 0.00231079 -0.00127132 -5.36977e-05 -0.04478 -0.0683055 0.00833628 0.0248313 0.0362494 0.0670381 0.0108116 -0.0983421 -0.0453206 0.0202134 0.046255 0.0154303 -0.017438 0.0972906 0.0111768 -0.0250537 0.0402551 0.00717091
internal_weight=34437.3 17524.2 17459.5 1105.54 1007.2 638.869 615.514 98.3351 368.336 16913 10607.6 10518.8 660.207 482.045 6305.39 1452.37 1249.49 564.548 684.939 53.5672 202.885 631.372 373.093 262.948 258.279 374.618 105.792 85.8488 125.843 189.93
internal_count=6895582 4161918 4154202 86100 81443 42528 40554 4657 38915 2733664 1783060 1776794 76418 59463 950604 112491 83995 47520 36475 5900 28496 30575 16458 12155 14117 37516 4709 3732 1048 10004
is_linear=0
shrinkage=0.15


Tree=179
num_leaves=31
num_cat=0
split_feature=10 33 33 12 15 28 27 10 34 8 27 11 29 14 33 11 33 14 19 9 20 26 20 29 19 18 8 8 11 16
split_gain=5.04606 15.9531 12.8902 13.1422 11.0149 9.72263 9.99685 7.70158 9.92557 9.57986 15.6177 14.3303 10.7182 9.8171 8.11436 8.20347 7.86331 7.66914 7.96461 7.57244 9.16207 7.41663 7.28383 7.07782 6.78418 8.78781 8.81935 11.135 7.86142 9.66761
threshold=0.37705636024475103 0.88989898562431347 0.59491634368896495 2.5000000000000004 9.5000000000000018 0.41428571939468389 2.5000000000000004 0.34538416564464575 0.92637759447097789 0.63875886797904979 1.5000000000000002 0.14909049868583682 0.61271190643310558 17.500000000000004 0.81530213356018078 0.19911993294954303 0.85053193569183361 37.500000000000007 533.50000000000011 0.60334590077400219 2.5000000000000004 1.0000000180025095e-35 5.5000000000000009 0.75064638257026683 498.50000000000006 0.064308453351259245 0.53315994143486034 0.56632471084594738 0.27459055185317999 0.022894532419741157
decision_type=8 2 2 8 8 2 2 8 2 8 2 10 2 10 2 10 2 10 2 8 2 2 2 2 2 2 10 10 8 2
left_child=1 2 3 4 -1 19 -7 8 14 -9 11 -11 -12 16 15 23 -13 -10 -19 -5 -21 -17 -15 -4 -16 26 28 -28 -26 -30
right_child=-2 -3 7 5 -6 6 -8 9 17 10 12 13 -14 22 24 21 -18 18 -20 20 -22 -23 -24 -25 25 -27 27 -29 29 -31
leaf_value=-0.098589052256616419 3.8613458595205753e-05 -0.0050949853847118524 0.017462907510779099 0.20465179587825355 0.32081669892241266 -0.10555751741072496 0.17678981865877563 0.017977614202453078 -0.071379539956439086 0.26865630974681409 -0.046375389195740101 0.26036763778051986 0.08193242282840156 -0.041743298988083995 -0.062420455744104854 -0.090884752029575216 -0.047506007135258328 -0.093598576337790604 0.049015956421398853 -0.035451497240162881 0.22196392437940279 0.096972324409327737 0.19321424421349545 0.13319415521321384 -0.046189571329114887 0.16371314978441073 0.25979390821330234 0.064743724101584743 -0.049537984567147676 0.18121621006191646
leaf_weight=1.5410316892000535 32975.075940337527 784.29938671828995 111.26050060647839 3.2474551952691399 3.2262470724933783 42.486095196298834 2.1274899917262919 72.328716648943612 37.710981492188978 15.881453260986289 20.336589027649097 7.528754651388228 46.87943325061201 12.917115014040062 8.1146838155582355 24.362280474889307 2.0357854260403201 10.349466495743512 38.693488736340726 28.601272255614337 2.4777822948930739 4.9476111356634638 2.7758304126016347 12.382062373555526 26.878988654921898 19.487448758129517 6.8636916820653928 49.635103908208748 6.4835962413559391 8.6453067014075469
leaf_count=322 5942864 193759 176393 202 2313 62853 1016 59011 20995 16232 34684 1987 7393 4505 3745 17601 527 10508 38259 203043 23876 129 279 2603 13294 35351 2779 13148 4420 1866
internal_value=0.000415067 0.00918477 0.026936 -0.0276276 0.191656 -0.0431022 -0.0885126 0.0353287 0.0227103 0.0606106 0.0886442 0.160429 0.0430014 0.0847374 0.0364575 0.0130853 0.196544 -0.0214218 0.0176512 0.0167518 -0.00864948 -0.0570207 0.00890184 0.0300283 0.0644787 0.073657 0.0543751 0.0925453 0.00207974 0.0853848
internal_weight=34389.6 1414.51 630.206 83.7074 4.76728 78.9401 44.6136 546.499 365.815 180.684 108.355 41.1389 67.216 25.2575 279.061 152.952 9.56454 86.7539 49.043 34.3265 31.0791 29.3099 15.6929 123.643 126.109 117.994 98.5067 56.4988 42.0079 15.1289
internal_count=6895957 953093 759334 293625 2635 290990 63869 465709 341091 124618 65607 23530 42077 7298 271329 196726 2514 69762 48767 227121 226919 17730 4784 178996 74603 70858 35507 15927 19580 6286
is_linear=0
shrinkage=0.15


Tree=180
num_leaves=31
num_cat=0
split_feature=11 9 19 14 9 17 15 29 10 9 14 19 10 32 0 34 18 32 9 10 12 24 11 12 34 18 18 30 34 32
split_gain=5.83463 7.49648 6.85494 8.93877 5.62246 5.41611 4.8166 6.95368 9.67213 10.0321 9.61546 10.001 8.70094 7.56668 6.67067 8.25471 8.07607 10.8487 8.85338 6.33725 6.2246 6.13183 6.0365 5.84587 5.73525 6.91157 6.41543 5.72788 5.51033 4.95611
threshold=0.14344059675931933 0.49189060926437383 651.50000000000011 4.5000000000000009 0.75857436656951915 589.50000000000011 1.5000000000000002 0.75473687052726757 0.55615735054016124 0.58324360847473156 6.5000000000000009 579.50000000000011 0.97278150916099559 0.81633377075195324 1.0000000180025095e-35 0.88284313678741466 0.0053026964887976655 0.85428637266159069 0.48318649828433996 0.3121184259653092 10.500000000000002 0.22500000149011615 0.2295242324471474 10.500000000000002 0.86463582515716564 0.0053026964887976655 0.0089839575812220591 2.5000000000000004 0.8532998561859132 0.12514468282461169
decision_type=8 8 2 10 10 2 8 2 10 8 10 2 10 2 2 2 2 2 10 10 8 2 10 8 2 2 2 2 2 2
left_child=1 -1 4 -4 -3 6 7 8 10 -10 -2 13 14 19 15 16 17 18 27 -12 -11 -18 -14 -21 26 -26 -16 -9 -25 -8
right_child=5 2 3 -5 -6 -7 29 12 9 20 11 -13 22 -15 24 -17 21 -19 -20 23 -22 -23 -24 28 25 -27 -28 -29 -30 -31
leaf_value=0.19877165137575378 -0.025140159324778144 -0.037224406696052759 0.027333776025806437 0.18449395270253263 0.10122620324573013 -0.077056229433658335 -0.003351714816096708 0.086773079244542431 -0.058410958152692247 0.14368188864691947 -0.032689890431965372 -0.027215617470070577 -0.044858041849727547 -0.010346967232919784 -0.022327872836746573 -0.013208495672632929 -0.022641798716665589 -0.018726595997952879 0.15929420797777602 0.093233972744942883 -0.038331991320905777 0.13957147013794777 0.082141138067848798 0.35940137257854265 -0.0099682054117314397 0.08161147237752589 -0.10231839032857194 -0.029891770095592327 0.08733431745578181 0.00058246983235404101
leaf_weight=5.0527196867478779 59.962611653845102 38.876186850326349 32.076974031737336 10.130801969916773 6.9241030600096556 19.741097496516886 10496.218872277797 28.284165592290947 7.5087328465888277 36.332096094879489 2.9062063630950723 16.120284332350707 9.5644501471351742 7.4742434963409314 140.04756908731815 126.14183423284499 51.263658371323686 25.206472043440954 27.990149824612672 8.8990323607622503 4.3495723544356215 4.8298522726036017 46.453572073503892 5.6172404296565883 94.907941409630439 21.997247207925739 26.131879087472953 13.380884433405297 3.3304797646763973 22969.002719165252
leaf_count=151 13281 8389 4529 1963 559 69326 4599139 704 202 1769 2530 4781 1070 238 4353 6006 2676 899 957 1061 533 237 5647 992 3398 1818 1766 266 677 2156146
internal_value=-0.000325724 0.036982 0.0255645 0.0684526 -0.0145777 -0.000428159 -0.000381722 0.0113501 0.0399173 0.0947722 0.0139155 0.0661129 0.00422686 0.11852 -0.00145261 0.0150645 0.0386216 0.0650772 0.0952396 0.163273 0.123769 -0.00647468 0.060051 0.195226 -0.0176165 0.00780974 -0.0354432 0.0494833 0.277093 -0.000651533
internal_weight=34346.7 93.0608 88.0081 42.2078 45.8003 34253.7 34233.9 768.7 152.5 48.1904 104.31 44.3475 616.2 28.2272 560.182 277.097 150.955 94.8617 69.6552 20.753 40.6817 56.0935 56.018 17.8468 283.085 116.905 166.179 41.6651 8.94772 33465.2
internal_count=6896063 15591 15440 6492 8948 6880472 6811146 55861 26064 2504 23560 10279 29797 5498 23080 11745 5739 2826 1927 5260 2302 2913 6717 2730 11335 5216 6119 970 1669 6755285
is_linear=0
shrinkage=0.15


Tree=181
num_leaves=31
num_cat=0
split_feature=17 30 21 10 24 23 17 24 9 12 9 32 34 0 9 34 16 28 34 16 31 34 23 9 9 34 23 17 32 34
split_gain=5.47448 8.41367 5.65873 4.41765 4.09755 19.1153 16.8651 11.8 18.0506 12.8574 11.3305 21.6062 26.5136 28.0063 22.5497 31.151 22.2144 23.9076 41.7805 27.344 20.4022 33.66 20.0052 19.2547 21.2785 23.5305 17.8534 21.2053 17.402 16.6539
threshold=473.50000000000006 2.5000000000000004 1.5000000000000002 0.32364304363727575 0.18333333730697635 2.5000000000000004 200.50000000000003 0.29166667163372045 0.7490091621875764 13.500000000000002 0.70857754349708568 0.83577540516853344 0.97937926650047313 1.0000000180025095e-35 0.84606757760047924 0.72804316878318798 0.014925695955753328 0.38750000298023229 0.83899769186973583 0.015871291048824791 0.88194444775581371 0.89769753813743602 1.0000000180025095e-35 0.88330480456352245 0.93647652864456188 0.93969696760177623 1.0000000180025095e-35 24.500000000000004 0.44347815215587622 0.86078810691833507
decision_type=2 2 2 10 2 2 2 2 10 10 10 2 2 2 10 2 2 2 2 2 2 2 2 10 10 2 2 2 2 2
left_child=4 2 3 -2 5 10 7 8 9 -6 -1 14 13 16 28 -16 -13 19 -19 -18 21 -20 -17 -22 25 -25 27 -21 -12 -24
right_child=1 -3 -4 -5 6 -7 -8 -9 -10 -11 11 12 -14 -15 15 22 17 18 20 26 23 -23 29 24 -26 -27 -28 -29 -30 -31
leaf_value=-0.0024209704771250913 -0.036811480350937488 0.04967572832300083 0.1035695842317763 -0.11418262330600554 0.023200741208011792 -0.06050370022959739 0.028526682801079055 0.0002263461691826776 -0.1888322747511825 0.11406502828726552 0.18960740775062052 0.087915698580505047 -0.031389828091949408 -0.023035593716479719 -0.11539734045683168 -0.019503481848399149 0.02990185186272425 0.11745245656071648 0.04100299043559881 -0.013895033732225139 0.058454289843016934 -0.027384268543466109 0.034603974885854337 0.1250568244549754 0.091733947716446232 -0.13302039131155141 -0.0076763974263727676 -0.12506356844031599 0.0092436208746495326 0.11297327004311697
leaf_weight=18341.20812314266 109.1032951685047 25.569633914462429 4.7862145582330404 19.110186397797406 284.06476968999232 120.00248068469955 531.26918369254236 10017.182213815264 7.3685705522075287 39.136317582175252 11.1361465433838 86.933654390544689 565.85103046050062 603.70426877413774 21.951314574544085 51.017483408708358 177.97214082215214 94.367935261350794 259.19792795925605 66.451635532546788 301.73553292937868 427.81877314855956 100.53358467348153 9.0523966167638701 21.896927515008429 39.440511397144292 158.26937871205155 92.060411844373448 1510.9313700812163 159.05857058402034
leaf_count=5630778 344844 26672 88 43515 10624 184502 40082 513389 160 1689 775 3564 14270 11244 251 1851 3359 6021 3477 1328 5644 5956 1189 1128 1028 333 2178 597 32972 2012
internal_value=-4.44285e-05 -0.0277632 -0.0429107 -0.0491381 8.52793e-05 -0.0010402 0.00248741 0.00114789 0.0289882 0.0345214 -0.00072869 0.00579199 -0.00228427 0.00476765 0.0184356 0.0537616 0.0144486 0.0105228 0.0223485 -0.0170382 0.013772 -0.001561 0.0660483 0.0420082 -0.0283215 -0.0832906 -0.0434208 -0.0788386 0.0106869 0.082872
internal_weight=34258.2 158.569 133 128.213 34099.6 23220.6 10879 10347.8 330.57 323.201 23100.6 4759.38 2904.75 2338.9 1854.63 332.561 1735.2 1648.26 1153.51 494.754 1059.14 687.017 310.61 372.125 70.3898 48.4929 316.781 158.512 1522.07 259.592
internal_count=6895520 415119 388447 388359 6480401 5914457 565944 525862 12473 12313 5729955 99177 60127 45857 39050 5303 34613 31049 23587 7462 17566 9433 5052 8133 2489 1461 4103 1925 33747 3201
is_linear=0
shrinkage=0.15


Tree=182
num_leaves=31
num_cat=0
split_feature=18 10 29 24 9 20 23 29 17 19 33 20 33 9 18 14 20 10 17 33 20 33 34 23 33 25 34 33 17 6
split_gain=5.34321 7.15092 11.769 8.03398 17.6888 8.79545 9.54274 8.94978 8.11599 7.40051 8.08676 6.42245 7.71965 6.69139 6.18934 8.90883 5.79167 4.9049 4.87026 4.73697 6.49494 6.13453 6.8237 6.97462 6.27377 5.84504 5.1226 5.08535 5.01647 4.54967
threshold=0.72416335344314586 0.26871900260448461 0.57227855920791637 0.29166667163372045 0.48155790567398077 144.50000000000003 1.0000000180025095e-35 0.52961185574531566 375.50000000000006 425.50000000000006 0.55646631121635448 196.50000000000003 0.54631218314170849 0.51706680655479442 0.90388780832290661 89.500000000000014 1.5000000000000002 0.3696975857019425 500.50000000000006 0.76253134012222301 2.5000000000000004 0.53390806913375866 0.90521115064620983 1.5000000000000002 0.48304596543312078 1.0000000180025095e-35 0.59549137949943554 0.96490147709846508 509.50000000000006 1.0000000180025095e-35
decision_type=2 8 2 2 10 2 2 2 2 2 2 2 2 10 2 10 2 8 2 2 2 2 2 2 2 2 2 2 2 2
left_child=-1 2 -2 5 17 6 7 -3 11 10 -9 12 -7 -14 29 18 -6 -5 -16 20 21 22 24 -24 25 28 -23 -21 -19 -10
right_child=1 3 -4 4 16 8 -8 9 14 -11 -12 -13 13 -15 15 -17 -18 19 -20 27 -22 26 23 -25 -26 -27 -28 -29 -30 -31
leaf_value=0.00031139412779264761 -0.032153079296351458 0.034919854073481076 0.30337132952682172 0.18525145207152385 0.20182338498532412 -0.088490176467331469 -0.07069340427851474 0.11790261100330292 -0.12807729304373486 -0.04386245550938489 -0.013696021880653483 -0.069132103097848951 0.33617463909366246 -0.056012298171500462 0.18634079360236502 -0.11400392624428783 0.056453020540543221 -0.052770157969085185 -0.022272517666144166 0.030067023770501657 -0.10293941426543311 0.14725514589761265 0.31542429899096519 -0.018776924573638294 0.18330323095078396 -0.16014684478415311 -0.097022596219689117 -0.083341761336885298 0.22595307378416418 0.039634883916763473
leaf_weight=33700.52774805321 4.9717158458006434 56.708421485999622 3.1932051541389228 1.8481446815530933 11.231158516166035 1.0740615114058281 105.24670856306972 12.674089263551648 8.6755394283334244 202.20940758989673 44.658032656006071 1.7033600754887173 5.0860257095660018 0.85778767624651653 8.221399548728753 3.7085281589870638 14.697146337057346 3.0705535097004084 3.1928509179920175 57.224343779959781 24.039710363063023 1.3221981734814097 2.7653179377302868 2.0713100244902307 2.0697670079662194 4.9049906075579202 13.589081939192509 9.5185325839192938 1.3499963992617265 5.2232718627246859
leaf_count=5980241 58516 103110 1366 180 278 1955 703961 190 7026 10941 941 1851 2002 141 5206 841 362 471 1351 4683 3331 260 193 373 332 320 2894 717 199 1576
internal_value=5.79249e-05 -0.0137623 0.11785 -0.0157173 0.0143889 -0.0255412 -0.0317687 -0.0186327 0.0430292 -0.0304227 0.0169182 0.161655 0.219307 0.27966 0.003184 0.0674913 0.124578 -0.00950715 0.130893 -0.0139423 -0.0460615 -0.000320261 0.0617006 0.193605 -0.0053877 -0.0609634 -0.0674688 0.0129017 0.0583308 -0.06662
internal_weight=34317.6 617.107 8.16492 608.942 149.702 459.239 421.497 316.25 37.7428 259.542 57.3321 8.72123 7.01787 5.94381 29.0216 15.1228 25.9283 123.774 11.4143 121.926 55.1829 31.1432 16.2319 4.83663 11.3953 9.32554 14.9113 66.7429 4.42055 13.8988
internal_count=6895808 915567 59882 855685 14593 841092 819143 115182 21949 12072 1131 5949 4098 2143 16000 7398 640 13953 6557 13773 8373 5042 1888 566 1322 990 3154 5400 670 8602
is_linear=0
shrinkage=0.15


Tree=183
num_leaves=31
num_cat=0
split_feature=33 28 29 37 8 27 28 29 28 27 10 29 20 29 8 8 16 28 32 10 8 26 29 28 8 19 32 10 29 33
split_gain=6.48112 29.151 162.07 70.3852 49.5301 27.7816 27.0022 61.2581 39.2088 65.9082 36.4773 32.4802 27.6096 27.2949 24.9124 30.0703 24.5909 24.4523 24.5359 23.0956 32.5973 22.3746 22.0692 21.987 21.8851 19.9082 19.8021 24.8477 19.4323 18.8616
threshold=0.95875850319862377 0.84523808956146251 0.8516846001148225 1.0000000180025095e-35 0.81900230050086986 2.5000000000000004 0.30952382087707525 0.44247451424598699 0.64583334326744091 1.5000000000000002 0.55615735054016124 0.66800111532211315 15.500000000000002 0.45417183637619024 0.99999985098838817 0.98897618055343639 0.02684713434427977 0.93750000000000011 0.17199121415615085 0.69069051742553722 0.67043057084083568 1.0000000180025095e-35 0.73381957411766063 0.46428571641445165 0.85574862360954296 518.50000000000011 0.091646198183298125 0.51078575849533092 0.53560027480125438 0.80707195401191723
decision_type=2 2 2 2 8 2 2 2 2 2 10 2 2 2 10 10 2 2 2 10 8 2 2 2 10 2 2 8 2 2
left_child=14 2 6 -4 5 -3 21 -8 9 11 12 13 24 -9 15 -1 -12 18 -17 20 -18 -2 -14 -15 25 -10 27 -7 -11 -19
right_child=1 4 3 -5 -6 26 7 8 10 28 16 -13 22 23 -16 17 19 29 -20 -21 -22 -23 -24 -25 -26 -27 -28 -29 -30 -31
leaf_value=0.0010292529519663159 -0.065208161142714674 -0.021033076428916685 -0.1265701125033141 0.082194359784428961 0.00093700572512619279 -0.055848501128938383 0.078177073866960503 -0.11715514762837916 0.050200627360235492 -0.020601140605062886 -0.080594977059811418 -0.081011451738198154 -0.0052551343006622762 -0.090827087251743377 -0.032576354330568782 0.051323632183473022 -0.059809884752662371 0.13518379972512964 0.22334005716506997 -0.048960697928905478 0.032987665385343326 -0.003947184609019788 -0.23642965122038501 0.051926879649484232 0.13172781073716902 0.009205112328149561 0.14018390915818468 0.11257310463001047 -0.12305631785265858 -0.012498771305909954
leaf_weight=25899.536887360831 263.82046214391085 56.448883303482944 347.93739434354029 39.875331287631525 3435.1554184987031 33.663019718645955 221.06901345194774 27.033310361569306 356.67609528430648 54.668931070201779 126.61870117503554 83.640796063754351 21.159267289370291 25.959377466016122 491.58120453656738 44.556016724442088 111.78596230889889 23.329813437134362 32.131180265912917 217.2357496819709 347.06091365337988 272.12298375098908 15.631621433876715 250.27266276969181 39.360915549596484 1048.4153690934506 107.84792472605113 44.998331342467282 180.27328095282235 96.512893149722004
leaf_count=5483390 106782 5176 40087 2648 789709 1553 63232 3096 40676 23066 41874 7134 3976 8717 38567 2272 4854 1073 2171 18964 22043 3797 3406 31225 3058 89673 14302 2289 34577 2499
internal_value=-0.000268252 -0.00409137 -0.0128683 -0.104949 0.00557536 0.0708839 -0.00309304 0.0022425 -0.00355941 -0.0369201 0.00553587 0.00118081 0.0194864 0.0240412 0.000843199 0.00147396 -0.0201995 0.0597774 0.125344 -0.00878618 0.0102991 -0.0341684 -0.107133 0.0382321 0.0227833 0.0196399 0.0986673 0.040701 -0.0994043 0.0171314
internal_weight=34316.4 7728.73 4050.62 387.813 3678.11 242.958 3662.81 3126.86 2905.79 621.848 2283.94 386.906 1481.24 303.265 26587.6 26096.1 802.701 196.53 76.6872 676.083 458.847 535.943 36.7909 276.232 1444.45 1405.09 186.509 78.6614 234.942 119.843
internal_count=6895886 1365914 552885 42735 813029 23320 510150 399571 336339 107815 228524 50172 140789 43038 5529972 5491405 87735 8015 4443 45861 26897 110579 7382 39942 133407 130349 18144 3842 57643 3572
is_linear=0
shrinkage=0.15


Tree=184
num_leaves=31
num_cat=0
split_feature=33 19 34 9 34 31 0 32 18 23 9 29 32 34 32 8 32 13 8 34 22 32 31 13 29 9 34 23 29 10
split_gain=7.0972 16.3078 7.93576 6.4215 6.63896 5.85493 20.3934 31.986 18.8283 13.2336 25.8024 22.0828 12.2514 11.7399 11.7105 22.9888 11.1903 10.9644 15.157 9.96606 28.8094 31.9393 23.6521 19.3416 14.4382 16.0468 22.4145 13.6657 12.7689 13.1152
threshold=0.14854215830564502 533.50000000000011 0.8143841326236726 0.58969038724899303 0.76339712738990795 0.73214286565780651 1.0000000180025095e-35 0.71088671684265148 0.51183700561523449 1.0000000180025095e-35 0.77382215857505809 0.45204113423824316 0.82011902332305919 0.85839599370956432 0.66025236248970043 0.7038446068763734 0.85134449601173412 84.500000000000014 0.98238280415534984 0.89237451553344738 1.5000000000000002 0.77306571602821361 0.89444443583488475 3.5000000000000004 0.5439659357070924 0.5548723340034486 0.79516318440437328 1.0000000180025095e-35 0.75473687052726757 0.33876813948154455
decision_type=2 2 2 8 2 2 2 2 2 2 10 2 2 2 2 10 2 8 8 2 2 2 2 10 2 10 2 2 2 10
left_child=1 2 -1 4 -3 -2 14 -8 9 10 12 16 -9 -10 15 -7 -12 19 -19 20 21 27 -23 -24 -22 -26 -27 -16 -21 -30
right_child=5 3 -4 -5 -6 6 7 8 13 -11 11 -13 -14 -15 17 -17 -18 18 -20 28 24 22 23 -25 25 26 -28 -29 29 -31
leaf_value=-0.16973359817222475 0.0013190532327030575 0.15503561918804273 0.0044702480116071853 0.128902828403196 -0.097899316425515928 -0.06656502615164081 -0.13808899112899298 0.024686221276825189 0.22517488576906236 -0.013624178481443769 -0.074295432350479806 0.13136089041172064 0.12633046669618245 -0.032683797698514698 -0.10328099221413582 0.039791726135209669 0.034935929458745268 0.012908489310262332 0.11423235821726505 0.0032770538971838127 -0.029171882657611281 0.037734260410814922 -0.019518423219317457 0.038346834343096221 -0.027060625788809002 0.10195783734433489 0.002168413874564983 -0.010085699099819488 -0.06153663384785589 -0.0092645583160974217
leaf_weight=6.7456305434420782 22441.826040201071 2.5233853193294618 24.275590697140615 36.539866638179774 5.9467750579337917 145.1435261230954 43.754338108557931 52.556081124977936 11.292987392518627 3398.559441764919 83.212614339718129 17.153953284401723 54.483668473440048 5.5312935742804248 58.196602800031542 65.756639969014941 27.487481758173089 124.84129977835983 44.417772219969265 3091.3840312719858 527.72365700356022 1137.4670867930672 376.81082654110651 197.12508132878065 164.64873091000118 73.378996301047664 158.8621979686468 88.684511393745197 114.51203898301901 1673.3854858975074
leaf_count=1741 6344796 370 3265 8773 1403 35775 14307 1769 2501 137173 887 3653 1949 3714 3806 3005 306 2847 7897 106246 19592 38550 15100 6233 3609 5224 7839 7633 6018 100267
internal_value=1.80052e-06 0.045481 -0.0375284 0.102264 -0.0141322 -0.000100698 -0.00281537 -0.0120397 -0.0104914 -0.0112428 0.0231236 -0.0223249 0.077114 0.143322 0.00142253 -0.0333727 -0.0471027 0.00236371 0.0400131 0.00152691 0.00868845 0.0194505 0.0252174 0.000388214 -0.0129387 0.00866473 0.0339999 -0.0474598 -0.00255861 -0.012645
internal_weight=34254.2 76.0312 31.0212 45.01 8.47016 34178.2 11736.4 3694.03 3650.28 3633.45 234.894 127.854 107.04 16.8243 8042.34 210.9 110.7 7831.44 169.259 7662.18 2782.9 1858.28 1711.4 573.936 924.614 396.89 232.241 146.881 4879.28 1787.9
internal_count=6896248 15552 5006 10546 1773 6880696 535900 166259 151952 145737 8564 4846 3718 6215 369641 38780 1193 330861 10744 320117 107586 71322 59883 21333 36264 16672 13063 11439 212531 106285
is_linear=0
shrinkage=0.15


Tree=185
num_leaves=31
num_cat=0
split_feature=10 27 19 8 33 16 19 27 33 34 10 33 1 11 19 27 9 33 16 20 12 13 14 33 19 7 16 19 16 33
split_gain=6.48534 16.6552 23.4542 23.4312 18.7957 20.4356 18.2083 19.5843 16.7957 22.1523 15.9241 25.0471 14.5361 14.1414 13.8722 13.7774 13.9426 12.9536 12.1837 11.6304 19.4138 12.3941 11.4217 11.2575 10.8378 11.3102 10.3887 10.0114 9.99648 9.92909
threshold=0.83451512455940258 2.5000000000000004 633.50000000000011 0.95644646883010875 0.78817018866539013 0.064264308661222472 566.50000000000011 3.5000000000000004 0.68801230192184459 0.65133896470069896 0.88918977975845348 0.96922349929809581 1.0000000180025095e-35 0.17585825175046924 537.50000000000011 4.5000000000000009 0.79435431957244884 0.67694497108459484 0.026145002804696563 27.500000000000004 2.5000000000000004 13.500000000000002 1.5000000000000002 0.99074074625968944 435.50000000000006 2.5000000000000004 0.049551423639059074 709.50000000000011 0.076167490333318724 0.67694497108459484
decision_type=10 2 2 8 2 2 2 2 2 2 10 2 2 8 2 2 8 2 2 2 10 10 8 2 2 2 2 2 2 2
left_child=-1 2 -2 4 6 14 7 17 9 18 11 13 -4 -10 -6 16 26 24 -5 20 22 -21 28 -17 -3 -26 -16 -28 -12 -9
right_child=1 3 12 8 5 -7 -8 29 10 -11 19 -13 -14 -15 15 23 -18 -19 -20 21 -22 -23 -24 -25 25 -27 27 -29 -30 -31
leaf_value=-0.00077174942569605269 0.019698382920973145 0.22814041908060526 -0.041130078068654874 0.11762657286782649 0.011430022933766805 -0.04769189553294978 -0.041005130228441898 -0.04507253455563287 0.043204100371706557 0.15854693936012171 0.0047473519876063157 -0.14209589433822789 0.055424986169515501 -0.031308601332293587 0.10876407166012418 -0.043979878065586543 0.028211191952839394 -0.030867982404535053 -0.076429946021695658 -0.038779339164396701 0.019511284029450269 0.17124695153487421 -0.022707619746592963 0.1320574121696354 -0.069873868626067745 0.078092374761653663 0.037652173578916454 0.1679980967059396 -0.024407784716394761 0.089321259875521697
leaf_weight=25650.37032571125 2167.5900843492391 5.914072894090622 234.03326353279544 9.511640204819285 662.93263552130315 87.16444380955727 241.97549712577256 13.892977999473258 64.514857037083402 30.772383088419701 1357.0065733078268 41.365181376956684 40.342780753231182 462.1441522192066 113.38062834012817 61.115103232754336 331.51659459923667 173.05581130144083 22.757987999049874 264.53174312569035 755.03260892807839 5.5033211444024337 798.30429180965893 8.4309458297248039 16.948541344285331 32.240667869717981 151.85571007653198 13.688452847360166 327.64271192316664 82.330124535512823
leaf_count=5795397 458932 977 10537 191 46451 2406 10855 1088 2893 4071 54647 5796 5433 31055 2710 2220 21592 13342 522 198033 95769 316 50415 574 2037 1716 3835 341 66179 4842
internal_value=0.000422267 0.00399256 0.0144669 -0.000177962 0.0131652 0.02232 -0.00994966 0.0132712 -0.00661553 0.0696112 -0.00781127 -0.031088 -0.0267834 -0.0221163 0.0268964 0.0419358 0.0491366 -0.0107072 -0.0174145 -0.00403449 -0.00153555 -0.033883 -0.00794089 -0.0210698 0.0520306 0.026733 0.073818 0.0493742 -0.000934065 0.0696531
internal_weight=34227.9 8577.5 2441.97 6135.53 1996.44 1430.08 566.358 324.382 4139.09 63.042 4076.05 568.024 274.376 526.659 1342.92 679.987 610.441 228.159 32.2696 3508.02 3237.99 270.035 2482.95 69.546 55.1033 49.1892 278.925 165.544 1684.65 96.2231
internal_count=6895172 1099775 474902 624873 114986 80129 34857 24002 509887 4784 505103 39744 15970 33948 77723 31272 28478 18072 713 465359 267010 198349 171241 2794 4730 3753 6886 4176 120826 5930
is_linear=0
shrinkage=0.15


Tree=186
num_leaves=31
num_cat=0
split_feature=13 9 23 16 13 31 33 24 8 23 28 33 9 10 10 27 33 22 33 28 37 9 23 16 9 16 31 9 17 33
split_gain=6.6633 25.0353 21.1826 15.3756 14.9023 13.6832 12.1829 49.7412 27.4255 23.722 41.2037 22.0902 16.6426 16.467 16.197 17.5238 34.4852 21.4189 20.0679 33.3462 22.8596 19.2835 18.2104 33.8748 20.9477 19.8343 21.8997 18.3881 18.2077 16.1961
threshold=3.5000000000000004 0.78956952691078197 1.0000000180025095e-35 0.012195348273962738 7.5000000000000009 0.23611111193895343 0.96720427274703991 0.36666667461395269 0.99999985098838817 1.0000000180025095e-35 0.30952382087707525 0.9740215837955476 0.6293783187866212 0.66734924912452709 0.53646206855773937 1.0000000180025095e-35 0.88603895902633678 1.5000000000000002 0.45534290373325353 0.46428571641445165 1.0000000180025095e-35 0.51910424232482921 1.0000000180025095e-35 0.015871291048824791 0.76385688781738292 0.014493093825876715 0.88194444775581371 0.54003718495368969 24.500000000000004 0.94665718078613292
decision_type=8 10 2 2 8 2 2 2 10 2 2 2 10 8 10 2 2 2 2 2 2 10 2 2 10 2 2 10 2 2
left_child=3 -2 4 -1 -3 -5 8 9 14 10 -8 -9 -11 -14 15 16 17 22 -17 20 -20 -19 23 -7 -25 -24 27 -27 -26 -18
right_child=1 2 -4 5 -6 6 7 11 -10 12 -12 -13 13 -15 -16 18 29 21 19 -21 -22 -23 25 24 28 26 -28 -29 -30 -31
leaf_value=0.091824344559667773 -0.00087616966821838817 0.019232450609523409 -0.033085439279327472 -0.066806091418539909 0.19910712796144484 0.022936836130204672 -0.081862569757880976 -0.071995998725828972 -0.062252227920077063 -0.066875433324931649 0.13150454028335878 0.038422177809182216 0.0034505549045225179 -0.041069746486422073 0.013531030025622922 0.060856996146472608 0.042193617293724374 0.05795679388740882 -0.06675684565361642 -0.0035079912705917324 0.022429858021886673 -0.023366121255961884 -0.070636459365723506 -0.0034111938067087131 -0.025747328039246956 -0.057688691909090338 -0.0064461390753326629 0.031901352329061466 -0.12816124009145377 -0.0044529672268029128
leaf_weight=42.097290316414728 20784.120073633465 78.405563714331947 855.96086154950717 63.555523300177811 10.994635535402265 247.92519787148831 32.481817510095425 43.714178810332669 136.71547653786001 255.97585450996121 51.315306160868204 469.63917182531259 317.63652133068535 452.77111461381719 3469.1561566961091 89.569005876081064 752.8215439544947 69.327317002229393 337.75341710411885 2170.83283660702 79.392194521700731 987.18952759091917 59.07058424090792 112.44573871520697 65.596498458064161 52.927513626644213 608.92721330412314 1219.1700532399846 97.812903619895224 215.08151971074403
leaf_count=966 6351188 2319 24664 3729 463 6601 626 2835 6310 5018 11365 145246 3647 13975 162308 4703 14524 1931 6039 66103 1928 15205 1588 2222 1293 2925 9224 21990 544 4572
internal_value=-0.000375295 -0.00196263 -0.0258226 0.00238379 0.0433116 0.00207424 0.00243278 -0.00967639 0.00425862 -0.0275233 0.0488082 0.0288979 -0.0337967 -0.0227335 0.00511941 0.00104582 0.0067746 -0.00012242 -0.00855611 -0.010981 -0.0497696 -0.0179801 0.00753917 -0.0172569 -0.0533335 0.014239 0.0169405 0.0281314 -0.0874565 0.0318342
internal_weight=34230.4 21729.5 945.361 12500.9 89.4002 12458.8 12395.2 1623.53 10771.7 1110.18 83.7971 513.353 1026.38 770.408 10635 7165.84 4488.3 3520.39 2677.55 2587.98 417.146 1056.52 2463.88 523.78 275.855 1940.1 1881.02 1272.1 163.409 967.903
internal_count=6896051 6378634 27446 517417 2782 516451 512722 182712 330010 34631 11991 148081 22640 17622 323700 161392 82619 63523 78773 74070 7967 17136 46387 10660 4059 35727 34139 24915 1837 19096
is_linear=0
shrinkage=0.15


Tree=187
num_leaves=31
num_cat=0
split_feature=12 20 33 29 19 13 19 20 33 33 15 11 29 29 33 8 33 8 19 23 13 19 19 17 33 33 11 14 17 13
split_gain=4.52101 15.9619 14.375 13.5553 25.5597 23.8391 16.4268 15.6918 13.1859 23.9846 14.4945 14.722 22.2679 24.4153 15.3374 14.1206 22.6177 14.3427 12.8852 12.1008 12.2684 12.1104 14.447 11.952 11.5724 22.3058 13.6463 16.0599 14.7427 19.2501
threshold=5.5000000000000009 25.500000000000004 0.46720430254936224 0.690290927886963 499.50000000000006 4.5000000000000009 631.50000000000011 1.0000000180025095e-35 0.83899769186973583 0.83484846353530895 87.500000000000014 0.29702672362327581 0.81566143035888683 0.87969252467155468 0.81909090280532848 0.90428787469863903 0.73123827576637279 0.73839181661605846 586.50000000000011 1.0000000180025095e-35 17.500000000000004 577.50000000000011 446.50000000000006 31.500000000000004 0.67694497108459484 0.680425524711609 0.15886688232421878 51.500000000000007 22.500000000000004 4.5000000000000009
decision_type=8 2 2 2 2 8 2 2 2 2 10 8 2 2 2 10 2 10 2 2 8 2 2 2 2 2 10 8 2 8
left_child=1 2 -1 4 -4 6 -6 -7 9 10 11 -5 -13 14 18 16 17 -15 -14 -18 21 22 -21 -9 26 -26 27 -2 29 -29
right_child=24 -3 3 8 5 7 -8 23 -10 -11 -12 12 13 15 -16 -17 19 -19 -20 20 -22 -23 -24 -25 25 -27 -28 28 -30 -31
leaf_value=-0.052022751813952044 0.02346556386569032 -0.048709913190065242 -0.038710991791105133 -0.017229961979241946 0.016547188582838462 0.014350993159119415 -0.03125606474666115 0.049906974978420546 0.0046903567248341065 -0.093841355922172062 0.086164732927820967 -0.024925207154315537 0.049530835044608659 0.034257193661720253 -0.024105557723594791 0.0088521640997407842 0.061213463449425097 -0.059698547563532746 -0.038708717532511989 0.17174043685453405 -0.074132775343393215 0.081719681603089067 -0.02399598840969221 0.18383625331551359 -0.070143572754421998 -0.0036322873166255141 -0.025577156693989252 -0.0078592859741129541 0.0065322226282205449 -0.084943775602290994
leaf_weight=108.28870488565917 930.79012313541978 139.20914777347753 180.54774629109284 1487.1066833988259 470.66816378480144 398.18985085649729 245.14888517363761 497.22963801796982 7245.5173574549663 67.343170048969114 38.50271201034866 586.8797934793497 490.73733727517947 41.432482795204805 89.237095456788211 1066.7246673744903 76.122724393530916 276.81897345586776 39.56116041054338 8.0953836446715268 47.896449680194792 40.443832345350529 125.97932816489629 14.630704210095244 113.35905759639718 14352.182646353111 336.27732159476818 997.65232709718293 3561.1279290617463 77.667151498527801
leaf_count=32619 621945 179971 60276 70746 15411 121930 6114 149508 508273 2944 1643 56867 36525 5224 5860 44767 1157 18021 2561 321 9181 1595 5111 2826 45722 3570290 161527 29542 1084035 42455
internal_value=-0.00045473 0.00164331 0.00216063 0.00259795 0.0146898 0.02064 0.000155042 0.036735 0.000734458 -0.00565894 -0.00429309 -0.0051083 0.0011331 0.0077814 0.0332147 -0.00159224 -0.0196407 -0.0473977 0.0428875 0.0100086 -0.00771211 0.0108355 -0.0109935 0.0540861 -0.00187434 -0.00415831 0.0037219 0.00549592 0.00188415 -0.0135006
internal_weight=34151.4 13782.3 13643.1 13534.8 1806.41 1625.87 715.817 910.05 11728.4 4482.88 4415.54 4377.04 2889.93 2303.05 619.536 1683.51 616.789 318.251 530.298 298.538 222.415 174.519 134.075 511.86 20369.1 14465.5 5903.51 5567.24 4636.45 1075.32
internal_count=6894967 1339451 1159480 1126861 356065 295789 21525 274264 770796 262523 259579 257936 187190 130323 44946 85377 40610 23245 39086 17365 16208 7027 5432 152334 5555516 3616012 1939504 1777977 1156032 71997
is_linear=0
shrinkage=0.15


Tree=188
num_leaves=31
num_cat=0
split_feature=15 20 29 28 29 17 10 29 33 10 27 10 10 33 12 33 10 14 14 10 14 37 10 8 10 16 17 27 32 12
split_gain=6.05924 12.6568 17.8437 15.6154 33.0113 19.302 15.3029 13.7731 13.7063 13.4335 17.5248 13.7671 14.2481 15.6932 12.583 12.6217 12.127 12.091 11.457 12.7766 16.4333 10.5917 10.4948 10.3031 8.59064 23.4921 17.7336 14.7812 10.2548 10.3809
threshold=13.500000000000002 2.5000000000000004 0.61022934317588817 0.64583334326744091 0.67375949025154125 6.5000000000000009 0.51313433051109325 0.72683668136596691 0.72046512365341198 0.67523679137229931 1.5000000000000002 0.60322770476341259 0.54157939553260814 0.78817018866539013 8.5000000000000018 0.91751700639724743 0.33259204030036932 9.5000000000000018 3.5000000000000004 0.31449307501316076 39.500000000000007 1.0000000180025095e-35 0.51313433051109325 0.60451415181159984 0.37349109351634985 0.031250273808836944 7.5000000000000009 2.5000000000000004 0.28802660107612615 16.500000000000004
decision_type=10 2 2 2 2 2 8 2 2 10 2 10 10 2 8 2 8 10 8 10 8 2 10 10 10 2 2 2 2 8
left_child=-1 3 -3 5 8 9 7 -4 -5 10 11 12 -2 -14 15 22 -7 -8 -10 20 -20 -16 23 -12 27 28 -27 -6 29 -26
right_child=1 2 6 4 24 16 17 -9 18 -11 14 -13 13 -15 21 -17 -18 -19 19 -21 -22 -23 -24 -25 25 26 -28 -29 -30 -31
leaf_value=-0.0011542267267222153 0.031798351297313891 0.054760725078536736 0.00077698537128117161 -0.024779713824751293 0.010618563808900774 0.026567645621438204 -0.014720273059233902 -0.091700255025798302 -0.00086944774752729514 0.088113044884897324 -0.021954376843884769 -0.093461631650692101 -0.094692400774750288 0.26816493430475058 -0.16319333832741995 -0.085010696116867443 -0.04881142803189089 0.034745876707898811 -0.050664755170538561 0.14275775443076091 0.083115453237809972 0.032426461118738759 -0.04231451430266446 0.15842689981271951 0.045669568179129157 0.012636916066041516 -0.033047535058463293 -0.082214533666057285 0.0077541161687156241 0.21403361820751507
leaf_weight=29636.01413930866 140.82759462809634 88.738048882459111 56.862136315250041 36.14847998315463 100.56099276088344 56.996267673901144 721.29212699112168 98.816863082865723 39.863763075427414 46.647467202499229 10.947035004758051 16.635069993313664 2.9294521070064539 10.5806028371353 25.898390171238361 30.830908049981872 286.19276718655976 130.43714688468344 23.709353250670574 64.012554378388359 133.66603427243217 7.7198278636114983 22.031528622134374 18.297401089526829 13.77167681909941 2093.279423130527 209.42695024058048 61.426995304526372 15.753424110953345 22.305425539460884
leaf_count=6280344 21065 40472 5819 4271 5010 76299 68220 10038 1294 2762 1078 1401 1628 680 1874 1066 223762 13496 968 3167 7302 151 1234 777 1564 92291 26241 2329 331 1740
internal_value=-0.000368989 0.00470391 -0.00935116 0.00911919 0.0140379 -0.01133 -0.0150472 -0.0581333 0.0612128 0.0143594 0.00209463 0.0325348 0.0466294 0.188381 -0.0427713 -0.0106561 -0.0362518 -0.00711297 0.0731604 0.0864345 0.0627682 -0.118634 0.0348223 0.0924116 0.00844076 0.0107423 0.00846946 -0.0248728 0.109646 0.152729
internal_weight=34222.6 4586.61 1096.15 3490.46 2813.93 676.534 1007.41 155.679 297.4 333.345 286.698 170.973 154.338 13.5101 115.725 82.1069 343.189 851.729 261.252 221.388 157.375 33.6182 51.276 29.2444 2516.52 2354.54 2302.71 161.988 51.8305 36.0771
internal_count=6898674 618330 138045 480285 146508 333777 97573 15857 17002 33716 30954 24774 23373 2308 6180 4155 300061 81716 12731 11437 8270 2025 3089 1855 129506 122167 118532 7339 3635 3304
is_linear=0
shrinkage=0.15


Tree=189
num_leaves=31
num_cat=0
split_feature=33 9 10 32 10 34 33 29 20 30 19 19 13 16 13 17 29 9 13 16 17 16 9 30 32 22 23 9 31 32
split_gain=4.82044 9.79668 8.80604 14.3825 14.0936 6.81409 4.50674 6.91288 6.27855 6.32908 5.35128 6.77095 4.484 4.32788 18.0006 28.7241 25.0788 22.2938 33.5889 23.0796 20.7325 11.5422 10.7495 11.1643 10.0257 19.8005 27.1853 28.6866 16.3514 12.295
threshold=0.14854215830564502 0.67154744267463695 0.35781742632389074 0.67829006910324108 0.33016142249107366 0.86729559302330028 0.18274582922458651 0.13091239333152774 3.5000000000000004 3.5000000000000004 435.50000000000006 534.50000000000011 99.500000000000014 0.015151950065046551 5.5000000000000009 24.500000000000004 0.83415070176124584 0.77382215857505809 1.5000000000000002 0.014084815979003908 29.500000000000004 0.014493093825876715 0.53753677010536205 3.5000000000000004 0.82804733514785778 1.5000000000000002 1.0000000180025095e-35 0.69481444358825695 0.76388889551162731 0.74856123328208934
decision_type=2 8 8 2 10 2 2 2 2 2 2 2 10 2 8 2 2 10 10 2 2 2 10 2 2 2 2 10 2 2
left_child=1 5 4 -4 -3 -1 7 8 9 -2 -10 -12 13 14 16 -16 17 21 -19 -20 -21 22 23 -8 28 26 -26 -28 -17 -30
right_child=6 2 3 -5 -6 -7 12 -9 10 -11 11 -13 -14 -15 15 24 -18 18 19 20 -22 -23 -24 -25 25 -27 27 -29 29 -31
leaf_value=0.038670169031706454 0.026457327992882061 -0.054558690998753281 -0.14135994385080378 0.090632404818646276 0.69849162939605292 -0.12439620240307882 0.020364506093040715 0.089357153718787982 0.032418714177992421 -0.10205531433049793 -0.25530926106631352 0.091215957353645988 -0.094254228633612006 -0.00098176923437097051 -0.074967437020953695 -0.00032902751882084752 -0.11729048356598087 -0.15869437823939631 -0.094052580478421244 -0.056667062964398544 0.037859123308063097 0.039466647554878123 -0.0022344308482581563 0.1051226493563303 0.14558944022777318 -0.022863418027515008 0.077389138967469087 -0.018005506216535808 -0.11416075450969773 -0.014536730226739883
leaf_weight=10.605257944348752 18.494772149512528 0.77308214461004243 6.0406110721603445 43.481046692933887 0.24906646923477638 10.754829943015009 146.08539580863726 6.6086987159312676 2.2921779592609246 14.651412382241686 7.544753663052914 0.97182516777775152 10.391437351747298 27183.229966559418 115.310381589401 4434.1921791270252 30.112720910161443 31.864037261082558 49.068631681497209 66.877903918648371 225.68219508104085 777.64191245239454 403.06793283422303 45.269889105969924 47.287897181082371 158.20483787389276 125.1423152677271 161.36167288934666 48.45009352372108 64.660989009233163
leaf_count=2453 4201 3498 5450 675 730 2701 9081 8604 480 524 2031 349 12688 3833465 66384 2827328 1031 306 507 2325 2679 34472 11544 1414 1122 21668 9397 4350 17172 7847
internal_value=-0.00014487 0.0383849 0.0739544 0.0600963 0.383614 -0.0453254 -0.000227059 -0.0445392 -0.0662106 -0.0316735 -0.160471 -0.210337 -0.000160095 -0.000128671 0.00321717 -0.0012704 0.0162375 0.0186069 -0.0138557 7.72373e-05 0.0161314 0.0274472 0.0116832 0.0408584 0.000430495 0.0207484 0.0414253 0.0237862 -0.00177188 -0.0578362
internal_weight=34246.4 71.9039 50.5438 49.5217 1.02215 21.3601 34174.5 50.5636 43.9549 33.1462 10.8088 8.51658 34123.9 34113.5 6930.28 5154.61 1775.67 1745.56 373.493 341.629 292.56 1372.07 594.423 191.355 5039.3 491.997 333.792 286.504 4547.3 113.111
internal_count=6896476 15507 10353 6125 4228 5154 6880969 16189 7585 4725 2860 2380 6864780 6852092 3018627 2955268 63359 62328 5817 5511 5004 56511 22039 10495 2888884 36537 14869 13747 2852347 25019
is_linear=0
shrinkage=0.15


Tree=190
num_leaves=31
num_cat=0
split_feature=19 9 28 34 10 18 20 10 31 8 29 10 11 12 28 23 16 33 33 27 33 10 33 26 8 13 12 27 13 8
split_gain=4.73316 18.7761 17.0038 15.7367 19.1096 14.8436 16.3989 15.415 14.3872 12.9171 12.5082 39.3942 18.6602 18.9866 16.1336 15.3509 14.8882 20.4123 14.3635 13.9673 13.7575 18.0847 13.6965 12.7244 11.9552 11.7762 14.6294 11.4443 11.279 10.401
threshold=473.50000000000006 0.49383798241615301 0.84523808956146251 0.80866709351539623 0.91099825501441967 0.011433240026235582 27.500000000000004 0.76466295123100292 0.18333333730697635 0.81900230050086986 0.78422570228576671 0.65246045589447033 0.16181599348783496 3.5000000000000004 0.58571431040763866 1.0000000180025095e-35 0.030077329836785797 0.93582704663276683 0.95875850319862377 1.5000000000000002 0.68469786643981945 0.88918977975845348 0.59491634368896495 1.0000000180025095e-35 0.95644646883010875 4.5000000000000009 8.5000000000000018 3.5000000000000004 11.500000000000002 0.98238280415534984
decision_type=2 10 2 2 8 2 2 8 2 8 2 10 10 8 2 2 2 2 2 2 2 10 2 2 10 10 10 2 10 10
left_child=1 2 3 4 -1 27 7 -7 -3 -9 11 12 14 -14 -10 -12 17 24 22 -13 21 -18 -16 -19 -17 26 -8 -4 -5 -6
right_child=-2 8 5 28 29 6 25 9 10 -11 15 19 13 -15 18 16 20 23 -20 -21 -22 -23 -24 -25 -26 -27 -28 -29 -30 -31
leaf_value=-0.026984015216393448 0.00048319815611426258 0.2054575450592098 -0.041039115281812012 -0.070442837406130582 0.021109464469883196 -0.016786987902688968 -0.040500835627734162 0.16778482225848595 0.0035446163676597286 0.046456709994688962 0.10711916309269566 -0.11151220130995601 0.11181493531475374 -0.15163877393508568 0.16032989029175251 -0.036424626655306477 0.03962514923854011 -0.16793942288412672 0.097894400194393771 0.15241427124878898 -0.0090488142871781151 0.34168247334969554 0.0094769571332647354 0.14327186255059843 0.082028295280350882 0.078988633978560846 0.0042419643250610779 0.0048334049834092823 -0.020519409099788079 -0.076837205706376824
leaf_weight=812.5660869528291 27730.867904830062 6.9909788724107775 314.49924587941155 227.94083615451291 342.54393871179911 82.483271592457527 209.64911193132218 21.334183287491442 1792.5514449510124 188.81344416093611 23.276951178322633 4.211758434190414 6.9652953321710802 28.954506363828841 13.666406434553208 220.58865412135856 69.391767237708336 34.949478479917161 75.62513038659381 53.357821229084948 554.1847420440954 3.8054476685447289 178.96643433027202 2.4708765177565502 20.045544842461823 37.538232166734815 748.57804823570314 199.58440477284375 185.41641794215047 25.282600630596335
leaf_count=202594 5447083 865 88277 256933 126435 19393 150657 1609 100789 45648 4371 160 232 981 634 9987 3631 750 8419 4495 47285 245 8452 3592 1251 943 192152 23544 136287 1706
internal_value=-0.000370056 -0.00401752 -0.011714 -0.0229962 -0.0141534 -0.00173109 0.00686857 0.0380206 0.00444274 0.0595102 0.00392045 0.0101924 0.00679973 -0.098907 0.00868927 -0.0106237 -0.0137655 -0.0425903 0.042926 0.131531 -0.000942965 0.0597222 0.020952 -0.144196 -0.0262585 -0.00231519 -0.00557926 -0.0232551 -0.0481526 0.014187
internal_weight=34217.1 6486.23 3396.23 1593.75 1180.39 1802.48 1288.4 292.631 3090 210.148 3083.01 2154.3 2096.73 35.9198 2060.81 928.713 905.437 278.055 268.258 57.5696 627.382 73.1972 192.633 37.4204 240.634 995.765 958.227 514.084 413.357 367.827
internal_count=6889400 1442317 1246178 723955 330735 522223 410402 66650 196139 47257 195274 124162 119507 1213 118294 71112 66741 15580 17505 4655 51161 3876 9086 4342 11238 343752 342809 111821 393220 128141
is_linear=0
shrinkage=0.15


Tree=191
num_leaves=31
num_cat=0
split_feature=19 33 20 14 9 20 18 32 33 16 34 33 9 33 10 10 33 32 9 32 8 20 34 34 8 29 9 33 9 16
split_gain=5.42693 14.5826 8.77792 6.28979 6.12176 5.48482 12.3271 7.88679 8.55874 5.71384 5.18081 5.12496 4.98427 4.78071 13.9608 8.40453 4.72498 4.62187 4.57231 4.56334 4.32922 4.30913 4.24258 4.18253 16.0545 14.5313 14.7223 17.5623 9.69637 9.9551
threshold=406.50000000000006 0.45972973108291632 66.500000000000014 17.500000000000004 0.95460480451583873 170.50000000000003 0.50386998057365429 0.53076764941215526 0.73123827576637279 0.015871291048824791 0.89323708415031444 0.67694497108459484 0.9999997913837434 0.84409722685813915 0.83150798082351696 0.90448144078254711 0.73956522345542919 0.74357023835182201 0.67154744267463695 0.50076583027839672 0.83535897731781017 54.500000000000007 0.97530490159988414 0.95401689410209667 0.63125470280647289 0.85970616340637218 0.82929664850234996 0.67694497108459484 0.52121037244796764 0.015151950065046551
decision_type=2 2 2 8 10 2 2 2 2 2 2 2 10 2 10 10 2 2 8 2 10 2 2 2 10 2 8 2 10 2
left_child=1 12 3 13 10 7 9 19 11 -7 18 20 -1 14 -3 -16 -12 -11 -5 -4 -9 -15 -10 -2 28 26 27 -26 -25 -30
right_child=23 2 5 4 -6 6 -8 8 22 17 16 -13 -14 21 15 -17 -18 -19 -20 -21 -22 -23 -24 24 25 -27 -28 -29 29 -31
leaf_value=-0.15652756546231925 -0.00028422636324226813 -0.11359977981607072 0.0019087388558356414 0.023183115924635195 0.15143863588527395 -0.2089740927054827 0.12925137315473181 -0.012610735501740756 0.14498899632014683 -0.10150703119974532 -0.035395660927876799 -0.13411179830309353 0.084885566265903739 -0.055552470091778695 0.37575145255166115 -0.019209883994641942 -0.19709746869437339 0.10223107726431406 -0.080544595850264092 -0.17834987867317634 0.16315994814645449 0.10402539633235246 -0.0048981460112312207 -0.024143785575905168 0.12642931452614331 0.0036444603439340301 0.0035738488539463508 0.034228150662017662 0.017412587091576472 -0.0041892549584693559
leaf_weight=20.104727125240348 28417.492764625036 3.20459486902769 55.316344630289905 13.199457890167194 1.7908777296688629 7.0667801119416316 5.3335336558939153 10.814174727900538 25.265416141981408 5.995668155355018 6.6590742331883375 4.301215513587521 1.4956364279714751 17.961333073615155 2.8715320827468531 1.6289939833714013 12.020987365655513 2.9534860707935877 30.454359997255381 2.3501125814218531 3.379144014848861 3.7989435096321804 4.9925706749054362 409.37583082041465 49.945639996600221 1328.6914700543075 355.56486629005303 557.91609961669928 613.6449563694855 2190.2984290842542
leaf_count=5271 5827715 1643 23838 2923 231 237 1349 833 1980 7508 1567 228 72 5407 472 186 2001 421 3741 297 180 2930 395 486638 2322 199780 190070 14551 54166 58662
internal_value=0.000288623 -0.0220036 -0.0102373 -0.0448957 -0.0709276 0.0153014 -0.0524876 0.029263 0.0730295 -0.117048 -0.0796066 -0.00746056 -0.136796 0.0122255 0.106442 0.25529 -0.144182 -0.0307504 -0.049364 -0.00835229 0.0372213 -0.0243467 0.120892 0.000448926 0.00423261 0.0138205 0.0278362 0.0419992 -0.00260876 0.000542846
internal_weight=34165.9 242.959 221.359 93.5902 64.1248 127.768 21.3495 106.419 48.7525 16.0159 62.3339 18.4945 21.6004 29.4654 7.70512 4.50053 18.6801 8.94915 43.6538 57.6665 14.1933 21.7603 30.258 33922.9 5505.44 2292.12 963.427 607.862 3213.32 2803.94
internal_count=6897614 63710 58367 21101 10463 37266 9515 27751 3616 8166 10232 1241 5343 10638 2301 658 3568 7929 6664 24135 1013 8337 2375 6833904 1006189 406723 206943 16873 599466 112828
is_linear=0
shrinkage=0.15


Tree=192
num_leaves=31
num_cat=0
split_feature=17 12 9 13 14 29 12 13 14 10 12 33 28 29 37 29 12 10 33 33 16 16 28 32 29 25 24 33 28 10
split_gain=3.5619 12.2256 11.3674 8.78158 8.3649 12.1965 12.9777 11.2253 7.9906 17.3248 18.8162 14.2965 12.341 11.991 11.8747 10.0055 13.5377 11.6981 11.4856 10.213 9.37522 10.1742 9.23043 8.89818 8.54473 8.24664 14.1919 9.85171 8.14545 14.6044
threshold=1.0000000180025095e-35 22.500000000000004 0.95460480451583873 51.500000000000007 1.5000000000000002 0.83415070176124584 27.500000000000004 6.5000000000000009 2.5000000000000004 0.49253806471824652 80.500000000000014 0.93142634630203258 0.64583334326744091 0.57603889703750621 1.0000000180025095e-35 0.8252890706062318 2.5000000000000004 0.68283784389495861 0.82426470518112194 0.91751700639724743 0.031498400494456298 0.030303590930998329 0.77500000596046459 0.74856123328208934 0.50355792045593273 1.0000000180025095e-35 0.29166667163372045 0.74443343281745922 0.77500000596046459 0.57520484924316417
decision_type=2 8 10 10 8 2 10 10 8 8 8 2 2 2 2 2 10 8 2 2 2 2 2 2 2 2 2 2 2 10
left_child=1 2 3 -1 5 7 -7 -2 9 11 14 12 13 -6 15 24 17 18 -17 23 21 -19 -23 -20 -11 26 28 -27 -26 -30
right_child=4 -3 -4 -5 8 6 -8 -9 -10 10 -12 -13 -14 -15 -16 16 -18 20 19 -21 -22 22 -24 -25 25 27 -28 -29 29 -31
leaf_value=-0.0069520552567928712 -0.018158225314629725 -0.10984037392638077 0.094894503673410097 0.083587065967520927 0.0087261096596471695 0.012095220938305751 0.15360934714878857 0.049382465555187487 0.0013334588651423172 0.081548657829964941 0.089598819679833033 0.13351695001678321 -0.046514176842814572 0.27379905657795101 0.073665209907551973 -0.019467424460213472 0.018266397829523065 -0.09944612650434323 0.065632237132874319 0.019908924981976713 -0.014762929338064314 0.091428201217925276 -7.8597181118989428e-05 0.23714040017668264 -0.033521788770791566 0.054106123331879745 0.039463855272562298 -0.088432495827325444 0.16853917638625307 -0.012559391900867928
leaf_weight=1711.0283270565897 524.41524473200161 24.009993672609198 24.660608263159702 23.451880768341653 9.7944680894039475 2581.1439784740282 13.671933355765757 60.921966693207651 25507.873714319267 15.934922738750627 43.210300871234722 34.620925203318166 31.374192254519357 5.3896179302348619 37.811063164662301 42.821270320705821 454.07761291093766 11.236899318252879 16.284287834416322 30.200409502964703 2037.5144491071871 48.743834528703246 49.463986028875752 12.234388606171704 591.57375598056706 11.98123465800745 77.370345273466228 77.629629311602912 11.511524162324347 49.724836399304422
leaf_count=133559 41329 960 23074 943 7913 136680 642 1331 6279229 8716 9160 2783 2536 284 2160 2174 32792 1707 572 1695 132413 3219 3270 389 53889 3856 1547 4168 153 1723
internal_value=0.00082457 -0.00570037 -0.00421739 -0.00568042 0.00118397 0.00848831 0.0128997 -0.0110563 0.000388419 -0.00612442 -0.00766875 0.0619841 0.00710299 0.113918 -0.00886875 -0.00977129 -0.00533139 -0.0101029 0.0394078 0.08195 -0.0124618 0.0301247 0.0458031 0.14475 -0.0241056 -0.0262561 -0.0209247 -0.0689879 -0.0281313 0.0236455
internal_weight=34171.7 1783.15 1759.14 1734.48 32388.5 3180.15 2594.82 585.337 29208.4 3700.5 3619.32 81.1792 46.5583 15.1841 3576.11 3538.3 2702.58 2248.5 101.54 58.7191 2146.96 109.445 98.2078 28.5187 835.726 819.791 730.18 89.6109 652.81 61.2364
internal_count=6894866 158536 157576 134502 6736330 179982 137322 42660 6556348 277119 263603 13516 10733 8197 254443 252283 178231 145439 4830 2656 140609 8196 6489 961 74052 65336 57312 8024 55765 1876
is_linear=0
shrinkage=0.15


Tree=193
num_leaves=31
num_cat=0
split_feature=7 27 8 29 8 33 10 29 10 29 10 37 27 10 29 37 25 32 16 10 10 8 9 10 29 29 33 29 10 28
split_gain=4.39474 12.2225 12.8355 24.3646 64.076 40.3847 20.2705 17.7073 25.4866 16.1659 24.6366 15.0142 14.1384 16.3235 13.8308 12.6923 12.6028 12.5442 12.036 11.936 11.3699 10.6523 13.1712 14.6588 11.4148 12.0051 25.4951 10.1415 25.2104 31.2208
threshold=3.5000000000000004 2.5000000000000004 0.64076390862464916 0.87969252467155468 0.84558898210525524 0.91751700639724743 0.68686285614967357 0.83415070176124584 0.60322770476341259 0.79358932375907909 0.49464195966720587 1.0000000180025095e-35 3.5000000000000004 0.74299544095993053 0.75064638257026683 1.0000000180025095e-35 1.0000000180025095e-35 0.84250542521476757 0.057562896981835372 0.32144038379192358 0.69829559326171886 0.99999985098838817 0.84040588140487682 0.63957309722900402 0.81147980690002453 0.91459476947784435 0.92052632570266735 0.6940455734729768 0.6175350844860078 0.64583334326744091
decision_type=2 2 8 2 10 2 10 2 10 2 10 2 2 10 2 2 2 2 2 10 8 10 8 8 2 2 2 2 8 2
left_child=21 27 9 4 7 6 -6 8 11 10 19 -4 13 -10 -14 17 -7 -5 -9 -3 -11 -1 24 -24 -23 26 -26 -2 -29 -30
right_child=1 2 3 15 5 16 -8 18 12 20 -12 -13 14 -15 -16 -17 -18 -19 -20 -21 -22 22 23 -25 25 -27 -28 28 29 -31
leaf_value=-0.00095901941636435952 0.031248449677207798 -0.12334392583730651 0.03360461730274962 -0.00062448560547542179 0.21373907407821066 0.22430577883372974 0.016972031245056706 0.025588271347794778 -0.036434795411045849 0.021122620762596311 -0.10505489014827081 -0.071769749174814476 -0.2035062626990494 0.13108780067220135 -0.06091333253566876 0.15339056055250899 0.015104891023858218 -0.021799515561685696 0.1897538339781111 0.014009462838214621 0.26041838482957602 -0.18346663154072548 0.18159624973048985 -0.014525827721496295 0.1666691437563875 -0.08453814367081304 -0.10082014526807927 -0.034484343356161386 0.24325160391153688 0.011081798398794758
leaf_weight=26145.363577873828 450.89012988763807 15.448539163834878 246.73893475242767 3121.871846303306 12.843836495754656 56.701112114447369 80.515995690631826 24.799402749282308 72.889209945817129 39.301598953505163 99.878027924351045 33.733380788646173 18.494649708503857 14.906637909294657 79.548497020026844 10.432483792024867 7.4681957879583925 787.46978117073832 16.330952991149388 104.84448040352436 4.0764166797598582 15.961554481807978 7.8974127518172272 236.67478842187347 14.480163327112679 65.30583897496399 15.678643831139196 291.73613241644159 12.118834192127677 2039.6229618434124
leaf_count=5936445 17663 327 6890 398139 373 1111 5184 868 1707 2168 2072 2541 296 1273 1835 847 1383 61681 746 3157 454 326 1189 31801 1037 1101 556 9039 1210 401749
internal_value=-0.000396576 0.00277213 -0.00178207 7.16705e-05 0.026598 0.109841 0.0460202 0.000590845 -0.00780714 -0.0339085 -0.0503851 0.0207209 -0.0507428 -0.00683559 -0.0895949 -0.00443403 0.200564 -0.00489432 0.0937276 -0.00450152 0.0489717 -0.00131046 -0.0270461 -0.00747921 -0.0695454 -0.0487935 0.0288369 0.0106716 0.00670091 0.012571
internal_weight=34144 7642.66 4848.29 4584.74 664.971 157.529 93.3598 507.442 466.311 263.549 220.171 280.472 185.839 87.7958 98.0431 3919.77 64.1693 3909.34 41.1304 120.293 43.378 26501.4 355.998 244.572 111.426 95.4646 30.1588 2794.37 2343.48 2051.74
internal_count=6895168 922713 493052 484874 24207 8051 5557 16156 14542 8178 5556 9431 5111 2980 2131 460667 2494 459820 1614 3484 2622 5972455 36010 32990 3020 2694 1593 429661 411998 402959
is_linear=0
shrinkage=0.15


Tree=194
num_leaves=31
num_cat=0
split_feature=13 32 9 12 16 13 22 15 9 33 8 29 33 18 32 32 7 16 16 29 28 28 22 32 9 33 27 10 33 16
split_gain=5.48372 26.0118 24.6541 15.4801 13.9055 13.8841 12.2856 10.9298 12.8461 11.4845 10.6049 37.6296 27.7315 26.4466 18.7538 17.9605 15.2482 27.196 27.4804 17.1576 19.1786 17.0025 14.6377 18.7705 25.7281 15.5877 13.5278 20.2655 23.5643 18.6801
threshold=3.5000000000000004 0.19706057757139209 0.36118732392787939 2.5000000000000004 0.063500139862298979 28.500000000000004 1.5000000000000002 71.500000000000014 0.6212705969810487 0.77232852578163158 0.68687289953231823 0.71560639142990123 0.84698995947837841 0.049236597493290908 0.25586381554603582 0.57694143056869518 1.5000000000000002 0.015385021921247246 0.01388797350227833 0.26814900338649755 0.38750000298023229 0.38750000298023229 1.5000000000000002 0.68583977222442638 0.7490091621875764 0.81322672963142406 2.5000000000000004 0.50671941041946422 0.71010184288024913 0.041130669414997108
decision_type=10 2 10 10 2 10 2 8 10 2 10 2 2 2 2 2 2 2 2 2 2 2 2 2 10 2 2 10 2 2
left_child=-1 2 3 -2 10 -4 -7 -6 -9 -10 13 12 -12 26 -15 -13 17 18 19 -16 -21 22 23 -20 25 -25 27 28 -3 -29
right_child=1 4 5 -5 7 6 -8 8 9 -11 11 15 -14 14 16 -17 -18 -19 21 20 -22 -23 -24 24 -26 -27 -28 29 -30 -31
leaf_value=0.0013351120709423068 -0.058858773166071077 -0.059379154220783076 0.069839065737333894 0.17617469785330375 -0.061890256945344661 0.34443662571179789 0.1198791011521475 0.038651230817688273 0.22062468674380387 -0.087393370809865548 0.10124325328045275 0.021506975870417774 0.017722996828233705 -0.072279192743968046 -0.011988695455884081 -0.0084835161081804368 0.06085556401142235 -0.067045965985026837 0.0072574126765815308 0.11370546031478349 0.01007715537064118 -0.029443433821244726 0.00055429819892538837 0.12476248602296476 0.022393506021688794 0.04712995143009132 -0.044626536090169845 0.079068587197116569 -0.0085363795559354784 -0.020278580858374935
leaf_weight=24929.472048193151 37.186428053369355 278.20412817551187 45.342298603964537 6.5627723705201779 161.71442309272243 8.9523178195640885 16.319047057916805 68.840929464826331 1.9816253683202365 38.016892396837648 139.39944472648494 571.63113087641432 247.99431720511348 78.451818307101348 2155.3656669237753 2085.169812256876 93.497680544431205 131.02694335936394 297.93984120668028 45.205658758633945 310.34076708081921 139.15534121383098 355.24487716543081 131.94311276864028 264.23576897272142 106.84604951716028 451.7913650486953 92.043894701375393 774.51866292810519 77.912374188184913
leaf_count=5488526 62221 24688 6072 152 11368 9811 2898 7100 73 7882 4299 18000 4921 78960 1009379 58736 3704 1892 15920 3035 8725 4908 8948 3832 2853 1791 9699 1911 31472 1701
internal_value=0.000179472 -0.00294744 0.0678329 -0.0204526 -0.00384447 0.122053 0.209511 -0.037278 -0.000478514 -0.0671243 -0.0028157 0.00434945 0.0479601 -0.0065871 -0.000110852 -0.00202517 0.00131134 -0.000117723 0.00220321 -0.00695118 0.0235348 0.0199396 0.0259034 0.0371315 0.0547764 0.0903673 -0.0224707 -0.0142541 -0.0220163 0.033673
internal_weight=34142.3 9212.84 114.363 43.7492 9098.47 70.6137 25.2714 270.554 108.839 39.9985 8827.92 3044.19 387.394 5783.72 4109.25 2656.8 4030.8 3937.3 3806.28 2510.91 355.546 1295.36 1156.21 800.965 503.025 238.789 1674.47 1222.68 1052.72 169.956
internal_count=6895477 1406951 81154 62373 1325797 18781 12709 26423 15055 7955 1299374 85956 9220 1213418 1143947 76736 1064987 1061283 1059391 1021139 11760 38252 33344 24396 8476 5623 69471 59772 56160 3612
is_linear=0
shrinkage=0.15


Tree=195
num_leaves=31
num_cat=0
split_feature=20 18 8 13 7 28 18 13 8 18 12 28 29 10 10 10 29 14 14 10 12 27 12 19 27 27 29 19 29 8
split_gain=5.68191 19.9537 32.1063 11.5584 9.62051 17.848 13.1663 37.0056 15.4215 14.5178 20.6049 16.3732 13.9597 12.76 13.1118 15.0487 26.4372 27.9933 27.4262 21.7585 21.1645 20.9838 18.4412 19.3112 23.1219 16.8349 31.4393 32.1746 24.2857 17.1831
threshold=1.5000000000000002 0.0061396812088787564 0.8591146469116212 63.500000000000007 2.5000000000000004 0.22500000149011615 0.0037140236236155037 2.5000000000000004 0.7038446068763734 0.0080353566445410269 2.5000000000000004 0.64583334326744091 0.8516846001148225 0.9227183759212495 0.85417151451110851 0.59957221150398265 0.70496642589569103 92.500000000000014 10.500000000000002 0.38412621617317205 42.500000000000007 1.5000000000000002 72.500000000000014 629.50000000000011 1.0000000180025095e-35 2.5000000000000004 0.80740225315094005 578.50000000000011 0.7461756467819215 0.94270601868629467
decision_type=2 2 10 10 2 2 2 8 8 2 10 2 2 10 10 10 2 8 10 8 8 2 8 2 2 2 2 2 2 10
left_child=4 2 -2 -3 13 -6 8 -8 12 -9 -11 -12 -7 14 15 16 18 25 22 -20 -17 -19 23 -1 -25 26 -18 29 -27 -28
right_child=1 3 -4 -5 5 6 7 9 -10 10 11 -13 -14 -15 -16 20 17 21 19 -21 -22 -23 -24 24 -26 28 27 -29 -30 -31
leaf_value=0.030487666662340762 -0.047545816883466201 0.0010152903182180715 -0.0062525425240344034 -0.033666252751623757 -0.12679802010622887 -0.027049037911761945 0.039181341168910165 0.012870166135860167 0.0039770620800896111 -0.045501006585494733 -0.029123903114510706 0.014405022835734579 0.048232110126960645 -0.057151200250832104 0.026636705366895292 -0.02160507825697042 0.075368482507779042 -0.14287736453847874 0.0027457871646928561 -0.051472348716458331 0.042526180726523088 0.0044261840988294885 -0.0023592536742031277 0.10779241442791158 -0.048864487058565061 0.02336919661217814 -0.11075315043682099 0.21680183000123435 0.11991352181809194 0.20244774775161131
leaf_weight=765.14984369093997 505.22240130001182 12570.543374429599 2600.2191994644459 218.99678022231456 21.917174912285191 626.26020811802118 881.36665250035003 1766.1346658046514 3847.1202599456856 263.093302696259 271.98666786611091 674.65705706219478 59.882244337397424 90.86646901412314 370.91699154929302 1335.6850077455758 89.664568051506649 22.903440333751632 272.727859531126 426.35092147163175 125.84048769435481 241.98584867143552 5597.4004201968601 23.917334002588376 142.26213057835312 102.41889225665818 61.331212740288265 7.6334505618557378 137.96131822477923 3.3040992076362263
leaf_count=555820 21544 2689286 244598 225527 7271 18665 37951 67937 176801 15259 127319 52964 5315 3570 17519 317361 27316 6403 521129 441524 30764 16578 1036508 7913 158218 12480 31973 2313 14713 290
internal_value=-0.000127499 -0.00220029 -0.0129837 0.000418849 0.00167974 0.00540204 0.00576243 0.0122029 0.000280951 0.00420214 -0.00845278 0.00188089 -0.0204183 -0.00150978 -0.0009842 -0.00208189 0.000507061 0.0290531 -0.00213169 -0.0303468 -0.0160579 -0.00879975 0.000893688 0.0204258 -0.0258078 0.053936 0.0164053 -0.056781 0.0790461 -0.0919021
internal_weight=34125.7 15895 3105.44 12789.5 18230.7 8412.42 8390.5 3857.24 4533.26 2975.87 1209.74 946.644 686.142 9818.32 9727.45 9356.54 7895.01 667.203 7227.81 699.079 1461.53 264.889 6528.73 931.329 166.179 402.314 161.933 72.2688 240.38 64.6353
internal_count=6892829 3180955 266142 2914813 3711874 509482 502211 301430 200781 263479 195542 180283 23980 3202392 3198822 3181303 2833178 112066 2721112 962653 348125 22981 1758459 721951 166131 89085 61892 34576 27193 32263
is_linear=0
shrinkage=0.15


Tree=196
num_leaves=31
num_cat=0
split_feature=17 16 9 12 10 24 33 16 22 11 29 9 29 10 27 29 16 33 15 22 32 19 19 11 32 19 18 31 10 11
split_gain=4.21806 5.9956 7.04121 5.83529 8.72684 5.11058 5.68211 7.28286 5.0852 5.88138 4.87499 9.30452 7.76259 6.06084 5.79459 6.75561 5.76885 8.82669 6.65953 10.9178 12.3628 9.73927 5.79019 5.66678 4.8896 4.78553 5.4749 4.72716 7.44799 6.23169
threshold=1.0000000180025095e-35 0.080649357289075865 0.4974633008241654 24.500000000000004 0.58520174026489269 0.36666667461395269 0.80707195401191723 0.079163808375597014 2.5000000000000004 0.17500425130128863 0.81927999854087841 0.58643770217895519 0.78896147012710582 0.82320997118949901 1.5000000000000002 0.66800111532211315 0.076167490333318724 0.73401361703872692 2.5000000000000004 1.5000000000000002 0.58491456508636486 553.50000000000011 540.50000000000011 0.17181851714849475 0.86973348259925853 546.50000000000011 0.001762115862220526 0.89444443583488475 0.6710912585258485 0.22265427559614184
decision_type=2 2 8 10 8 2 2 2 2 8 2 10 2 8 2 2 2 2 10 2 2 2 2 10 2 2 2 2 8 10
left_child=3 -2 25 5 -5 8 -7 -8 10 -10 11 13 14 23 -13 -16 27 -18 19 22 -21 -22 -19 -1 -17 -3 -27 29 -29 -12
right_child=1 2 -4 4 -6 6 7 -9 9 -11 16 12 -14 -15 15 24 17 18 -20 20 21 -23 -24 -25 -26 26 -28 28 -30 -31
leaf_value=-0.12510752948012627 7.1891784157312319e-05 0.07558105285374643 0.056482039028526936 -0.20999945779726967 0.0033605325331687386 0.078531083836038032 -0.010445475221275468 0.10761763928068636 -0.075886290385729874 0.086766422097470181 -0.0013809480207177688 -0.06988588597780479 -0.079605727818667801 0.044737384007501546 0.097735066149305452 0.029736509763952774 0.15832959615703734 -0.022049833626239666 -0.05361868861921492 0.031583199797840369 -0.2863566459023334 -0.034142717035322914 0.048718038619321731 -0.0091853455968714855 -0.050525186576762575 0.0083642108964480169 -0.40582263473226449 0.14888260658751226 0.014412622761453945 -0.038698485147431926
leaf_weight=40.104088379281393 32272.690638764234 0.96833219820109695 62.861054774664808 6.9185232940376435 9.4060050819962253 29.597385571900304 90.14766868309016 12.498845970098044 5.5144026836242119 22.618394529223682 911.68553094876711 17.091984167636838 27.754607157472492 7.0413178638500531 20.024984850488181 46.906189204048133 4.7072454087174256 48.075550075991487 134.90523488220151 9.9095173140467541 7.5644263808790111 6.2724383710883558 54.57804044193108 12.552643509251537 25.539483217984525 1.0975367793289477 0.88095325988979301 9.1241510199179157 113.75918347142942 112.19631714614388
leaf_count=1477 6719695 225 16333 166 498 9442 24380 56342 172 1120 41218 235 486 204 379 610 61 3938 7097 449 691 401 3556 230 401 338 193 307 2782 2050
internal_value=-0.000227248 0.00016482 0.0450543 -0.00732046 -0.093966 -0.00646881 0.0217907 0.0048302 -0.00876235 0.0533739 -0.0098807 -0.0319271 -0.0102292 -0.0808456 0.00790642 0.0228791 -0.00678588 -0.0266434 -0.0305664 -0.00573531 -0.0952149 -0.182032 0.0156825 -0.0981595 0.00113894 -0.151266 -0.250392 -0.00216038 0.0255183 -0.00550395
internal_weight=34125 32338.5 65.8079 1786.49 16.3245 1770.17 132.244 102.647 1637.93 28.1328 1609.79 197.015 137.317 59.698 109.563 92.4707 1412.78 266.012 261.305 126.4 23.7464 13.8369 102.654 52.6567 72.4457 2.94682 1.97849 1146.77 122.883 1023.88
internal_count=6895476 6736784 17089 158692 664 158028 90164 80722 67864 1292 66572 4022 2111 1911 1625 1390 62550 16193 16132 9035 1541 1092 7494 1707 1011 756 531 46357 3089 43268
is_linear=0
shrinkage=0.15


Tree=197
num_leaves=31
num_cat=0
split_feature=10 13 11 8 16 32 9 19 16 33 10 20 17 17 20 16 18 20 12 35 13 19 16 17 34 14 27 19 18 19
split_gain=6.44934 13.0357 10.8666 9.21124 16.3635 10.7067 10.5887 10.2894 9.74302 23.5827 14.3605 8.7912 9.92939 15.3312 15.2608 15.2135 14.823 13.79 16.0249 16.2376 19.2064 14.98 12.1095 14.695 11.7657 9.60153 9.51845 9.38039 10.2669 9.20386
threshold=0.99999997019767772 1.5000000000000002 0.18372903764247897 0.99999985098838817 0.071602217853069319 0.85428637266159069 0.61058187484741222 723.50000000000011 0.0647847354412079 0.71547618508338939 0.84072697162628185 137.50000000000003 19.500000000000004 23.500000000000004 12.500000000000002 0.048395995050668723 0.010260170325636865 5.5000000000000009 2.5000000000000004 1.0000000180025095e-35 68.500000000000014 537.50000000000011 0.064264308661222472 2.5000000000000004 0.62243187427520763 19.500000000000004 3.5000000000000004 441.50000000000006 0.0035304528428241615 534.50000000000011
decision_type=10 8 10 10 2 2 10 2 2 2 8 2 2 2 2 2 2 2 10 2 8 2 2 2 2 10 2 2 2 2
left_child=3 -2 11 8 6 -6 7 -5 -1 10 -10 12 14 15 16 -14 17 18 19 20 26 -22 23 -21 -16 -15 -3 -24 -29 -18
right_child=1 2 -4 4 5 -7 -8 -9 9 -11 -12 -13 13 25 24 -17 29 -19 -20 22 21 -23 27 -25 -26 -27 -28 28 -30 -31
leaf_value=-0.00028989383491940575 0.086526797754648027 0.039993552996694028 -0.021496514835458232 -0.016833342726961787 0.048992118485336064 -0.062664440334155885 -0.058746843160246025 0.17175604129181837 -0.013933779332574546 -0.041141062373148157 0.14293304053431008 -0.035286939819936296 0.24166443607571875 -0.021206239521268908 -0.001606910890955344 0.014635732521789648 0.04529333652632539 -0.021817015080592209 0.068300201643510083 -0.063625607811927512 0.033548449819701197 0.14220341420935337 -0.06521921170681147 0.034150268412382383 -0.059167720134091731 0.053549297535952244 -0.048078065810234299 0.0066126206295294247 0.05706592091384214 0.16071763798692126
leaf_weight=30176.377972302413 44.304050856288086 64.132193020621344 298.26280558131111 728.2394236094151 122.41857919133872 22.021910800574915 150.67726574259905 5.5745691085776334 24.912711897036388 303.95218623460187 26.387524855674201 95.703468769394021 15.036894557699044 60.666200279119948 256.34865701767876 11.56833797824447 59.89412879813608 242.83648791423093 123.34397310670101 114.53633185476065 56.05627343226115 58.930869152435662 33.919304244220257 48.613005258142948 115.11851578504707 103.47396907760685 46.931034524326606 582.32805592566729 106.58336544036865 20.661548173869051
leaf_count=6084788 43165 21115 21735 121969 16654 6691 9358 219 907 8168 1393 104938 6874 8188 41374 7511 11154 29255 7972 551 16120 13527 181 218 270167 20884 13179 3843 498 2906
internal_value=-0.000464381 0.00677618 0.00533743 -0.00105171 -0.0150039 0.0316548 -0.0226506 -0.0151689 -0.000581043 -0.025242 0.0679446 0.0089561 0.0109681 0.043528 0.00772971 0.147055 0.0142405 0.0107979 0.0172215 0.0114996 0.0472889 0.08998 0.00232529 -0.0344611 -0.0195561 0.0259586 0.00268095 0.0106645 0.0144898 0.0765059
internal_weight=34119.8 2559.25 2514.95 31560.6 1028.93 144.44 884.491 733.814 30531.6 355.252 51.3002 2216.68 2120.98 190.745 1930.23 26.6052 1558.77 1478.21 1235.37 1112.03 226.05 114.987 885.98 163.149 371.467 164.14 111.063 722.831 688.911 80.5557
internal_count=6895502 645355 602190 6250147 154891 23345 131546 122188 6095256 10468 2300 580455 475517 43457 432060 14385 120519 106459 77204 69232 63941 29647 5291 769 311541 29072 34294 4522 4341 14060
is_linear=0
shrinkage=0.15


Tree=198
num_leaves=31
num_cat=0
split_feature=12 27 34 23 24 18 32 7 19 29 29 8 33 28 20 32 27 8 19 19 9 17 29 18 15 8 23 32 12 16
split_gain=4.36626 22.3978 15.5356 15.6776 16.8988 14.5518 16.6883 12.8787 26.3986 27.1306 15.607 20.4568 27.7142 19.6768 19.1419 17.7607 17.7791 41.1532 22.3721 15.5095 14.5119 18.8401 14.5423 13.6742 13.0482 13.2351 12.8313 17.0874 12.6208 12.5194
threshold=10.500000000000002 1.0000000180025095e-35 0.58397436141967785 1.0000000180025095e-35 0.18333333730697635 0.012354158330708744 0.35160498321056372 2.5000000000000004 579.50000000000011 0.52961185574531566 0.89295819401741039 0.59673044085502636 0.69631093740463268 0.64583334326744091 4.5000000000000009 0.18710978329181674 3.5000000000000004 0.85268977284431469 447.50000000000006 563.50000000000011 0.59301975369453441 19.500000000000004 0.68002083897590648 0.049236597493290908 10.500000000000002 0.5120445489883424 1.0000000180025095e-35 0.27558231353759771 37.500000000000007 0.014925695955753328
decision_type=10 2 2 2 2 2 2 2 2 2 2 8 2 2 2 2 2 10 2 2 10 2 2 2 10 10 2 2 10 2
left_child=-1 2 -2 -4 5 -5 -7 8 9 26 11 13 14 -11 -13 16 23 18 -18 -15 21 -14 -22 -12 -10 -26 -3 -28 -23 -21
right_child=1 7 3 4 -6 6 -8 -9 24 10 15 12 20 19 -16 -17 17 -19 -20 29 22 28 -24 -25 25 -27 27 -29 -30 -31
leaf_value=0.001470033646885441 -0.089069575997033787 0.071486074857374265 0.21683476252239389 -0.16173606412968461 0.12330365057402248 -0.13398618671880766 0.091852941256034853 0.0026585637877685918 -0.068066175720280175 -0.060895075114491284 -0.072842406132329743 -0.00071606476827248966 -0.088946426749348842 0.013903313135214037 0.12469214367919913 0.0716241158184098 -0.020623423321187807 -0.017024672657395212 0.30040209545270391 0.24735280147929173 0.079521759526153687 -0.014764421828724764 -0.04076706513013334 -0.0028379357355379047 -0.070936555664082176 0.10056351524554316 -0.094673765990689163 0.031361239305062759 -0.056006217978290473 0.061272738105450433
leaf_weight=28499.433049563479 12.866950964909959 128.71140641354143 15.246347406620769 9.6427337298571256 41.983980999208143 8.841588578462618 28.624200093938271 2784.0061881245761 243.40751570184068 66.021996684114356 71.315203852786226 132.32862256749627 188.22011435741479 216.15709673824961 33.527734359296119 80.427953799212446 6.3796887626203924 46.101366191066518 18.257855581161493 10.528808839414976 42.040953156880278 338.19066410235234 46.728413894328696 476.92439763934522 17.296522014400125 21.771166522413637 28.854329856353871 126.967135560928 330.61555131476632 31.273524615546194
leaf_count=4627860 6245 65360 3892 542 7157 47746 583 402505 385836 44053 39098 75846 161103 70415 14567 4751 414 8194 1784 1398 2050 105280 2166 64568 29521 9304 577582 8418 116516 12939
internal_value=0.000717439 -0.00311001 0.0614932 0.0807297 0.0552898 -0.00662837 0.0364592 -0.00450117 -0.0118763 -0.00679939 -0.0126017 -0.0215483 -0.0312084 0.0115916 0.0252305 0.00576707 -0.00289189 0.0673417 0.219713 0.0303073 -0.0411219 -0.0470976 0.0164527 -0.0120602 -0.0551859 0.0247595 0.036631 0.00756775 -0.0352049 0.112825
internal_weight=34102.7 5603.26 117.206 104.339 89.0925 47.1085 37.4658 5486.05 2702.05 2419.57 2135.04 1435.63 1111.65 323.981 165.856 699.406 618.979 70.7389 24.6375 257.959 945.796 857.026 88.7694 548.24 282.475 39.0677 284.533 155.821 668.806 41.8023
internal_count=6897693 2269833 66165 59920 56028 48871 48329 2203668 1801163 1376502 725142 606333 477528 128805 90413 118809 114058 10392 2198 84752 387115 382899 4216 103666 424661 38825 651360 586000 221796 14337
is_linear=0
shrinkage=0.15


Tree=199
num_leaves=31
num_cat=0
split_feature=24 26 9 34 34 29 10 29 27 9 8 29 15 8 17 13 16 9 28 29 9 16 28 33 33 8 29 29 28 17
split_gain=4.65639 36.1846 19.4307 23.508 16.0197 14.3706 17.6252 33.5529 24.3497 23.1427 21.418 18.0695 17.2542 16.9281 17.0085 17.8268 18.0905 17.178 16.1826 24.8561 14.699 19.3202 14.3406 12.5038 14.3767 17.6147 14.106 12.9758 17.6715 12.3522
threshold=0.87500000000000011 1.0000000180025095e-35 0.92922961711883556 0.78817018866539013 0.97937926650047313 0.83721771836280834 0.40948788821697241 0.5208868980407716 1.5000000000000002 1.0000000180025095e-35 0.60451415181159984 0.51710462570190441 37.500000000000007 0.68880587816238414 54.500000000000007 16.500000000000004 0.016392350196838382 0.55748307704925548 0.18333333730697635 0.14245053380727771 0.93647652864456188 0.01612831745296717 0.46428571641445165 0.38266584277153021 0.96225070953369152 0.60817915201187145 0.39191141724586492 0.36338339745998388 0.46428571641445165 11.500000000000002
decision_type=2 2 10 2 2 2 10 2 2 10 10 2 8 10 2 10 2 10 2 2 10 2 2 2 2 10 2 2 2 2
left_child=2 -2 -1 -4 -5 6 7 9 -8 -3 12 -12 -10 14 17 16 -16 -11 20 -20 29 -22 -15 -21 26 -26 27 28 -25 -19
right_child=1 5 3 4 -6 -7 8 -9 10 13 11 -13 -14 22 15 -17 -18 18 19 23 21 -23 -24 24 25 -27 -28 -29 -30 -31
leaf_value=-0.0015332377606240414 0.10223784344702828 0.16362275702959836 -0.17066649083909888 0.085670031095495217 -0.048565813480774114 0.045731877651181127 0.071358122910537405 0.052772626646862289 0.038075909087719156 -0.046947942587547607 0.11738464679596246 -0.017036203574233331 -0.08302553693548595 0.010024629352517528 -0.023797072700769507 0.021205128596263383 0.035975948708762653 0.067461849150056444 -0.15420024176166608 0.1262247999504284 -0.033394552247243511 0.016358349904826361 -0.12356633871022446 -0.069268746543559467 0.075951104024630248 -0.11234285675980983 0.0029365476810632209 -0.15054998818428389 0.071305401926243114 0.022413436348477055
leaf_weight=28304.018394986124 81.278860287970019 18.544095703749917 9.2008776195143565 128.42441126441554 22.98759144338328 163.19880268111501 58.49514422233915 297.50532889984606 30.04011124765384 117.01424237408355 22.724612146106665 437.28076793421315 193.77252862181922 29.802370865370904 1209.7918048651263 319.72671948806874 124.87146695682895 159.87673727521906 25.851292266277596 14.664347351077593 238.03636175068095 660.93478747578774 44.420321478071855 85.621042670449242 68.115574552342878 12.41895745648071 181.24086897901725 27.721336192218587 25.324259601067752 938.97246367557455
leaf_count=6509988 4104 747 156 3288 251 199674 5714 46009 1909 1716 683 49442 6944 1717 15157 9615 4861 2952 264 1022 2204 7667 708 1094 2686 310 4111 349 418 10834
internal_value=-0.00046001 0.00349873 -0.00123716 0.0506263 0.0651052 0.00202285 0.000679416 0.00414133 -0.0207523 0.000767486 -0.0287243 -0.0101555 -0.0666742 2.45858e-05 0.00128444 -0.0105618 -0.0181819 0.00895376 0.0116541 -0.01433 0.0173936 0.00316193 -0.0705059 -0.0052698 -0.0103876 0.0458932 -0.0246548 -0.0604802 -0.0368311 0.0290231
internal_weight=34051.9 5587.25 28464.6 160.613 151.412 5505.97 5342.77 4600.45 742.313 4302.95 683.818 460.005 223.813 4284.4 4210.18 1654.39 1334.66 2555.79 2438.78 440.958 1997.82 898.971 74.2227 415.106 400.442 80.5345 319.908 138.667 110.945 1098.85
internal_count=6896594 382911 6513683 3695 3539 378807 179133 114441 64692 68432 58978 50125 8853 67685 65260 29633 20018 35627 33911 10254 23657 9871 2425 9990 8968 2996 5972 1861 1512 13786
is_linear=0
shrinkage=0.15


Tree=200
num_leaves=31
num_cat=0
split_feature=15 11 19 19 8 12 10 16 16 29 11 28 10 11 10 16 19 18 8 11 12 10 20 18 14 28 29 8 9 29
split_gain=4.83621 20.5723 14.2908 13.4656 17.0893 22.0076 17.1393 14.4715 15.0277 13.3219 12.7401 16.3384 12.1251 12.0568 15.016 19.1434 11.9043 11.6986 11.0703 11.0668 11.766 11.652 10.7051 10.7034 22.1713 10.6221 19.5469 18.0524 10.5157 10.6945
threshold=8.5000000000000018 0.28948731720447546 623.50000000000011 590.50000000000011 0.49562808871269232 12.500000000000002 0.35164035856723791 0.056935999542474754 0.064264308661222472 0.67375949025154125 0.23761069029569629 0.46428571641445165 0.6710912585258485 0.25297901034355169 0.6175350844860078 0.050828697159886367 593.50000000000011 0.0019743356388062243 0.95899111032485973 0.16130012273788455 22.500000000000004 0.37165378034114843 1.5000000000000002 0.0032760055037215356 3.5000000000000004 0.64583334326744091 0.56599020957946788 0.47211593389511114 0.4974633008241654 0.90212523937225353
decision_type=10 8 2 2 8 10 8 2 2 2 10 2 10 8 8 2 2 2 10 10 10 10 2 2 8 2 2 10 8 2
left_child=3 2 10 13 -5 7 -7 23 22 12 11 -2 25 14 15 -1 -8 -16 -10 20 -11 -21 -9 24 -6 26 27 -4 -24 -30
right_child=1 -3 9 4 5 6 16 8 18 19 -12 -13 -14 -15 17 -17 -18 -19 -20 21 -22 -23 28 -25 -26 -27 -28 -29 29 -31
leaf_value=-0.013165256287737308 -0.068172946600374471 -0.065872037905579939 0.001628196931271706 0.042261169415027534 -0.010086511134734832 0.10773008906674672 0.04912153417485926 0.042103914421736187 -0.062377352633224303 -0.0031055027128798298 0.032069707600763192 -0.0024476569377789056 0.10849138557219656 0.0012277215457255292 0.0071098095780837067 0.098406683315077695 -0.077116483568874891 -0.048777784113018682 0.0035410800146068672 -0.058411123869278485 0.086674844357841702 0.028659897204776713 0.1400846178071031 -0.0091796329844258274 -0.096323962431381291 0.054318764931717979 -0.035912366175306479 0.092176121246700674 -0.082759762785837063 0.01181637892782612
leaf_weight=125.28071129384449 87.0148036352698 91.588037452166645 119.11650054862446 143.18640706296196 201.27653780353 12.665759865222382 17.733932937867223 331.02345154403338 81.598723255165169 1190.1130757396415 230.43635994750366 2572.9330226766324 44.242733091855371 23840.470884848964 112.66051022341395 46.706771634846064 192.73766529437998 330.71819440835861 187.00403174929056 35.761482141795113 32.774746484615207 603.7789091870161 8.7875706688064366 2815.2612811329655 99.81384507551013 202.87800996366059 124.64747629913722 83.860249183106475 40.692219831839793 75.251401611083793
leaf_count=34583 123572 8567 164476 209672 7476 14065 7487 12164 3015 69676 24478 237347 3214 5014080 7375 1876 131629 38787 15211 1623 1915 28312 171 654164 3219 11376 20012 41353 1505 3724
internal_value=0.000120658 0.0042296 0.00544688 -0.00065632 -0.00849402 -0.0102923 -0.0559831 -0.00762387 0.0114628 0.0139048 -0.00168716 -0.00462254 0.0338487 0.000692259 -0.0200209 0.0175281 -0.0662979 -0.034593 -0.0166413 0.00773523 -0.000630437 0.0237075 0.0280263 -0.0120626 -0.0388991 0.0274312 0.0106668 0.0393067 -0.00937186 -0.0218004
internal_weight=34082 5419.15 5327.56 28662.9 4207.03 4063.85 223.137 3840.71 724.357 2437.17 2890.38 2659.95 574.745 24455.8 615.366 171.987 210.472 443.379 268.603 1862.43 1222.89 639.54 455.755 3116.35 301.09 530.502 327.624 202.977 124.731 115.944
internal_count=6896124 735921 727354 6160203 1063502 853830 153181 700649 35790 341957 385397 360919 240431 5096701 82621 36459 139116 46162 18226 101526 71591 29935 17564 664859 10695 237217 225841 205829 5400 5229
is_linear=0
shrinkage=0.15


Tree=201
num_leaves=31
num_cat=0
split_feature=14 29 27 10 10 12 12 28 27 29 8 10 28 18 10 10 29 13 10 19 32 23 10 20 29 10 12 12 14 37
split_gain=5.36707 14.2146 29.715 20.951 28.63 15.9386 15.7343 14.3095 13.1706 13.7434 12.8247 15.5261 13.2773 13.3406 20.9915 19.1817 17.9965 13.9828 13.6852 13.1669 12.0355 18.0188 11.9583 13.9871 11.6732 13.5555 11.2184 18.5601 17.4562 11.1466
threshold=27.500000000000004 0.61777994036674511 1.5000000000000002 0.49663798511028295 0.39501224458217626 26.500000000000004 32.500000000000007 0.6904762089252473 3.5000000000000004 0.76496347784996044 0.74092122912406932 0.76466295123100292 0.64583334326744091 0.091319620609283461 0.30525399744510656 0.34538416564464575 0.69784191250801098 4.5000000000000009 0.58179390430450451 464.50000000000006 0.51560410857200634 1.0000000180025095e-35 0.3558256477117539 73.500000000000014 0.8516846001148225 0.5087811052799226 54.500000000000007 61.500000000000007 55.500000000000007 1.0000000180025095e-35
decision_type=10 2 2 10 10 8 8 2 2 2 10 10 2 2 10 10 2 8 10 2 2 2 10 2 2 10 10 10 10 2
left_child=-1 2 20 4 6 -5 -4 -7 10 -10 12 19 -3 15 -15 -14 -16 18 -18 -12 -2 -22 -19 29 25 -17 -21 28 -28 -24
right_child=1 8 3 5 -6 7 -8 -9 9 -11 11 -13 13 14 16 24 17 22 -20 26 21 -23 23 -25 -26 -27 27 -29 -30 -31
leaf_value=0.00080122131945280185 -0.014241508606961951 -0.032312023556347595 0.017783663678193781 -0.13205966485977144 -0.096234091963060153 0.13534892522148123 -0.061632791497191149 -0.17826236423167208 -0.13001556885073978 -0.019767834185998732 -0.053865684913920291 0.0072125974399071952 -0.0016158593196575204 0.17176323556957748 -0.046430931252974032 0.090637498439616798 0.12932731249874407 -0.10411446443051477 -0.19443348495492604 -0.012729417627896625 0.22439686837774545 0.026923119883494436 0.052608260636135641 -0.030232705591561042 -0.00080804491811389996 -0.0083423149624396106 0.45645202298862286 -0.022023652159540712 -0.020592817804420821 -0.083445760457641877
leaf_weight=30860.878100016111 199.40415918060484 118.56892292440727 120.126347904592 7.1930284100412782 210.20036334482728 28.881091039189474 103.81036838082267 2.8087262794904282 29.919764624674144 146.6566648444566 232.73130070531977 647.09471915368385 167.43248822129789 15.242164186475064 142.20047011219236 206.67244853625994 3.0694913043262195 14.967885704590627 11.532407884471466 225.53896267286518 10.235930018687212 146.32759014878684 242.54096941214766 69.825890719463587 54.721184098320634 36.433200642874908 3.9106891598153224 9.6186552580141988 2.533005528621743 13.470098769691615
leaf_count=5608520 521972 23267 49604 5878 114738 30120 176002 1941 5871 18987 35512 105050 11863 2120 65541 15899 384 2623 1155 32412 289 4562 39325 10927 7802 2613 413 2088 395 1279
internal_value=0.000192812 -0.00563006 -0.0225463 -0.0471434 -0.0566037 0.057254 -0.0191418 0.10295 0.00023294 -0.0390756 0.00337837 -0.0078976 0.0149055 0.0206565 0.0039535 0.03902 -0.00152084 0.0165278 -0.122448 -0.0284831 0.0101795 0.0411759 0.0228231 0.0289549 0.0617937 0.0758304 -0.00391107 0.1134 0.291353 0.0451529
internal_weight=34084.5 3223.67 828.988 473.02 434.137 38.8828 223.937 31.6898 2394.68 176.576 2218.1 1121.43 1096.68 978.109 512.849 465.259 497.607 355.407 14.6019 474.333 355.968 156.564 340.805 325.837 297.827 243.106 241.601 16.0623 6.44369 256.011
internal_count=6899152 1290632 905106 378283 340344 37939 225606 32061 385526 24858 360668 175870 184798 161531 123354 38177 121234 55693 1539 70820 526823 4851 54154 51531 26314 18512 35308 2896 808 40604
is_linear=0
shrinkage=0.15


Tree=202
num_leaves=31
num_cat=0
split_feature=19 34 16 23 8 32 15 33 33 6 10 29 18 27 33 34 33 8 28 10 29 32 8 33 29 10 13 23 27 20
split_gain=4.06035 5.19028 9.33163 5.47801 5.53578 4.64096 3.8591 3.65309 16.4206 13.0586 19.9872 23.1087 16.9409 23.1041 19.7675 18.7321 17.0985 21.2181 11.6072 27.197 21.2542 22.5622 18.8205 21.0252 20.8452 34.8119 38.5773 30.8772 28.8087 28.3009
threshold=765.50000000000011 0.89528506994247448 0.015385021921247246 1.5000000000000002 0.9542939066886903 0.59723421931266796 53.500000000000007 0.78319624066352855 0.77888888120651256 1.0000000180025095e-35 0.62088489532470714 0.77022564411163341 0.0049301593098789462 2.5000000000000004 0.77232852578163158 0.7228132188320161 0.61470985412597667 0.88257622718811046 0.77500000596046459 0.7689022719860078 0.70153433084487926 0.41824321448802954 0.95214784145355236 0.72821971774101268 0.63431376218795787 0.52653712034225475 95.500000000000014 1.0000000180025095e-35 1.5000000000000002 57.500000000000007
decision_type=2 2 2 2 8 2 8 2 2 2 10 2 2 2 2 2 2 10 2 10 2 2 10 2 2 10 8 2 2 2
left_child=7 3 5 4 -2 -3 -6 8 9 18 -11 -12 13 16 15 -15 17 -13 19 22 -21 -22 24 -24 25 -1 27 -27 -29 -26
right_child=1 2 -4 -5 6 -7 -8 -9 -10 10 11 12 -14 14 -16 -17 -18 -19 -20 20 21 -23 23 -25 29 26 -28 28 -30 -31
leaf_value=-0.0034697255855000476 0.10384544619561213 -0.082019531688807518 -0.13723903958430511 -0.11299457479259374 -0.12537517659896233 0.19248968436230915 0.019510804263888803 0.0015239695429415544 -0.047516578923232224 0.12021805313594194 -0.10739502433877447 -0.080879478686158218 -0.004072868577291079 0.038071885117239426 -0.078789757095683713 0.21378630358126602 -0.0094310684513337056 0.21802447009229622 -0.011041340077136801 0.088730673781972913 0.0040687704185797735 0.070534712650674736 0.10291559817638055 -0.050879176368196291 -0.026458201527473583 -0.11087848387252507 0.013193727419976512 -0.015491534928564263 0.15568721604305855 0.086307120606295293
leaf_weight=5925.2777413164786 11.373069582163852 1.5304817814130185 18.669556061035905 7.0018669331349193 4.9871901653118584 2.5934441771551064 12.701965515380722 22028.865944214493 172.7018207767378 41.953301428570285 32.222150035837331 7.0486906990681772 245.32900844081541 21.334012665427508 8.8480337350447353 39.576385242328342 105.27179690355115 16.603102956938528 2544.3893409893208 105.64350451717337 590.55933050961858 141.71613220135987 73.649170976813821 26.621210519244869 1126.9386169101658 13.475037726428125 516.50145345371129 27.523036683007376 108.25523194851849 51.44243488422353
leaf_count=2332103 1934 1694 1592 1528 1097 168 2562 3624448 40261 8409 5421 160 18046 463 276 2419 2923 795 239202 12727 67725 18523 5673 2320 238964 812 251037 1033 8418 3526
internal_value=0.000309923 -0.0387231 -0.0931044 -0.00276789 0.026664 0.0944885 -0.0258604 0.000378687 -0.00173376 -0.00105802 0.0222007 0.0133322 0.0223151 0.0547557 0.123647 0.153851 0.0168151 0.129278 -0.00213103 0.000473564 0.0261478 0.0170105 -0.00226306 0.0619848 -0.0031001 0.000186289 0.0326816 0.0995839 0.121129 -0.0214664
internal_weight=34030.6 58.8576 22.7935 36.0641 29.0622 4.12393 17.6892 33971.7 11942.9 11770.2 518.186 476.233 444.011 198.682 69.7584 60.9104 128.924 23.6518 11252 8707.6 837.919 732.275 7869.68 100.27 7769.41 6591.03 665.755 149.253 135.778 1178.38
internal_count=6896259 10575 3454 7121 5593 1862 3659 6885684 3261236 3220975 38912 30503 25082 7036 3158 2882 3878 955 3182063 2942861 98975 86248 2843886 7993 2835893 2593403 261300 10263 9451 242490
is_linear=0
shrinkage=0.15


Tree=203
num_leaves=31
num_cat=0
split_feature=17 8 14 9 12 18 17 10 17 12 10 14 29 29 19 8 33 20 33 18 15 20 8 16 16 11 29 11 29 8
split_gain=8.2211 8.06511 11.2456 7.26224 6.42327 16.9 8.52009 8.12353 7.53779 13.2477 18.0406 14.5766 20.9518 18.3137 15.2975 14.0954 13.4537 12.3106 24.7208 15.1699 13.8261 12.0711 15.3327 11.8194 10.9586 10.9445 10.2594 15.6949 11.5211 12.6673
threshold=1.0000000180025095e-35 0.81597533822059642 1.5000000000000002 0.6172219216823579 1.5000000000000002 0.027353025041520599 8.5000000000000018 0.33259204030036932 3.5000000000000004 8.5000000000000018 0.59957221150398265 3.5000000000000004 0.82984957098960888 0.54186168313026439 591.50000000000011 0.95644646883010875 0.45049019157886511 5.5000000000000009 0.61470985412597667 0.012967132031917574 64.500000000000014 1.5000000000000002 0.88920760154724132 0.057562896981835372 0.032256403937935836 0.22265427559614184 0.71229526400566112 0.20916225761175158 0.50567641854286205 0.80940687656402599
decision_type=2 10 8 10 8 2 2 8 2 8 8 8 2 2 2 10 2 2 2 2 10 2 10 2 2 10 2 8 2 10
left_child=1 2 3 -1 5 6 -2 -8 21 10 17 12 13 14 -11 -14 -12 19 -19 23 25 24 -23 26 -6 -21 28 -28 29 -10
right_child=4 -3 -4 -5 8 -7 7 -9 9 11 16 -13 15 -15 -16 -17 -18 18 -20 20 -22 22 -24 -25 -26 -27 27 -29 -30 -31
leaf_value=-0.018410606425978061 0.0069495846031042306 -0.0059150106080125935 -0.0097947891250801892 -0.10846172564390733 -0.018953432091161636 0.14469003052060347 0.20892295281776108 -0.08239877755883003 0.095495011797451804 0.14473266450427744 -0.07192503608751874 -0.0014825306300075658 0.11312555992409334 -0.020011736306065477 -0.072425617832355585 -0.086588249016140331 0.0037332078325602808 0.4639370502282138 0.051401404261687163 0.013303625846709225 -0.12129683173401203 -0.035623010245941653 -0.0061756551050814179 -0.046412447617720586 0.0032612902309672792 -0.060839897868314036 0.015081352749810244 0.08521410446435411 0.013499396972308692 -0.21705080476544703
leaf_weight=31.366249799972366 3162.420460094123 1529.3009990966784 144.76327946360811 57.834144774002198 586.55478923215105 18.928779338222284 1.350722784953631 34.185231946834847 61.787168069925542 30.041004685328289 52.525085921710343 17073.675734225886 78.850314548897586 144.65460680260321 8.862117859282078 8.1002931085431538 4413.2503338949373 3.1932071186656712 16.30815575181964 422.73796843551634 19.182820340653848 552.52714807897701 1416.5180502638814 38.47181734352489 3338.1016592999222 49.097386212917172 115.12495187213312 192.00585777457457 384.32748288128869 2.1342981477166623
leaf_count=1213 167026 149311 5606 2677 60685 4684 518 7672 56736 27894 11202 4834205 9662 35504 17913 1653 795578 701 2771 321808 6097 24014 130160 1419 131968 10845 5469 14348 56774 700
internal_value=7.55717e-05 -0.00989455 -0.0357709 -0.0773515 0.000621401 0.00697969 0.00611961 -0.0659104 -8.39267e-05 0.00113709 0.00736235 -0.000934266 0.0335485 0.00467916 0.0946888 0.0937473 0.00282744 0.0228745 0.138286 0.0210166 0.000287021 -0.00487197 -0.0144527 0.0338219 -6.27666e-05 0.00547618 0.0379643 0.0590598 0.0234107 0.0818768
internal_weight=33988.2 1763.26 233.964 89.2004 32224.9 3216.89 3197.96 35.536 29008 23114.3 5770.15 17344.2 270.508 183.558 38.9031 86.9506 4465.78 1304.37 19.5014 1284.87 491.018 5893.7 1969.05 793.852 3924.66 471.835 755.38 307.131 448.249 63.9215
internal_count=6896813 158807 9496 3890 6738006 179900 175216 8190 6558106 6211279 1284448 4926831 92626 81311 45807 11315 806780 477668 3472 474196 338750 346827 154174 135446 192653 332653 134027 19817 114210 57436
is_linear=0
shrinkage=0.15


Tree=204
num_leaves=31
num_cat=0
split_feature=28 27 33 10 32 29 33 33 10 8 34 33 10 10 37 29 8 10 28 9 32 10 33 6 8 12 10 33 27 10
split_gain=4.39193 70.0387 38.5551 21.0976 46.0768 22.9689 51.7572 61.1544 67.8033 42.7198 44.9899 26.3218 25.3309 28.2433 22.9095 22.335 18.7373 18.6639 16.4991 15.7798 16.522 17.9922 13.5103 35.4022 28.8061 20.4737 20.2269 20.7002 53.8744 32.9466
threshold=0.77500000596046459 3.5000000000000004 0.9506097435951234 0.87629708647727977 0.47688487172126776 0.8709511160850526 0.94665718078613292 0.87939393520355236 0.78477597236633312 0.93767178058624279 0.61602565646171581 0.77003204822540294 0.70628052949905407 0.86251240968704235 1.0000000180025095e-35 0.85970616340637218 0.96780294179916393 0.79215413331985485 0.73214286565780651 0.72730857133865368 0.35160498321056372 0.57520484924316417 0.6900656819343568 1.0000000180025095e-35 0.93767178058624279 7.5000000000000009 0.30758222937583929 0.96225070953369152 2.5000000000000004 0.74710392951965343
decision_type=2 2 2 10 2 2 2 2 8 10 2 2 8 10 2 2 10 10 2 10 2 8 2 2 8 8 8 2 2 10
left_child=1 3 17 5 15 -1 7 11 9 -9 -11 16 -13 -14 -8 18 -7 19 -5 20 21 -3 23 25 26 -2 -24 29 -29 -28
right_child=22 2 -4 4 -6 6 14 8 -10 10 -12 12 13 -15 -16 -17 -18 -19 -20 -21 -22 -23 24 -25 -26 -27 27 28 -30 -31
leaf_value=-0.00082986711902960028 -0.040033135960425473 0.20289174214120159 -0.23420734416023076 0.021411264704266506 0.11534237830274423 -0.033607734356779231 -0.13762253295487978 -0.01467464630224879 -0.10500719561192549 0.052866078241469258 0.28426060654685631 0.075757470285747211 -0.12823992454256281 0.058846924590668627 0.08777392463394737 0.032011599325747285 0.10388628066326554 0.11339589980904903 -0.061485799885000962 0.060052378241747348 -0.15900388364471552 -0.077289000109940192 -0.16835767886599531 0.046722175061246485 -0.001815106164331238 -0.0025876193421726363 -0.015259715231938182 -0.066190171868366676 0.050845304977532819 0.020770037668393356
leaf_weight=21257.917685419488 613.1965438157107 5.7083795572964418 37.868822724058646 88.971673660781335 106.48492175863475 64.324093303429549 111.43234282491301 32.867560036073883 36.413183919962648 32.990577637031492 45.07331096989401 19.239207010206883 135.67051363608743 20.343440663050387 10.480251691958982 348.31459361926636 32.882274551734554 11.756755034356955 134.94092088833281 14.341617930404025 49.142603725049412 21.336928973292515 12.467120125471409 205.98725130831872 6346.9427611306655 706.69054507037174 833.90573532553481 99.91076877291448 724.91247776413752 1806.5730149038154
leaf_count=5422123 46640 3173 2234 7086 18361 7488 16741 2792 2598 375 3503 1935 8564 1276 778 21995 1437 1472 16466 361 1848 8380 1445 15089 933604 95971 85741 7298 50236 108068
internal_value=-0.000249736 -0.00145796 -0.106788 -0.000796495 0.0252278 -0.00160786 -0.0320798 -0.00699782 0.0705663 0.128621 0.188376 -0.0490487 -0.0836147 -0.103625 -0.11769 0.00828657 0.013487 -0.0578037 -0.0285979 -0.0810328 -0.108025 -0.0130262 0.00215783 -0.0109692 0.0041975 -0.0200013 0.0151679 0.0158765 0.0366058 0.00938979
internal_weight=33969.1 22618.5 140.155 22478.3 678.712 21799.6 541.717 419.804 147.345 110.931 78.0639 272.46 175.253 156.014 121.913 572.227 97.2064 102.286 223.913 90.5295 76.1879 27.0453 11350.6 1525.87 9824.71 1319.89 3477.77 3465.3 824.823 2640.48
internal_count=6895078 5550986 17468 5533518 63908 5469610 47487 29968 9268 6670 3878 20700 11775 9840 17519 45547 8925 15234 23552 13762 13401 11553 1344092 157700 1186392 142611 252788 251343 57534 193809
is_linear=0
shrinkage=0.15


Tree=205
num_leaves=31
num_cat=0
split_feature=10 9 15 32 9 15 33 33 33 33 33 10 27 33 33 9 28 27 16 8 20 11 10 10 33 14 10 33 19 10
split_gain=4.15915 6.37726 5.68905 5.1661 8.31039 5.83933 4.25683 27.7274 31.0076 18.238 27.0389 17.8067 18.1728 17.2314 14.7358 20.3379 20.1667 23.2033 14.6276 19.5456 14.2941 13.908 13.5682 18.5812 15.782 13.2608 16.1588 12.3296 11.9294 15.2367
threshold=1.000000059604645 0.63755860924720775 6.5000000000000009 0.87767916917800914 0.78956952691078197 28.500000000000004 0.74443343281745922 0.73401361703872692 0.73123827576637279 0.75255101919174205 0.76253134012222301 0.82769384980201732 3.5000000000000004 0.72821971774101268 0.76533168554306041 0.88330480456352245 0.30952382087707525 3.5000000000000004 0.061589302495121963 0.94993710517883312 5.5000000000000009 0.3562189787626267 0.80418878793716442 0.69069051742553722 0.51887464523315441 7.5000000000000009 0.38953325152397161 0.7670542597770692 567.50000000000011 0.84072697162628185
decision_type=10 10 8 2 10 8 2 2 2 2 2 8 2 2 2 8 2 2 2 10 2 8 8 10 2 10 10 2 2 10
left_child=6 2 -2 4 5 -3 7 8 13 25 -11 -9 -13 18 15 16 -12 -18 21 -20 -10 22 23 -1 -25 -8 -27 -16 29 -24
right_child=1 3 -4 -5 -6 -7 9 11 20 10 14 12 -14 -15 27 -17 17 -19 19 -21 -22 -23 28 24 -26 26 -28 -29 -30 -31
leaf_value=-0.02139092384667866 -0.10398466035898889 0.016264181632134972 -0.0065529993731902004 0.022428969645218573 0.053602891477772439 -0.33587617754696247 0.038991043331017688 -0.0058487883349999555 0.078914036616396788 -0.041817896484107921 -0.041964292217818631 -0.087779793256173119 0.028451468663552255 -0.069190529811659518 -0.07442918187327606 -0.0011643776299319225 0.14094576984397997 -0.068990122596982173 0.0085614376138204492 0.11424418616682165 -0.019871849660174561 0.00020167129594476509 -0.049882462744371671 -0.036249442471558799 0.04703464124709629 0.10730476084922377 -0.046225110743374646 0.0010750463582836242 -0.053208985518319464 0.042046771560304681
leaf_weight=517.16710360626234 13.735569245956865 1.2018102948895828 160.99345083662229 3.4376366413307551 2.0322532849586423 4.4965392804187996 458.89249944248735 181.45232961126993 155.05473833255132 330.56132186326795 23.288680524808001 186.82421553832711 35.58190938399548 83.979698719002045 47.766803349633847 146.97853965542834 83.368585309095351 13.162594942459689 132.84863141714686 55.072390451950014 41.335816730902252 7696.4561561834144 78.695847439915042 66.908607277387546 208.70506061515835 17.680878703800715 88.023666369215448 22681.638907748369 320.83508729305754 81.627345268240788
leaf_count=200951 691 407 34365 1935 2636 1362 70431 54945 28520 82550 5651 45175 1824 26945 13994 32517 3518 516 7235 3081 6914 2280071 21498 4849 16740 19243 27846 3770893 119261 5237
internal_value=0.000152364 -0.0221624 -0.0147603 -0.127239 -0.188739 -0.270267 0.000275987 -0.0023491 -0.000700234 0.0013575 0.000712146 -0.0407883 -0.0691403 -0.0019564 0.00132529 0.0363063 0.0818993 0.111906 -0.00133239 0.0399737 0.0581265 -0.00220208 -0.016713 -0.00463896 0.0267585 0.0279724 -0.0197797 0.000913104 -0.0365559 -0.00310688
internal_weight=33919.8 185.897 174.729 11.1682 7.7306 5.69835 33733.9 9842.54 9438.69 23891.4 23326.8 403.858 222.406 9242.3 22996.2 266.798 119.82 96.5312 9158.32 187.921 196.391 8970.4 1273.94 792.781 275.614 564.597 105.705 22729.4 481.158 160.323
internal_count=6891801 41396 35056 6340 4405 1769 6850405 2823246 2721302 4027159 3909639 101944 46999 2685868 3827089 42202 9685 4034 2658923 10316 35434 2648607 368536 222540 21589 117520 47089 3784887 145996 26735
is_linear=0
shrinkage=0.15


Tree=206
num_leaves=31
num_cat=0
split_feature=10 16 15 32 9 15 19 9 16 34 13 9 16 9 24 23 10 8 15 11 13 19 19 15 9 34 20 19 32 34
split_gain=3.24413 6.93838 8.62362 8.92727 5.56158 5.79909 12.1672 7.10062 4.98929 16.3969 10.1742 8.69114 5.93735 5.81052 4.92787 7.93064 15.2013 4.8537 6.09908 9.87474 9.58627 6.45709 5.75392 4.78059 4.4566 4.59262 4.00356 6.05372 3.66555 5.01914
threshold=1.000000059604645 0.076167490333318724 22.500000000000004 0.74357023835182201 0.74491482973098766 1.5000000000000002 564.50000000000011 0.78956952691078197 0.080649357289075865 0.86240702867507946 8.5000000000000018 0.81854888796806347 0.085949555039405837 0.53020426630973827 0.36666667461395269 1.5000000000000002 0.99999997019767772 0.97482815384864818 3.5000000000000004 0.16574510186910632 4.5000000000000009 529.50000000000011 556.50000000000011 35.500000000000007 0.64545917510986339 0.99264705181121837 2.5000000000000004 526.50000000000011 0.38517180085182195 0.78817018866539013
decision_type=10 2 10 2 8 10 2 10 2 2 10 8 2 10 2 2 10 10 8 10 8 2 2 10 10 2 2 2 2 2
left_child=8 23 4 -4 -3 6 7 -6 -1 17 11 13 -12 -11 15 24 -17 -10 -19 -20 -21 -22 -23 28 -15 -26 -7 -28 29 -2
right_child=1 2 3 -5 5 26 -8 -9 9 10 12 -13 -14 14 -16 16 -18 18 19 20 21 22 -24 -25 25 -27 27 -29 -30 -31
leaf_value=0.00014648087818111289 -0.011584994695596321 0.048218480264488307 -0.46533720087443531 0.017700667627001763 -0.43870651726915 0.03055542474513457 0.082991656927945717 -0.051579619834474184 -0.09374145037140745 0.11774821332943436 0.007666630275226744 0.070270436572413664 -0.29493432438248374 -0.10369470371753643 0.11450681193161596 0.069940668498168365 -0.3313366244827895 0.097905086235357167 0.089802325086127163 0.070353582358448075 0.093429399074129157 -0.31869246159045878 -0.084000186580659664 0.090532093158984653 0.024282540609951761 -0.095019913474551132 0.078009823335037087 -0.16036328327758478 0.062251432246409652 -0.12656242763007941
leaf_weight=33517.461981721295 119.23488872721646 8.7167556751737703 1.4112033390847494 1.2289341257273916 2.6407814945305317 9.2329626994232985 2.0166600093762099 1.9295161874670155 3.5710430806657305 4.1213480753503964 2.0502504545947877 21.815699016211511 3.666915817419067 14.28591527105891 2.9886240462265041 2.8591921762708798 4.8771519449946936 61.601227152945285 26.012636468827623 9.7475875339659961 2.1637449443951509 2.6969075584565863 9.7978652833480719 9.9892030594783119 27.074162141194392 8.7982224321458471 2.5942454174364666 7.8694054733614394 12.518729252213232 8.2304687107271075
leaf_count=6782031 14015 1891 444 618 381 856 601 1858 109 668 486 27888 765 628 10905 156 542 6021 16151 5495 334 263 864 666 1982 336 162 618 1262 18106
internal_value=0.000180892 -0.0194366 -0.0761194 -0.297398 -0.0516307 -0.0852985 -0.197441 -0.313868 0.000290596 0.0233875 -0.0235393 -0.00966474 -0.201431 -0.0371494 -0.0493681 -0.0596282 -0.192003 0.0608349 0.0665484 0.027078 -0.0406785 -0.11429 -0.154519 -0.00480029 -0.035857 -0.00676154 -0.0400678 -0.099614 -0.0121971 -0.0199365
internal_weight=33913.2 187.614 37.6405 2.64014 35.0003 26.2836 6.58696 4.5703 33725.6 208.128 92.5375 86.8203 5.71717 65.0046 60.8833 57.8946 7.73634 115.591 112.02 50.4187 24.4061 14.6585 12.4948 149.973 50.1583 35.8724 19.6966 10.4637 139.984 127.465
internal_count=6897102 41478 7429 1062 6367 4476 2840 2239 6855624 73593 44356 43105 1251 15217 14549 3644 698 29237 29128 23107 6956 1461 1127 34049 2946 2318 1636 780 33383 32121
is_linear=0
shrinkage=0.15


Tree=207
num_leaves=31
num_cat=0
split_feature=16 9 13 18 28 18 24 24 16 9 32 16 13 9 32 25 26 32 22 16 9 19 21 32 18 19 30 14 18 26
split_gain=6.03106 19.8305 18.5355 21.1171 15.8972 11.7795 25.3217 21.6467 14.9552 17.0334 16.2192 29.6036 12.8855 13.6397 12.8683 12.3931 11.5598 11.3735 16.4478 20.3341 12.701 12.2666 12.1257 23.9246 11.6189 11.1504 11.0072 10.8293 10.7994 12.6882
threshold=0.015625354833900932 0.94299551844596874 3.5000000000000004 0.049236597493290908 0.73214286565780651 0.02800889685750008 0.45000000298023229 0.45000000298023229 0.015385021921247246 0.75389426946640026 0.59340673685073864 0.015151950065046551 2.5000000000000004 0.59966322779655468 0.87767916917800914 1.0000000180025095e-35 1.0000000180025095e-35 0.8319486975669862 1.5000000000000002 0.0087720141746103781 0.73595777153968822 478.50000000000006 1.0000000180025095e-35 0.97782999277114879 0.20356171578168872 588.50000000000011 2.5000000000000004 8.5000000000000018 0.043562481179833419 1.0000000180025095e-35
decision_type=2 10 8 2 2 2 2 2 2 10 2 2 10 10 2 2 2 2 2 2 10 2 2 2 2 2 2 8 2 2
left_child=1 2 4 16 5 6 25 -7 10 28 11 15 13 -12 -8 -9 -4 27 19 -19 21 -21 23 -20 -23 -1 -24 -5 -10 -30
right_child=-2 -3 3 17 -6 7 14 8 9 -11 12 -13 -14 -15 -16 -17 -18 18 22 20 -22 24 26 -25 -26 -27 -28 -29 29 -31
leaf_value=0.035017817689897972 -0.0012450415235744168 -0.040379697643479061 -0.051502292087600966 0.073635052871238074 -0.05873034744416248 0.030904670742324714 0.075448715548152745 0.1352079045820101 0.058361531717601785 0.078899657179719057 0.01916391844761554 -0.088252487340133162 -0.0031120039738437738 -0.076682742280123173 0.20904153835427808 0.029302873516124869 -0.0020818002897325621 0.17469883827295649 0.014506294196078287 0.0077224828245044189 0.0048896290370545265 0.056081389914882956 0.12217703522533822 -0.15751513533582684 0.15831168013455157 -0.066461040367222335 -0.0045575860178967949 -0.00016765719806276656 0.077633918900834736 -0.070826909508344596
leaf_weight=63.365112405379477 25289.135872880728 226.3167220643445 256.80745793005644 44.120270795537408 58.944558706672979 912.1912462008695 103.35525854618754 34.656469292967813 36.28106104338076 91.228799200602225 41.130963092466118 38.894494791908073 177.70276852810639 169.17404241154145 18.957719973288476 84.810563771578018 181.58841987870983 21.128622190004535 39.293263396082693 94.944986728427466 270.59476508813532 140.10094313641457 16.339061129059701 32.629208612066577 30.199120168457739 38.202763005839188 138.73437147335062 5226.7754027536348 15.512997665908186 60.644819933520921
leaf_count=5831 3751399 2924 126781 15308 2950 26567 1099 355 395 2273 512 621 2325 2392 190 968 2951 3888 4570 2976 4772 4666 532 13623 1954 3952 4343 2905976 151 1715
internal_value=-7.48554e-05 0.00334027 0.0045175 0.000668937 0.0173584 0.0197661 0.0520006 0.0153959 -0.00348177 0.0311161 -0.0164119 0.0239377 -0.0328994 -0.0579353 0.097682 0.0608924 -0.0310831 0.00297266 0.0198176 0.0336705 0.0277946 0.0510554 -0.0141714 -0.0646248 0.0750281 -0.0034273 0.00949286 0.000463962 -0.00800752 -0.0399719
internal_weight=33953.8 8664.63 8438.31 6493.26 1945.05 1886.11 223.881 1662.23 750.037 203.668 546.369 158.362 388.008 210.305 122.313 119.467 438.396 6054.86 783.964 556.968 535.84 265.245 226.996 71.9225 170.3 101.568 155.073 5270.9 112.439 76.1578
internal_count=6898959 3147560 3144636 3092340 52296 49346 11072 38274 11707 4534 7173 1944 5229 2904 1289 1323 129732 2962608 41324 18256 14368 9596 23068 18193 6620 9783 4875 2921284 2261 1866
is_linear=0
shrinkage=0.15


Tree=208
num_leaves=31
num_cat=0
split_feature=16 13 18 34 30 33 19 23 26 29 28 9 32 33 9 32 13 15 27 9 32 9 16 28 33 29 8 33 19 29
split_gain=4.38884 20.108 10.7968 14.4144 14.116 16.89 11.3973 10.255 16.7675 17.5188 15.8447 28.6544 13.0235 11.1069 10.9702 10.7814 10.4965 9.80799 9.58693 11.1143 22.6166 9.10135 8.52231 8.25418 8.84448 8.22615 20.8731 12.5634 14.1248 9.91318
threshold=0.0098043931648135203 40.500000000000007 0.55024316906929027 0.65751880407333385 3.5000000000000004 0.7670542597770692 539.50000000000011 1.0000000180025095e-35 1.0000000180025095e-35 0.37906664609909063 0.41428571939468389 0.61418750882148754 0.6372661590576173 0.53001201152801525 0.273397907614708 0.24453146010637286 92.500000000000014 27.500000000000004 1.5000000000000002 0.47643956542015081 0.54746860265731823 0.51269313693046581 0.0092593585141003149 0.64583334326744091 0.90661337971687328 0.56599020957946788 0.34155373275280004 0.77003204822540294 527.50000000000011 0.55755880475044262
decision_type=2 8 2 2 2 2 2 2 2 2 2 8 2 2 8 2 8 8 2 10 2 8 2 2 2 2 10 2 2 2
left_child=1 2 -1 -4 6 -6 -5 14 9 12 11 -10 -9 -11 -3 16 -15 -16 19 20 -17 -8 25 -20 -25 26 -19 28 -27 -28
right_child=-2 7 3 4 5 -7 21 8 10 13 -12 -13 -14 15 17 18 -18 22 23 -21 -22 -23 -24 24 -26 27 29 -29 -30 -31
leaf_value=0.018615897918878153 -0.0010721251365475217 0.29451558853300525 -0.019179875908940044 0.037002177956034839 0.048942969459836054 0.36005677493335669 0.20844846477706672 -0.084433975009810411 0.010060333165298861 -0.12633560070564934 -0.072470463229230439 0.19237636525200566 -0.0022924043998534824 0.25667165619492527 0.12205601030491978 0.046177787321082124 -0.082585605639096532 -0.013082548009365766 -0.10380333952572154 -0.049134759963877235 0.39901502850150311 -0.033484587566934398 0.048924386600242828 -0.010915768562499975 0.090703509448545092 0.031209939603962608 0.067499835200064848 -0.022702186974834702 -0.063212035511990144 0.2592663419265217
leaf_weight=430.74456597221854 31675.732726035258 1.9742449502748511 32.491571096785151 64.663513563650895 7.5296093780598303 8.1218842468879284 17.035839809134131 169.99865700740563 208.94096713566432 12.982286343873339 41.690240363590419 20.397621402436926 58.290835880185114 1.2312508795239407 15.134528230997146 11.406579883954697 30.69022989562561 122.35758418086698 10.944385195881294 6.069100495253223 5.652849992417031 4.0275991763828669 86.68665729877921 47.562220983052612 31.186038325191475 242.56436357408529 78.075365546519151 457.1878384475076 40.804685038681782 5.7902541387938973
leaf_count=185863 4546091 8628 10758 31049 2401 1039 11546 1110334 9550 71396 1361 551 65412 102 1980 2059 560705 187869 2909 124 177 1956 5984 1185 471 6605 48391 14937 3750 449
internal_value=-0.000615266 0.00575118 0.0302639 0.0673269 0.0949687 0.222314 0.0694235 -0.00236679 -0.0170516 -0.0370925 0.0115234 0.0270405 -0.0635616 0.00137763 0.00682474 0.0136208 -0.062101 0.00600301 0.0354027 0.119367 0.178715 0.162767 0.00418713 0.0126739 0.0299604 4.37136e-05 0.0264653 -0.00733969 0.0174389 0.0836388
internal_weight=33948 2272.23 564.615 133.87 101.378 15.6515 85.727 1707.62 657.043 386.014 271.029 229.339 228.289 157.725 1050.58 144.743 31.9215 1048.6 112.821 23.1285 17.0594 21.0634 1033.47 89.6926 78.7483 946.78 206.223 740.557 283.369 83.8656
internal_count=6895632 2349541 244612 58749 47991 3440 44551 2104929 1826336 1814874 11462 10101 1175746 639128 278593 567732 560807 269965 6925 2360 2236 13502 267985 4565 1656 262001 236709 25292 10355 48840
is_linear=0
shrinkage=0.15


Tree=209
num_leaves=31
num_cat=0
split_feature=9 25 8 30 34 16 31 13 30 23 18 16 28 34 23 11 19 12 8 32 11 19 19 19 32 34 0 14 14 17
split_gain=3.53098 14.8094 30.5997 17.553 19.9365 14.04 15.6361 14.3837 13.5727 14.503 10.6273 9.95697 9.37094 9.72276 10.9299 8.28294 15.0454 12.0251 9.15461 9.84491 12.1273 10.6511 7.93542 9.28928 7.71935 7.40782 10.6704 8.05087 6.80435 7.61243
threshold=0.89058512449264537 1.0000000180025095e-35 0.98238280415534984 3.5000000000000004 0.82952776551246654 0.015871291048824791 0.73214286565780651 2.5000000000000004 4.5000000000000009 1.5000000000000002 0.077497750520706191 0.014493093825876715 0.30952382087707525 0.86159002780914318 1.0000000180025095e-35 0.17764370888471606 469.50000000000006 9.5000000000000018 0.71512502431869518 0.80698642134666454 0.36191004514694219 657.50000000000011 507.50000000000006 538.50000000000011 0.75433754920959484 0.94618725776672374 1.0000000180025095e-35 28.500000000000004 52.500000000000007 18.500000000000004
decision_type=10 2 8 2 2 2 2 10 2 2 2 2 2 2 2 10 2 8 8 2 8 2 2 2 2 2 2 8 10 2
left_child=-1 2 3 4 -2 6 11 10 9 12 -8 -3 13 -4 -15 22 17 -17 -18 20 -20 -22 -7 -24 -13 26 -5 -27 29 -25
right_child=1 5 8 25 -6 15 7 -9 -10 -11 -12 24 -14 14 -16 16 18 -19 19 -21 21 -23 23 28 -26 27 -28 -29 -30 -31
leaf_value=-0.00080753645610198656 -0.058121151937587302 -0.052181742564255791 0.11375104808531464 0.082991245767467123 0.084754178436198549 0.028281521966331401 -0.052961083343790759 -0.026907922785600683 0.006884610797897441 0.19971928499458427 -0.17543423928803534 0.01961568992013351 0.12121431064552679 -0.072576993739726953 0.051694152713043673 0.074413355410587287 0.019851750677908325 -0.46717472545359379 -0.085977337293841896 -0.031402942291687143 -0.58110762382855297 0.055570313616087483 -0.026680839547058122 -0.0030329624424898166 0.12920713419715182 -0.076214260799494837 -0.036857007386614897 0.02772948197519726 0.081701070645217019 0.02149978469360854
leaf_weight=31091.254855240109 30.233841464049419 34.602300693324651 29.98367393668741 24.296004372934476 74.165887144641601 318.47792998491514 36.70020301695331 176.69795172818704 63.394766412769968 22.036697160554468 29.045235643898195 74.79082669757554 53.516431071875559 22.165595466271043 50.054028174723499 0.96113715344199535 43.652806105703348 2.1347834603875526 7.5149986652322696 27.239576197905535 1.6191078758674833 0.55378403860049719 213.22205526079961 821.71658471623778 17.085031574417371 91.622125728645187 48.281519320564257 19.926686719758436 25.910450245053653 434.2022225947112
leaf_count=6710654 404 277 289 940 1192 50200 386 2160 1375 482 520 1227 2310 195 565 1176 4304 235 4237 15258 1241 349 22595 57298 266 1134 613 325 1498 7616
internal_value=-0.000348334 0.00475678 0.0273125 -0.00566646 0.0432191 -0.000525044 -0.0272584 -0.0494944 0.0666307 0.0877808 -0.108885 0.0154192 0.0707665 0.0434321 0.0130826 0.00468502 -0.0411764 -0.32192 -0.0265763 -0.0805364 -0.202822 -0.45247 0.00682259 0.00223553 0.0411668 -0.0334683 0.00384598 -0.0575647 0.00706259 0.00545897
internal_weight=33887.1 2795.8 529.677 288.526 104.4 2266.13 368.922 242.443 241.151 177.756 65.7454 126.478 155.72 102.203 72.2196 1897.21 83.6762 3.09592 80.5803 36.9275 9.68789 2.17289 1813.53 1495.05 91.8759 184.126 72.5775 111.549 1281.83 1255.92
internal_count=6891321 180667 9824 4608 1596 170843 4836 3066 5216 3841 906 1770 3359 1049 760 166007 26800 1411 25389 21085 5827 1590 139207 89007 1493 3012 1553 1459 66412 64914
is_linear=0
shrinkage=0.15


Tree=210
num_leaves=31
num_cat=0
split_feature=8 29 24 23 10 32 13 10 10 14 26 29 27 14 29 29 16 17 13 27 32 33 10 29 27 29 29 29 24 10
split_gain=5.70114 15.9176 21.6094 20.728 28.678 31.4306 23.309 21.9006 19.5076 17.6462 15.8764 23.7842 34.4209 25.6817 24.1738 22.8036 17.2359 15.8488 15.3258 15.2435 13.9668 12.0925 16.55 29.1171 15.7251 19.6661 15.596 14.9757 31.8815 20.7043
threshold=0.80632475018501293 0.35887238383293157 0.18333333730697635 1.0000000180025095e-35 0.46450035274028784 0.14872968941926959 29.500000000000004 0.3121184259653092 0.59957221150398265 74.500000000000014 1.0000000180025095e-35 0.45910288393497473 1.5000000000000002 55.500000000000007 0.85970616340637218 0.44247451424598699 0.039377883076667793 85.500000000000014 55.500000000000007 1.0000000180025095e-35 0.35160498321056372 0.65571120381355297 0.57842931151390087 0.65744346380233776 2.5000000000000004 0.75473687052726757 0.77022564411163341 0.74162915349006664 0.70833334326744091 0.74299544095993053
decision_type=8 2 2 2 10 2 8 10 8 10 2 2 2 8 2 2 2 2 8 2 2 2 10 2 2 2 2 2 2 8
left_child=1 2 3 4 5 9 7 -5 -6 -1 -3 15 18 14 21 16 -12 19 -13 -8 -19 -14 23 -23 25 -24 -27 28 -26 -29
right_child=-2 10 -4 6 8 -7 17 -9 -10 -11 11 12 13 -15 -16 -17 -18 20 -20 -21 -22 22 24 -25 27 26 -28 29 -30 -31
leaf_value=-0.071249507484782329 -0.0010364979773991628 0.0050892182352133674 0.080746371457263821 0.055269330258968137 0.44818434827891485 0.1525314787442735 -0.30997825399454276 -0.11972040974427861 0.067638738589351155 0.31043238949108276 -0.060365290679172623 0.10137905060560622 0.046164864059792712 0.036802577280413896 0.068334003001106064 -0.15557105067157129 0.07606970075034962 -0.15181778519380204 -0.051902422217246065 -0.021291209220653171 0.087056350731234425 -0.045671566440059985 0.038931048611295371 0.030419591409798642 -0.29518075181526371 -0.48425914948379772 -0.054158338550551285 0.012006397324273721 -0.085786652497374466 -0.30956961998855614
leaf_weight=45.087855759582595 25580.857133240781 6629.1780661332059 137.9628294916115 61.283138037753815 5.5924834859865742 26.122189621694815 12.979661475837078 20.704356654438016 6.3922440670467049 1.9153512489990578 96.653008929468342 87.7232945684882 41.638223715526692 185.29125117423973 57.487014698888743 45.149916189257056 25.568844194116537 10.000446195018158 16.939373343717307 6.0530073227785683 10.103731876937671 353.96571161397151 45.929520844423678 165.27026563400068 18.986747061637288 1.992213923993402 6.0153008434499498 43.290097773708112 100.29836640106805 4.0201179272480649
leaf_count=52949 4144594 2058290 14806 1242 1836 2510 11953 152 134 1970 1530 7372 8913 18730 20899 627 553 292378 407 217579 757 6720 3187 18872 293 196 1017 3084 1514 305
internal_value=7.033e-05 0.00349386 0.0350251 0.00419738 0.0605378 0.0237202 -0.0355628 0.0101689 0.266055 -0.0495533 0.00212022 -0.0130562 -0.00520719 -0.0136043 -0.0247685 -0.0656485 -0.0314373 -0.129232 0.0763144 -0.223812 -0.0333305 -0.0316965 -0.0361354 -0.0214402 -0.0704818 -3.51047e-05 -0.203046 -0.0931533 -0.121293 -0.0211614
internal_weight=33850.5 8269.59 344.197 206.234 85.1101 73.1254 121.124 81.9875 11.9847 47.0032 7925.4 1296.22 1128.85 1024.18 838.894 167.372 122.222 39.1368 104.663 19.0327 20.1042 781.407 739.768 519.236 220.532 53.937 8.00751 166.595 119.285 47.3102
internal_count=6895369 2750775 598266 583460 59399 57429 524061 1394 1970 54919 2152509 94219 91509 83730 65000 2710 2083 522667 7779 229532 293135 44101 35188 25592 9596 4400 1213 5196 1807 3389
is_linear=0
shrinkage=0.15


Tree=211
num_leaves=31
num_cat=0
split_feature=9 9 32 13 33 26 23 9 18 16 33 12 11 32 16 31 16 29 34 34 22 13 31 15 16 16 20 21 20 17
split_gain=4.28037 8.09232 11.7257 8.72541 9.40196 7.67106 7.21655 9.52303 16.698 15.7701 8.75699 7.13051 6.5737 6.5128 9.86173 13.4613 13.4298 6.04913 5.93715 7.04792 8.35861 7.61158 5.92721 5.64566 8.37927 5.51238 5.29823 5.1535 6.5864 5.09645
threshold=0.26392841339111334 0.33877538144588476 0.42635740339756018 19.500000000000004 0.64346247911453258 1.0000000180025095e-35 1.0000000180025095e-35 0.30752912163734442 0.29461473226547247 0.0052493801340460786 0.94312667846679699 25.500000000000004 0.14568409323692325 0.27558231353759771 0.0046963188797235498 0.23611111193895343 0.0069204980973154315 0.34437562525272375 0.69732204079628002 0.73557159304618847 2.5000000000000004 20.500000000000004 0.61250001192092907 1.5000000000000002 0.030769326724112037 0.011904973071068527 104.50000000000001 1.5000000000000002 63.500000000000007 399.50000000000006
decision_type=8 8 2 10 2 2 2 10 2 2 2 10 8 2 2 2 2 2 2 2 2 8 2 10 2 2 2 2 2 2
left_child=5 2 3 -2 -5 22 7 8 -4 -10 12 -12 -8 14 -6 17 -17 29 26 20 21 -20 -1 24 27 -9 -14 28 -21 -16
right_child=1 -3 6 4 13 -7 10 25 9 -11 11 -13 18 -15 15 16 -18 -19 19 23 -22 -23 -24 -25 -26 -27 -28 -29 -30 -31
leaf_value=0.032002374948458132 -0.079551200811455197 -0.0002005943491982298 -0.028812451331369417 -0.077009357834318684 -0.12370792235205061 -0.12820813278526685 0.2741468526104156 -0.054022915985677329 0.079504858780107684 0.69839817470163557 0.12901893301005857 -0.092533421413603961 -0.049345842944646466 0.0065939293954873288 -0.096407820934914637 0.55134780115495607 0.10479411710143341 0.144295353386408 -0.014094187088527416 -0.042763550460416459 -0.11279329081238162 0.25818154534609444 -0.12873305705173502 -0.060460328281017633 0.10994461167194766 0.15377182221246313 0.16804409467012424 0.16888585438138007 0.13050936926974202 0.19576873123473879
leaf_weight=24.530493365589852 30.249544372764149 33493.226244632038 2.3865521009356589 19.922599783555597 2.9479814209966575 15.362079075678592 1.2727473367704076 5.4420861036487604 1.9116107626559826 1.5553470904924322 29.949317581775176 2.9403727463068199 34.226883872134749 50.812207308675397 6.3067123072033855 2.0377382073729668 4.2602388374759812 6.1554783546871477 3.0184328534523956 33.223692437783484 1.858813574111992 7.6311640301637418 5.4700637876885585 15.139138742131761 22.629265194995241 4.3168509110328159 1.7456196584462293 2.6216570580727412 4.7824502430939893 0.68049083612191896
leaf_count=46045 7092 6656145 182 52389 13696 3864 19 4392 1941 1190 4232 55 7227 40204 15096 3080 1357 211 186 26917 197 2280 2202 394 397 240 308 35 2873 2123
internal_value=-4.30326e-05 1.94536e-05 0.0245035 -0.010941 0.0119542 -0.045589 0.0491801 0.143755 0.279939 0.451345 0.0391807 0.107066 0.0210638 0.0368784 0.10239 0.14105 0.305029 0.0464598 0.016401 0.0367145 0.136901 0.186425 -0.000512077 0.0192064 0.038917 0.0436439 -0.0345369 -0.00233536 -0.0181731 -0.0470048
internal_weight=33838.6 33793.3 300.025 123.373 93.1234 45.3626 176.652 15.6124 5.85351 3.46696 161.04 32.8897 128.15 73.2008 22.3886 19.4407 6.29798 13.1427 126.877 90.9046 12.5084 10.6496 30.0006 78.3962 63.2571 9.75894 35.9725 40.6278 38.0061 6.9872
internal_count=6896569 6844458 188313 135248 128156 52111 53065 7945 3313 3131 45120 4287 40833 75767 35563 21867 4437 17430 40814 33279 2663 2466 48247 30616 30222 4632 7535 29825 29790 17219
is_linear=0
shrinkage=0.15


Tree=212
num_leaves=31
num_cat=0
split_feature=22 10 24 9 21 24 9 29 18 23 24 13 32 27 9 11 13 10 23 0 33 32 34 29 9 9 24 24 22 21
split_gain=4.74752 6.52524 7.05093 6.07949 3.61187 13.7596 7.90522 4.47771 7.00743 4.07917 11.5584 10.1087 6.79942 6.4459 9.36654 7.92426 6.4268 6.24462 4.85863 21.0937 20.4587 16.5516 15.5974 15.0829 13.0952 12.233 11.7481 16.9406 11.6997 43.5092
threshold=3.5000000000000004 0.89911949634552013 0.70833334326744091 0.7490091621875764 2.5000000000000004 0.87500000000000011 0.58042189478874218 0.46797943115234381 0.034507567062973983 3.5000000000000004 0.22500000149011615 17.500000000000004 0.85134449601173412 1.5000000000000002 0.6212705969810487 0.16514670848846438 45.500000000000007 0.53909412026405346 1.5000000000000002 1.0000000180025095e-35 0.61620295047760021 0.86321091651916515 0.72804316878318798 0.80740225315094005 0.54706954956054699 0.86956918239593517 0.45000000298023229 0.87500000000000011 2.5000000000000004 1.0000000180025095e-35
decision_type=2 8 2 8 2 2 10 2 2 2 2 8 2 2 8 8 8 10 2 2 2 2 2 2 8 10 2 2 2 2
left_child=4 2 -2 -3 9 -6 -7 8 -8 18 13 12 -12 14 17 -15 -13 -11 28 20 22 23 -20 -21 -24 -22 -25 -28 -1 -30
right_child=1 3 -4 -5 5 6 7 -9 -10 10 11 16 -14 15 -16 -17 -18 -19 19 21 25 -23 24 26 -26 -27 27 -29 29 -31
leaf_value=0.00074972171157911384 -0.14266342459815673 -0.052194864517488941 0.13515108988644053 0.1552698197780488 -0.2046974360691329 0.17264708313198801 -0.059829620140552937 0.10334356981855215 0.062769500216703591 0.076640340633982521 0.13839983557520033 -0.13773756803437662 0.003075233611077892 0.14946779746374383 -0.084054650143688028 -0.096660026883299874 0.054989429934941714 0.49148462942435123 -0.034307652032742386 -0.00067111569198931873 -0.0024243975015534433 -0.050840380305191092 0.10675452362372929 -0.016640212614313352 0.035069642970384389 0.043487941150519842 -0.081389052609092113 0.072778220669436136 -0.0031804967702948562 0.11291188814902171
leaf_weight=28024.072463888897 16.426463812093921 7.5118438707288533 1.5346506212445081 4.1138441904484448 4.0251850190070391 9.5291485239576996 19.200116196036106 12.718651302482611 20.825942412790027 2.9655760290196445 33.641985168440442 6.458947330553201 11.069821300192414 2.4256682956716986 3.3187055047430922 24.599054238569128 7.3097121119171771 0.46461646631360043 52.411740794891386 1909.2529513110476 1669.7409965609017 223.77786441641547 77.2296521029632 902.59543965523017 221.81045559098715 140.64511036411932 128.07951833612969 17.525153591075195 275.01726611193226 97.681613460394146
leaf_count=5385050 2444 1020 97 1221 221 399 248 3502 361 1933 1291 144 525 567 7988 14358 314 9 34241 604323 431848 12238 15147 172946 64760 10120 8589 21368 95849 2576
internal_value=0.000422895 -0.0586464 -0.11305 0.0277015 0.00047618 0.0351915 0.0536872 0.0293828 0.00393502 0.000407112 0.0317359 0.0716392 0.105696 -0.0374314 0.0852705 -0.0700231 -0.0386244 0.231087 0.000320512 -0.00382875 0.00760211 -0.0115967 0.040666 -0.00861107 0.053877 0.00116448 -0.0230589 -0.0624634 0.00110134 0.0274672
internal_weight=33928 29.5868 17.9611 11.6257 33898.4 66.299 62.2739 52.7447 40.0261 33832.1 92.2541 58.4805 44.7118 33.7736 6.7489 27.0247 13.7687 3.43019 33739.8 5343.07 2161.84 3181.23 351.452 2957.45 299.04 1810.39 1048.2 145.605 28396.8 372.699
internal_count=6895697 4782 2541 2241 6890915 4731 4510 4111 609 6886184 27129 2274 1816 24855 9930 14925 458 1942 6859055 1375580 556116 819464 114148 807226 79907 441968 202903 29957 5483475 98425
is_linear=0
shrinkage=0.15


Tree=213
num_leaves=31
num_cat=0
split_feature=11 10 8 28 10 9 29 18 12 12 28 29 8 33 10 33 19 28 33 8 27 33 33 19 15 8 33 29 19 29
split_gain=4.80643 19.4472 16.1658 22.6537 32.3343 20.9017 20.5965 16.8508 23.5112 22.0977 16.0083 17.2864 17.5865 15.4905 14.6799 19.2845 20.855 17.9118 13.5191 13.4444 22.8294 23.221 26.5497 29.8104 22.6486 22.4146 21.3613 20.712 17.3967 15.3006
threshold=0.16514670848846438 0.72936025261878978 0.72401306033134472 0.73214286565780651 0.49253806471824652 1.000000059604645 0.63704109191894542 0.013945612590759994 2.5000000000000004 60.500000000000007 0.58571431040763866 0.77938890457153331 0.79187726974487316 0.78817018866539013 0.85817676782608043 0.63733074069023143 593.50000000000011 0.77500000596046459 0.86996778845787059 0.97482815384864818 3.5000000000000004 0.63003221154212963 0.89528506994247448 601.50000000000011 4.5000000000000009 0.81900230050086986 0.8989795744419099 0.81566143035888683 617.50000000000011 0.88513177633285534
decision_type=10 8 10 2 10 8 2 2 8 8 2 2 10 2 8 2 2 2 2 10 2 2 2 2 10 8 2 2 2 2
left_child=-1 2 5 6 -5 -2 -4 8 -7 -9 -3 12 -12 -6 17 16 -16 -13 -11 20 21 -19 23 -23 -25 27 -27 -22 -21 -28
right_child=1 10 3 4 13 7 -8 9 -10 18 11 14 -14 -15 15 -17 -18 19 -20 28 25 22 -24 24 -26 26 29 -29 -30 -31
leaf_value=-0.00051007401260185121 -0.010363625522498919 -0.04675266834670206 0.078806383034185259 -0.031609358186500139 0.016117306610161666 -0.034809481082163182 -0.0098199591932432422 -0.030452470775185821 0.086436611650865233 0.0053207542213051622 0.012733308835790278 -0.050336770331808556 0.097816971246144496 0.081717842127023196 0.18095156648755539 0.00069462476531554187 -0.043716125479619054 -0.062274342822268097 0.14747871955691194 0.0017724822949957569 -0.13095989034343894 0.028112042202796599 -0.10014811440960882 0.31391230337614129 0.085080849004233974 -0.10916036837921926 0.096651847760344273 0.14371174794155758 0.1717806659468801 -0.048172173322471895
leaf_weight=28467.244714140576 810.8689338668064 177.6963511605004 69.097385818115413 90.437537565233924 106.4244636440294 45.227816816722395 371.76216381742563 148.59208850395129 166.58153873582273 29.938970977798363 216.80072914798211 297.99749906807494 72.262114943529923 345.66125980706101 26.199345910975808 1870.0251799477032 13.620731676169269 57.916257799166488 29.428555695236014 37.323398372853035 7.5549893007619202 112.6499200180283 23.25064881929211 15.551387929730479 26.31322251004849 109.9278652587343 22.015854884055443 22.101876555595481 20.274313202043913 56.247514468625468
leaf_count=6309485 24977 134589 5890 5597 8673 4140 25604 83262 45887 43211 10316 23529 4998 15888 1799 106745 793 3181 11910 1675 226 4967 1324 716 1180 6730 1550 2501 881 4003
internal_value=0.000268236 0.00437078 0.0151655 0.0294937 0.0499878 0.00370145 0.00421766 0.030831 0.0605049 0.000462933 -0.00313376 -0.000542343 0.0342671 0.0663446 -0.00425429 0.00292136 0.104914 -0.0211743 0.0770643 -0.00410684 -0.0128169 0.0195065 0.0463501 0.0688968 0.175425 -0.0477157 -0.066822 0.0717507 0.0635254 -0.0067271
internal_weight=33867 5399.75 2214.02 983.383 542.523 1230.64 440.86 419.769 211.809 207.96 3185.73 3008.03 289.063 452.086 2718.97 1909.85 39.8201 809.125 59.3675 511.127 453.53 235.681 177.765 154.515 41.8646 217.848 188.191 29.6569 57.5977 78.2634
internal_count=6896227 586742 275039 61652 30158 213387 31494 188410 50027 138383 311703 177114 15314 24561 161800 109337 2592 52463 55121 28934 26378 11368 8187 6863 1896 15010 12283 2727 2556 5553
is_linear=0
shrinkage=0.15


Tree=214
num_leaves=31
num_cat=0
split_feature=8 33 8 33 33 8 29 6 27 29 8 13 11 28 19 37 28 20 29 20 29 24 33 7 13 17 34 15 20 34
split_gain=5.42538 16.8154 73.1578 27.8666 21.7245 36.5932 23.3222 23.3022 21.6056 24.8991 17.8162 17.7661 17.2878 17.97 16.1687 14.6635 15.6866 27.0851 20.3792 14.6021 14.5239 21.5688 17.0195 16.0827 15.9992 18.6233 16.587 15.7234 14.3934 14.1157
threshold=0.92730411887168895 0.94665718078613292 0.98897618055343639 0.96922349929809581 0.88516482710838329 0.99999985098838817 0.82984957098960888 1.0000000180025095e-35 1.5000000000000002 0.49927322566509252 0.94993710517883312 25.500000000000004 0.20693071186542514 0.77500000596046459 527.50000000000011 1.0000000180025095e-35 0.30952382087707525 3.5000000000000004 0.23366826027631762 1.5000000000000002 0.1200711950659752 0.18333333730697635 0.61470985412597667 2.5000000000000004 29.500000000000004 73.500000000000014 1.0000000180025095e-35 42.500000000000007 45.500000000000007 0.62593284249305736
decision_type=8 2 8 2 2 8 2 2 2 2 10 8 10 2 2 2 2 2 2 2 2 2 2 2 8 2 2 8 2 2
left_child=20 4 3 -3 -2 6 -6 12 28 -10 -5 -11 13 14 -8 16 17 -4 -18 -17 21 22 -1 24 -24 26 -26 -22 -7 -27
right_child=1 2 15 10 5 8 7 -9 9 11 -12 -13 -14 -15 -16 19 18 -19 -20 -21 27 -23 23 -25 25 29 -28 -29 -30 -31
leaf_value=-0.10767139422200224 -0.0016546955142232316 -0.021019142654376103 -0.045818723706895895 -0.052002727583319926 -0.027875187748389711 0.014138141089546594 0.15794215414510451 -0.054932345805304372 -0.1570685678011508 -0.041713681674354942 -0.13630125107422131 0.022144536592533012 0.011234156478422479 0.048171517101358419 0.06586122515787389 -0.0036500035101898866 0.10173425088772504 0.018307043305818834 -0.0028156495913279653 0.075292977040838177 0.010307138241641874 0.11323638152965977 0.12219600186874241 -0.10973896485062214 0.089670574454243743 -0.099917836992316475 -0.21940946167176029 -0.0013269875073173057 -0.030633237938875308 0.14818063797705078
leaf_weight=22.771911351769347 12541.239574683486 154.56799334613561 481.49530412040929 95.778935694254187 103.40589475749971 1604.0371947876429 77.079951307491228 45.797472520048359 29.966491325481798 257.83709549588821 143.08315158901678 156.97471764029535 160.61709036943239 369.21851158229379 101.03848871609011 107.36723486020128 41.415314845176908 213.24588472321159 3817.0715097613956 102.41225859296992 3646.6318190445058 64.807477224447211 42.522125915143988 13.971351589541881 5.0039016310474862 6.5035542372390891 11.586471913114961 9220.7006204992904 178.70473748813947 16.500951143026327
leaf_count=23994 2185829 23174 98204 10835 11721 178069 5713 1105 23070 10226 22568 36650 6783 17023 6086 10575 4297 24222 873377 11439 452213 12397 1745 95 411 5145 9114 2783796 15408 29363
internal_value=0.000173449 -0.00133178 -0.00875844 -0.0708399 0.00111936 0.0123946 0.0387121 0.0478719 0.00225471 -0.027284 -0.102857 -0.0175531 0.0545904 0.0672697 0.106368 -0.00361664 -0.00540605 -0.0261378 -0.00166739 0.0350635 0.00257029 0.0443384 0.00614115 0.0339447 0.0594171 -0.00935228 -0.126388 0.0019707 0.00963553 0.0768007
internal_weight=33833.4 20782.4 5156.44 393.43 15625.9 3084.68 857.157 753.752 2227.52 444.778 238.862 414.812 707.954 547.337 178.118 4763.01 4553.23 694.741 3858.49 209.779 13051 183.668 118.86 96.0884 82.117 39.5949 16.5904 12867.3 1782.74 23.0045
internal_count=6894647 3576374 1078691 56577 2497683 311854 48431 36710 263423 69946 33403 46876 35605 28822 11799 1022114 1000100 122426 877674 22014 3318273 82264 69867 45873 45778 44033 9525 3236009 193477 34508
is_linear=0
shrinkage=0.15


Tree=215
num_leaves=31
num_cat=0
split_feature=14 14 12 34 12 15 16 16 20 29 29 9 8 16 13 16 12 28 27 25 10 29 26 16 12 23 29 17 9 31
split_gain=4.68959 6.77476 6.41197 5.4472 4.38459 4.59988 4.15612 9.02798 6.14186 7.98119 8.92544 4.24619 4.19628 3.8781 10.3388 11.4152 15.8594 9.76228 47.3513 24.4464 39.131 26.5573 25.9399 32.4288 30.8624 31.281 27.9521 23.9886 19.9522 19.6924
threshold=96.500000000000014 99.500000000000014 24.500000000000004 0.96459901332855236 11.500000000000002 21.500000000000004 0.0090912827290594595 0.0086219687946140783 90.500000000000014 0.64236706495285045 0.60037919878959667 0.71312379837036144 0.60252991318702709 0.015871291048824791 58.500000000000007 0.0056022848002612599 24.500000000000004 0.58571431040763866 2.5000000000000004 1.0000000180025095e-35 0.7340170443058015 0.60735967755317699 1.0000000180025095e-35 0.037144601345062263 9.5000000000000018 1.0000000180025095e-35 0.42840237915515905 24.500000000000004 0.7788735330104829 0.89444443583488475
decision_type=10 10 8 2 10 8 2 2 2 2 2 10 8 2 10 2 10 2 2 2 8 2 2 2 8 2 2 2 10 2
left_child=13 2 3 4 5 -2 7 8 9 10 -3 12 -8 14 -1 -16 -17 18 19 20 21 -15 23 24 -22 27 29 -26 -29 -27
right_child=1 6 -4 -5 -6 -7 11 -9 -10 -11 -12 -13 -14 17 15 16 -18 -19 -20 -21 22 -23 -24 -25 25 26 -28 28 -30 -31
leaf_value=0.0045873182417242933 0.10232788644969956 -0.079657288387467898 -0.083859177173688779 0.20150459202882856 0.087058499698893621 -0.13672487392389779 0.10744850740874481 0.45044173214909194 0.21639186534786473 -0.12618064703520687 0.42541534598372016 0.10461834706691299 -0.10173240670143475 0.018462785052317611 -0.0036677919877711306 -0.080456721955705454 0.12789787331813032 0.0015576548443565991 -0.15763411259754817 0.0074469508626121578 0.041257963414769692 -0.021433823071012249 -0.07090334861489897 -0.097955364913818468 -0.013196957103607368 0.019706832687770352 -0.057716348034548025 -0.043289976711518185 -0.12349836237848005 -0.032526792132395857
leaf_weight=8306.6357795532604 1.6069471158290296 1.0751847297860022 50.000395567388495 2.2083146325970793 4.7262894187494453 6.2280272555715879 1.8455489648931092 0.48638945728083705 2.1592467995196785 4.9716355459896704 0.55234979504700721 3.8122852486339971 9.4883585702918936 1122.4197852436366 233.79585950607674 96.011034412575611 8.0896806912387529 18872.656397638715 44.567862702180719 2459.9970977149824 198.0679365447337 562.83691341317126 249.93968342108928 110.0019254402464 200.33007642600273 596.70699348978792 193.62887580711367 150.37431075287441 132.00755800378101 222.00324695260497
leaf_count=2583931 726 7989 38596 748 2009 2776 1579 294 438 1793 519 264 2237 934149 419896 106878 173 2442517 13268 64349 53133 100291 3788 2505 12605 50115 40042 2585 1083 4813
internal_value=0.000708761 -0.0334555 -0.0585879 0.0268571 -0.0164414 -0.0816627 0.0329624 0.106859 0.0435747 -0.0340057 0.188424 -0.0159668 -0.0617206 0.000799977 0.00354009 -0.0221419 -0.0632026 -0.000143246 -0.00528461 -0.00416392 -0.0118044 0.00513343 -0.0257035 -0.0194023 -0.014244 -0.0216196 -0.00661964 -0.0529988 -0.0810892 0.00552065
internal_weight=33849.2 89.161 64.77 14.7696 12.5613 7.83497 24.391 9.24481 8.75842 6.59917 1.62753 15.1462 11.3339 33760.1 8644.53 337.897 104.101 25115.5 6242.88 6198.31 3738.32 1685.26 2053.06 1803.12 1693.12 1495.05 1012.34 482.712 282.382 818.71
internal_count=6896089 59968 44855 6259 5511 3502 15113 11033 10739 10301 8508 4080 3816 6836121 3110878 526947 107051 3725243 1282726 1269458 1205109 1034440 170669 166881 164376 111243 94970 16273 3668 54928
is_linear=0
shrinkage=0.15


Tree=216
num_leaves=31
num_cat=0
split_feature=21 23 8 16 13 13 21 9 9 30 16 9 22 26 24 9 26 34 29 9 9 32 24 13 10 29 29 27 16 29
split_gain=3.92259 12.1446 10.7392 10.1788 23.7688 21.389 12.8494 20.2575 12.7356 21.6645 12.1754 21.0846 12.445 30.5432 36.2255 57.6835 23.1941 35.8772 21.1342 20.2074 18.9387 30.8464 15.6931 13.5486 12.9939 16.9381 15.4145 20.4038 18.8456 17.2208
threshold=1.0000000180025095e-35 2.5000000000000004 0.95214784145355236 0.010204589460045101 9.5000000000000018 21.500000000000004 1.5000000000000002 0.51269313693046581 0.66693824529647838 3.5000000000000004 0.01388797350227833 0.68058478832244884 1.5000000000000002 1.0000000180025095e-35 0.36666667461395269 0.72306889295578014 1.0000000180025095e-35 0.79610732197761547 0.61777994036674511 0.81374073028564464 0.7788735330104829 0.66405341029167186 0.87500000000000011 4.5000000000000009 0.39501224458217626 0.5208868980407716 0.67681735754013073 1.5000000000000002 0.054386908188462264 0.5439659357070924
decision_type=2 2 10 2 10 8 2 10 8 2 2 10 2 2 2 10 2 2 2 8 10 2 2 8 10 2 2 2 2 2
left_child=1 -1 -3 5 8 -2 -7 -8 9 -5 11 -10 16 20 15 -15 17 19 22 -12 -14 -22 -16 -19 25 -18 27 -26 -28 -29
right_child=3 2 -4 4 -6 6 7 -9 10 -11 12 -13 13 14 18 -17 24 23 -20 -21 21 -23 -24 -25 26 -27 28 29 -30 -31
leaf_value=-0.0012556559824727482 0.065933574951905188 -0.075109608799488387 0.034344719404756745 0.0042981042123257512 -0.019775905736499153 -0.0018217856886802433 0.023816239360625564 0.22322104435274323 0.05350408581722662 0.037235551684446165 0.1740804584661034 -0.06605316304829989 -0.0031264870125215683 -0.0039133713240560352 -0.051453904082567968 -0.20268715951431496 0.0096672322821884336 -0.39533553582465847 0.027185072518665105 -0.12887785350349687 0.14160291311246415 0.019333230998043027 -0.010621198597964593 -0.098243710394080794 0.073798623527053284 0.055718280282742227 0.037039383880846877 0.0092209920540602779 -0.03816159173191077 -0.062145348367723598
leaf_weight=22997.498586601563 166.39004454043788 87.495059674292179 25.475810989803676 1759.8221394738375 1133.6471385071873 564.10754163236197 53.566701190953609 13.690644738097033 42.515845362773689 602.51706544664103 9.2623083714279328 140.67354543053079 1059.9360680673144 69.460503868904198 322.88530606069253 61.389049401594093 2525.5822191418411 8.4776694968750217 216.39285828989841 8.6087731498337252 51.460685667796497 408.14969715576262 613.88984104805422 6.7879861252476976 37.929210159287095 192.56128176870516 239.75603192194649 108.64961911690625 107.96240557575197 250.9403937523457
leaf_count=6126453 4311 165818 29890 64688 39334 51806 949 166 1302 21598 323 1237 24834 1195 4542 890 41367 105 55347 441 943 8172 12725 380 3492 43279 74936 2023 101045 11289
internal_value=-0.000395735 -0.00149777 -0.050342 0.00196742 0.000663202 0.0182609 0.00561279 0.0670819 0.0032846 0.012711 -0.00015158 -0.0381657 0.000959648 -0.00648429 -0.0235074 -0.0979996 0.00692847 -0.116117 -0.0149772 0.0290449 0.00790622 0.033301 -0.0247352 -0.277393 0.00813892 0.0129489 -0.00939868 -0.0295417 0.0136479 -0.0406163
internal_weight=33887.5 23110.5 112.971 10777 9979.26 797.755 631.365 67.2573 8845.61 2362.34 6483.27 183.189 6300.08 2803.56 1284.02 130.85 3496.52 33.1367 1153.17 17.8711 1519.55 459.61 936.775 15.2657 3463.38 2718.14 745.238 397.519 347.718 359.59
internal_count=6894880 6322161 195708 572719 515487 57232 52921 1115 476153 86286 389867 2539 387328 108648 74699 2085 278680 1249 72614 764 33949 9115 17267 485 277431 84646 192785 16804 175981 13312
is_linear=0
shrinkage=0.15


Tree=217
num_leaves=31
num_cat=0
split_feature=11 31 28 33 32 6 10 28 10 27 28 20 18 28 27 31 22 9 33 28 17 20 9 18 33 33 19 17 11 11
split_gain=6.28482 8.0537 5.60954 5.15856 11.8085 21.9807 24.2279 28.6128 29.1269 22.9115 31.4709 19.9495 17.9774 16.5255 16.0217 14.358 16.1808 18.2109 13.8624 13.5967 14.6844 20.5528 12.6913 12.6907 13.4012 12.3175 15.316 13.8166 11.4273 10.7637
threshold=0.54986977577209484 0.23611111193895343 0.61250001192092907 0.64785373210906994 0.52477234601974498 1.0000000180025095e-35 0.72422781586647045 0.73214286565780651 0.89413905143737804 1.5000000000000002 0.46428571641445165 1.5000000000000002 0.0068858668673783549 0.53571429848670971 1.5000000000000002 0.47222222387790685 1.5000000000000002 0.6172219216823579 0.59317129850387584 0.22500000149011615 29.500000000000004 28.500000000000004 0.57401090860366832 0.03313980624079705 0.50384616851806652 0.53001201152801525 605.50000000000011 21.500000000000004 0.17034944891929629 0.39638657867908483
decision_type=10 2 2 2 2 2 8 2 10 2 2 2 2 2 2 2 2 8 2 2 2 2 10 2 2 2 2 2 10 8
left_child=3 -2 -3 4 15 6 29 9 -9 10 11 -8 -10 -11 -7 23 17 -17 -12 20 25 -22 -18 24 -1 26 -13 -27 -26 -6
right_child=1 2 -4 -5 5 14 7 8 12 13 18 19 -14 -15 -16 16 22 -19 -20 -21 21 -23 -24 -25 28 27 -28 -29 -30 -31
leaf_value=-0.040382679972560426 0.13571687719472156 0.12212870480033283 0.0042070645984007863 -0.0010166445476707451 0.011934019754879312 -0.0076373676399632958 0.018440084136082561 -0.052870222095664721 0.025814598959428448 0.16516436748691063 -0.10068501415312797 -0.072017344286707793 0.32302133870419664 0.036605465475217015 0.14738960305995177 -0.093307388223390339 0.044957388489599237 0.0041581283204179011 0.011900909457552603 0.072654105194726148 0.015151556764849104 -0.033848891500049619 -0.074336389895077515 0.01145285565179619 -0.010523179250772461 0.043045814552530696 0.048678662266167523 -0.075881952872823719 0.039165574345190836 0.059186283572063778
leaf_weight=276.95516368029621 14.874374759772762 9.3629568847973115 73.779681352509215 27475.690883794447 183.86223220703869 22.70584378467538 1705.9270357937958 286.8443770336653 12.971738690437634 31.093451726832427 88.039995718841965 190.25549140109069 6.2468938774472909 78.085550622092342 42.657490154917468 129.13469096539711 73.77619443331514 64.393883570285652 33.733101359131979 46.194457593690458 634.58200913870678 275.33569360029833 26.447189105527286 1010.2642357728121 565.06202080385083 69.812424573668977 26.286639647005359 30.877794390922645 126.61706042440915 265.68137150057737
leaf_count=240252 558 293 2991 4996809 10157 620 97551 12407 414 2471 3118 6232 267 6821 2828 80559 16040 6345 891 4698 52596 26663 1419 997337 262656 2722 374 932 41745 17614
internal_value=-1.81262e-05 0.0377171 0.0187802 -0.000128735 0.00374082 0.00861461 0.00718008 0.00298302 -0.040763 0.00716517 0.00477534 0.00783987 0.133618 0.0743849 0.0942329 -0.00490422 -0.0357901 -0.0610225 -0.069654 -0.00636479 -0.00939609 0.00030343 0.0130545 -0.000303696 -0.0125647 -0.0371308 -0.0572093 0.00618771 -0.00138387 0.0399296
internal_weight=33877.6 98.017 83.1426 33779.5 6303.84 4031.19 3965.83 3516.29 306.063 3210.22 3101.04 2979.27 19.2186 109.179 65.3633 2272.65 293.752 193.529 121.773 1273.34 1227.15 909.918 100.223 1978.9 968.634 317.232 216.542 100.69 691.679 449.544
internal_count=6896380 3842 3284 6892538 1895729 249376 245928 218157 13088 205069 195777 191768 681 9292 3448 1646353 104363 86904 4009 94217 89519 79259 17459 1541990 544653 10260 6606 3654 304401 27771
is_linear=0
shrinkage=0.15


Tree=218
num_leaves=31
num_cat=0
split_feature=28 27 29 10 33 10 20 16 8 8 10 10 27 33 12 10 10 29 29 33 28 33 13 8 34 10 29 28 33 27
split_gain=4.46534 30.5158 26.3826 35.4543 17.9291 30.4188 19.0849 22.7256 18.9453 15.8714 21.9963 20.5027 15.7625 43.5143 20.3783 27.9159 18.649 14.8202 14.7306 30.8683 22.3608 14.5318 14.3356 14.3146 13.084 15.2801 30.7016 22.3354 60.6016 39.3754
threshold=0.58571431040763866 2.5000000000000004 0.58299803733825695 0.42953845858573919 0.88603895902633678 0.79593443870544445 2.5000000000000004 0.055635660886764533 0.85268977284431469 0.67043057084083568 0.52432152628898632 0.58838373422622692 1.5000000000000002 0.56562754511833202 58.500000000000007 0.33683563768863684 0.37885282933712011 0.54186168313026439 0.49307985603809362 0.9569842815399171 0.61250001192092907 0.9506097435951234 18.500000000000004 0.42085318267345434 0.95141619443893444 0.48224820196628576 0.82243230938911449 0.86607143282890331 0.86240702867507946 2.5000000000000004
decision_type=2 2 2 10 2 8 2 2 10 10 10 10 2 2 8 10 10 2 2 2 2 2 10 10 2 10 2 2 2 2
left_child=1 2 3 12 6 9 7 -4 22 10 -6 21 16 -14 15 17 -1 -15 19 20 -2 -12 -8 -5 25 26 -20 28 -28 -29
right_child=18 -3 4 23 5 -7 8 -9 -10 -11 11 -13 13 14 -16 -17 -18 -19 24 -21 -22 -23 -24 -25 -26 -27 27 29 -30 -31
leaf_value=-0.0015321942635514807 0.06432451574807764 -0.12706512567948078 -0.032633218874746225 0.078420934459780961 -0.020161964880891774 -0.11921421319762734 -0.0026665522856064148 0.093254951191681076 0.12150471226228975 -0.058456147730354138 0.31879646131832656 -0.024287719427869513 0.14097275849618079 0.066311694933112411 -0.085080336571141155 -0.079670641860778463 0.070556395405932754 -0.050504613444404732 0.015675318988209327 0.037329670246115096 -0.1570505780098625 0.052822687881287064 0.18683904498748047 0.022804372478692297 0.010900188543877434 -0.0023706578283440938 0.089121563210045704 -0.051211533891861706 -0.13799597222995799 0.033806323726152596
leaf_weight=10492.598469028688 11.964567148847776 43.246366271843726 508.78299903489335 131.09275446691072 136.11194293598976 101.43297087035899 174.75585769024485 33.488524426909862 38.611136246375736 166.336428885597 10.808699083156627 13.848858578017142 29.437454530381331 84.600483574737865 162.87198381070829 83.418409521755706 80.369281715707984 33.354972907903061 2733.7984135916613 49.701954013297154 55.457412984541293 8.3632708894695025 8.4668590086075692 499.44633962133548 2691.1914661857591 14839.791037471572 35.635443416226622 231.89862609090881 95.381439911476718 257.76912334548933
leaf_count=2709359 15317 20606 131151 113098 20119 13006 44967 2421 9089 32215 1167 2000 65121 60136 175613 156615 106248 5090 404302 14139 73049 896 197 308174 424951 1903530 4427 48800 5952 23503
internal_value=-0.000505608 -0.00270897 -0.00227886 -8.63737e-05 -0.0234323 -0.0476345 -0.00954977 -0.0247015 0.0274332 -0.0257015 0.00666581 0.114592 -0.00207638 -0.0315085 -0.0457958 -0.0137589 -0.0009776 0.033132 0.000841639 -0.0519797 -0.1174 0.211143 0.00705731 0.0344732 0.00114033 -0.00030381 0.00883763 -0.0212556 -0.0760148 -0.00647905
internal_weight=33844 12841.4 12798.2 11597.2 1201.01 436.902 764.105 542.272 221.834 335.469 169.133 33.0208 10966.7 393.683 364.246 201.374 10573 117.955 21002.6 117.124 67.422 19.172 183.223 630.539 20885.5 18194.3 3354.48 620.685 131.017 489.668
internal_count=6895258 3977288 3956682 3699454 257228 69403 187825 133572 54253 56397 24182 4063 3278182 462575 397454 221841 2815607 65226 2917970 102505 88366 2063 45164 421272 2815465 2390514 486984 82682 10379 72303
is_linear=0
shrinkage=0.15


Tree=219
num_leaves=31
num_cat=0
split_feature=23 32 0 34 34 29 30 32 8 9 29 16 9 32 16 11 19 10 19 27 32 0 24 22 18 34 22 9 32 27
split_gain=4.24448 34.5377 33.6816 112.545 44.2001 47.7975 35.303 28.2219 52.2395 36.6471 26.443 23.0959 22.4258 32.7059 21.4154 20.3744 21.0533 19.9986 18.5966 18.3168 17.6822 58.5223 41.1022 19.6584 18.4879 16.4614 15.5082 19.9068 15.0418 19.6613
threshold=1.0000000180025095e-35 0.85428637266159069 1.0000000180025095e-35 0.65133896470069896 0.65751880407333385 0.75958648324012767 2.5000000000000004 0.45186740159988409 0.82883000373840343 0.42993816733360296 0.46132382750511175 0.015385021921247246 0.30752912163734442 0.36536799371242529 0.015871291048824791 0.17034944891929629 699.50000000000011 0.49033452570438391 555.50000000000011 2.5000000000000004 0.076463382691144957 1.0000000180025095e-35 0.18333333730697635 1.5000000000000002 0.0080353566445410269 0.74322345852851879 1.5000000000000002 0.77382215857505809 0.16538709402084353 1.5000000000000002
decision_type=2 2 2 2 2 2 2 2 10 8 2 2 10 2 2 8 2 8 2 2 2 2 2 2 2 2 2 10 2 2
left_child=1 2 3 6 -4 11 15 -5 9 -9 14 12 28 -14 18 16 -1 -13 -3 26 21 -2 24 25 -23 -24 27 -19 -6 -30
right_child=20 10 4 7 5 -7 -8 8 -10 -11 -12 17 13 -15 -16 -17 -18 19 -20 -21 -22 22 23 -25 -26 -27 -28 -29 29 -31
leaf_value=-0.032543783763283082 -0.15634809800186275 0.088513598361271845 0.0034748133735307144 -0.1337879272058824 -0.00085897357460895673 0.12016844078495452 0.0875032800295589 0.079058785224202413 0.10154817507231363 -0.076630278536121699 0.12549785827760196 0.091750093809604291 -0.08450067077848121 0.057382426821579333 -0.0090871530502027609 0.0024926986414898983 0.038801809399146771 0.042578366322307104 0.002272714545018626 -0.1242753667946155 -0.00035982998454082418 0.053412865752270895 -0.12114865988923292 0.051636559847968534 -0.13469684985723784 0.0058003389900212711 -0.11127885924097231 -0.040577012766215177 0.39884072284513911 0.078880129897398246
leaf_weight=712.14283872679653 69.16907381800047 152.69780748932726 4912.320550972001 112.39123780300179 7.0326811418617607 139.63746854783767 101.1808024513939 35.912789704703755 45.23433721002948 463.11289824149935 70.114544495328573 43.73913428670221 40.550651954388741 308.81950417054759 202.66774745278235 4439.9018180485527 106.16822917546642 152.83838086741343 88.825518019417359 30.317955138311845 21084.806958964953 13.711125743565274 30.266855688565556 171.86507121082059 65.470964982650571 86.421589989706263 26.236676280804204 110.9085119989013 9.142142711623821 8.5941382806922757
leaf_count=14507 1949811 2054 124085 175273 40474 46103 8714 20103 3274 56107 13096 24694 59727 43353 2435 160532 2438 18900 1824 5671 2054722 143850 1752 8585 1896155 3443 5290 1984 7304 312
internal_value=0.000291553 0.00251167 0.000852457 -0.00700697 0.00901832 0.0400009 0.000179267 -0.06557 -0.0512633 -0.0652903 0.0405244 0.024694 0.0508135 0.0407202 0.0268598 -0.00151738 -0.0232513 -0.00221571 0.0569368 -0.0152929 -0.000979453 -0.030813 -0.0068406 0.0194966 -0.101864 -0.0278775 -0.00351083 0.00758941 0.186076 0.256288
internal_weight=33842.2 12320.5 11806.2 6016.04 5790.14 877.817 5359.39 656.651 544.26 499.026 514.306 738.18 374.139 349.37 444.191 5258.21 818.311 364.041 241.523 320.302 21521.7 436.905 367.736 288.554 79.1821 116.688 289.984 263.747 24.769 17.7363
internal_count=6896572 838254 818845 440948 377897 253812 186191 254757 79484 76210 19409 207709 151170 103080 6313 177477 16945 56539 3878 31845 6058318 4003596 2053785 13780 2040005 5195 26174 20884 48090 7616
is_linear=0
shrinkage=0.15


Tree=220
num_leaves=31
num_cat=0
split_feature=11 12 16 32 23 29 16 22 25 26 32 34 0 32 33 34 28 34 33 32 33 29 20 13 34 30 34 33 16 8
split_gain=6.47089 4.50459 4.24826 3.94417 15.8637 35.2795 28.1575 20.5529 12.4499 25.6931 29.0614 22.6021 13.7819 30.3326 14.6775 13.526 12.7602 12.6829 10.2573 10.1119 10.0648 9.11136 10.8139 8.87963 8.55062 8.21019 7.84421 9.40028 11.4042 9.20563
threshold=0.14251524955034259 7.5000000000000009 0.050202727317810066 0.86321091651916515 1.0000000180025095e-35 0.19993426650762561 0.015151950065046551 1.5000000000000002 1.0000000180025095e-35 1.0000000180025095e-35 0.91040989756584179 0.95040982961654674 1.0000000180025095e-35 0.97782999277114879 0.36882591247558599 0.93276837468147289 0.84523808956146251 0.73192510008811962 0.20722186565399173 0.90072506666183483 0.65419578552246105 0.63431376218795787 4.5000000000000009 5.5000000000000009 0.79610732197761547 4.5000000000000009 0.8760964870452882 0.80993431806564342 0.020103777758777145 0.44210954010486608
decision_type=8 10 2 2 2 2 2 2 2 2 2 2 2 2 2 2 2 2 2 2 2 2 2 8 2 2 2 2 2 10
left_child=1 2 -1 -2 5 6 7 20 9 12 11 -11 14 15 -6 17 18 -14 -10 -8 -5 -19 -23 -7 -20 -9 27 29 -29 -26
right_child=3 -3 -4 4 8 23 19 25 16 10 -12 -13 13 -15 -16 -17 -18 21 24 -21 -22 22 -24 -25 26 -27 -28 28 -30 -31
leaf_value=-0.022072991508573784 0.00069915705162307761 0.23368324717010333 0.13908478367188787 0.16369233070850997 0.063624886852923487 0.13455497545620002 0.027687144720685571 -0.14116223475483614 0.070751991067676601 -0.053251186394191782 -0.17978338923330997 0.17652002952503801 0.066058113855392314 -0.1510946827945408 -0.0065301912509120839 0.05346758113456445 0.09033250994118408 0.0054630404973996542 0.042511918088443623 -0.038160059942058629 0.057423644408399047 -0.044535445290211854 -0.150272709355422 -0.0037464546823934796 -0.07313236007228148 0.050878496465479095 0.0019380227346914487 0.047849838353330273 -0.052208235087749737 0.070006980358549228
leaf_weight=8.2678598576170561 27622.273584045353 2.948992682936022 5.3193672894594775 34.174356177508798 67.557353734591743 67.297390533521593 69.827524222026113 11.74345679353428 47.199239602166699 93.305868750059744 39.960068398431758 9.7493112743250077 26.006821864604717 43.900474354308244 3164.896145699935 47.76713098421169 36.940832831555781 66.927319842492579 102.4710193660303 203.05545937494026 50.839682982536033 167.35232051211642 24.398574333550641 12.26839184453638 99.570151406871446 7.5732947969809166 1497.0582549081548 57.428375794668682 44.662627761415933 10.447687416303777
leaf_count=1638 6638588 726 326 510 2761 10865 794 1068 1028 2707 655 136 491 4970 78578 1023 67296 1823 4328 2183 713 2683 361 1089 1199 116 59618 1860 3995 1940
internal_value=-1.60667e-05 0.0910785 0.0462294 -6.34295e-05 -0.00351368 0.0233435 0.00408801 0.0699881 -0.00568964 -0.010695 -0.0728282 -0.0300267 -0.00821317 -0.035341 -0.00504475 -0.0196484 0.00421653 -0.0320607 0.00245749 -0.021271 0.101548 -0.0421417 -0.0586994 0.113448 0.000640134 -0.0670727 -0.00189363 -0.0288195 0.00399475 -0.0590312
internal_weight=33743.2 16.5362 13.5872 33726.7 6104.38 456.78 377.214 104.331 5647.6 3751.82 143.015 103.055 3608.81 376.353 3232.45 332.452 1895.78 284.685 1858.84 272.883 85.014 258.678 191.751 79.5658 1811.64 19.3168 1709.17 212.109 102.091 110.018
internal_count=6896068 2690 1964 6893378 254790 17338 5384 2407 237452 96188 3498 2843 92690 11351 81339 6381 141264 5358 73968 2977 1223 4867 3044 11954 72940 1184 68612 8994 5855 3139
is_linear=0
shrinkage=0.15


Tree=221
num_leaves=31
num_cat=0
split_feature=32 31 32 23 10 30 23 13 22 29 27 32 29 17 19 9 24 24 34 18 8 34 18 10 0 10 32 23 24 16
split_gain=6.28733 24.1303 23.9731 30.2773 21.1433 20.8467 19.9305 30.6218 34.7899 31.3092 20.8038 19.4659 19.444 24.5735 23.896 18.8266 18.5932 17.7405 17.661 17.427 33.3021 15.5117 15.2499 19.1451 14.7156 14.5971 16.6383 17.3393 16.0227 22.6787
threshold=0.24030497670173648 0.47222222387790685 0.47145241498947149 1.0000000180025095e-35 0.941653072834015 1.5000000000000002 1.0000000180025095e-35 21.500000000000004 1.5000000000000002 0.31952969729900366 2.5000000000000004 0.12846045196056369 0.62037134170532238 5.5000000000000009 585.50000000000011 0.56290671229362499 0.29166667163372045 0.22500000149011615 0.82097071409225475 0.041944457218050964 0.96115431189537059 0.57019704580307018 0.0039395946078002462 0.99999991059303295 1.0000000180025095e-35 0.67900738120079052 0.44054669141769415 1.0000000180025095e-35 0.22500000149011615 0.015151950065046551
decision_type=2 2 2 2 10 2 2 10 2 2 2 2 2 2 2 10 2 2 2 2 8 2 2 8 2 8 2 2 2 2
left_child=6 4 3 24 19 17 11 8 15 -9 -10 -1 -13 14 -14 22 -11 -4 -19 -2 21 -21 23 -8 -3 -22 28 -28 -27 -30
right_child=1 2 5 -5 -6 -7 7 9 10 16 -12 12 13 -15 -16 -17 -18 18 -20 20 25 -23 -24 -25 -26 26 27 -29 29 -31
leaf_value=-0.0021884122566480295 -0.00096191740999384558 -0.15222489807164347 -0.14667896063228206 -0.0160424325370194 0.064151207918084971 0.00054794725261896569 0.14580363727148923 -0.014224002642645795 -0.031840939965244834 0.41891344524233542 0.043038749969578773 -0.044336360731044543 -0.031370941841725994 0.29739702366612986 0.29764435319693006 0.13830951506267203 0.11573566407777944 -0.065574534667867668 0.033326782065180291 0.34280959507219333 0.12061421946558173 0.087018891575470977 -0.08711636741856614 -0.079608834465100406 -0.024393209719589238 -0.03554708599771475 0.14159359014376974 0.028921982529753205 0.025701221093665183 -0.073230018224011012
leaf_weight=10140.724585000038 1338.6592990361676 59.995134782829155 32.991919823158241 522.24477094612939 177.53773653977078 19298.856127395877 14.204267169626517 50.187237203607083 222.10514676372654 4.9173943800352644 132.40570555717792 17.436341009140961 19.447176473186122 13.76280237256651 5.6004524986783499 8.5435155947361618 26.598577190183278 104.82155037018856 65.144529370210876 4.7732255902865282 28.023998024884804 109.84576844622825 300.95455125268899 18.204573928352033 30.995776921517972 202.73462719218128 33.703994579913342 278.16493763510516 448.53113533531723 58.001871911343187
leaf_count=511075 67886 23977 13051 101713 14033 1083011 25775 91260 931544 453 214338 29950 1117 4909 153 497 834 3955 2345 302 3571 9481 3157077 55843 11213 448237 10562 54894 22823 1522
internal_value=-0.000513721 0.000906464 -0.000875171 -0.0300529 0.0142742 4.38188e-05 -0.00346323 -0.0265871 -0.0367922 0.0597913 -0.00383185 -0.00169623 0.0855272 0.143519 0.050797 -0.0708567 0.174469 -0.0476604 -0.0276945 0.0107114 0.0241282 0.100544 -0.0766148 0.0205929 -0.109418 0.0156921 0.0126974 0.0415122 -1.32082e-05 0.0142509
internal_weight=33770.1 22795 20115 613.236 2679.98 19501.8 10975.1 778.121 696.418 81.7032 354.511 10197 56.2468 38.8104 25.0476 341.907 31.516 202.958 169.966 2502.44 1163.78 114.619 333.363 32.4088 90.9909 1049.16 1021.14 311.869 709.268 506.533
internal_count=6897401 1872576 1239265 136903 633311 1102362 5024825 4477621 4385074 92547 1145882 547204 36129 6179 1270 3239192 1287 19351 6300 619278 551392 9783 3238695 81618 35190 541609 538038 65456 472582 24345
is_linear=0
shrinkage=0.15


Tree=222
num_leaves=31
num_cat=0
split_feature=25 24 29 16 26 32 31 26 32 22 23 30 31 32 34 32 34 0 23 26 24 23 33 28 31 32 17 17 29 27
split_gain=4.20145 9.88482 9.16431 22.7411 23.5595 19.4868 29.8103 25.1307 33.8644 22.7814 38.5559 28.3639 28.3005 29.7331 24.1753 35.0317 23.8889 23.6865 34.0284 21.8909 20.779 20.7166 20.2908 17.6468 16.9148 16.6704 25.061 14.8009 14.7819 17.849
threshold=1.0000000180025095e-35 0.45000000298023229 0.21938078105449679 0.015873458236455921 1.0000000180025095e-35 0.68583977222442638 0.58571431040763866 1.0000000180025095e-35 0.42891606688499456 1.5000000000000002 1.5000000000000002 3.5000000000000004 0.64583334326744091 0.76053518056869518 0.78086888790130626 0.8876924216747285 0.86512476205825817 1.0000000180025095e-35 1.5000000000000002 1.0000000180025095e-35 0.29166667163372045 1.0000000180025095e-35 0.55051019787788402 0.22500000149011615 0.43650794029235845 0.73315864801406871 96.500000000000014 88.500000000000014 0.51910662651062023 1.5000000000000002
decision_type=2 2 2 2 2 2 2 2 2 2 2 2 2 2 2 2 2 2 2 2 2 2 2 2 2 2 2 2 2 2
left_child=2 -2 3 5 -5 6 7 8 -1 10 12 -11 -7 -14 19 17 25 18 -16 27 -19 24 -9 -4 -10 26 -12 -13 29 -25
right_child=1 -3 23 4 -6 9 -8 22 21 11 16 14 13 -15 15 -17 -18 20 -20 -21 -22 -23 -24 28 -26 -27 -28 -29 -30 -31
leaf_value=-0.053770671342008601 0.044136951231434893 0.0025804927473869416 -0.15804477821877216 -0.018425591754443364 -0.088042462419189629 0.07249665870732179 -0.04876163257442908 0.099526233450686397 0.14631150680478783 -0.040660106394198078 0.7724864693168576 0.080500460017333367 -0.062440602846544152 0.015251190493387867 0.072944000969263748 -0.040210450230164264 -0.054118872153256191 -0.12048864317420062 0.26057972063254714 -0.067044436307759858 0.062588700701220246 -0.012771099639446126 0.011695049757231521 0.02740879801581619 0.026552056478661705 0.17572889530145774 0.021007691048598724 -0.03251171065958694 -0.00046552629586467506 -0.0096749706868109776
leaf_weight=324.82787844698123 130.63170284994158 5974.8232696242248 14.807841499103231 773.16086139827075 126.59433808039466 168.55170797339815 417.5865120947974 79.594320146417886 30.61735414526629 403.55135657408937 1.9077950399660069 54.182891523625585 123.35321114001999 1019.1134661198448 92.613340213214542 77.27646297607771 7.9375815833154766 19.442439827387716 27.999628248398949 118.08072102523874 42.917909037088975 430.95931203888586 224.00213720116926 924.34664035093078 169.81789082844716 24.619828158894961 1.6080904127848041 48.639404461318918 21403.311057164214 426.07433997128032
leaf_count=944959 8517 412091 73636 27270 2096 6007 170709 1494 14150 40058 148 1317 22224 42850 4139 5818 2474 4748 2427 854 1901 255420 4256 1063072 54502 2640 718 3850 2981144 738310
internal_value=-8.34016e-05 0.00347671 -0.000871682 -0.00682081 -0.0283075 -0.00186939 -0.0140808 -0.00255578 -0.0144951 0.00731085 0.0195867 -0.0113819 0.0153086 0.00681546 0.0132076 0.0441087 0.170459 0.0797449 0.118287 -0.0232323 0.00450886 0.00576373 0.034973 0.00038508 0.0454814 0.233499 0.50954 0.0272426 0.000495125 0.0157099
internal_weight=33683 6105.45 27577.5 4808.96 899.755 3909.2 1677.41 1259.82 956.222 2231.8 1347.09 884.704 1311.02 1142.47 481.153 260.25 36.0733 182.973 120.613 220.903 62.3603 631.395 303.596 22768.5 200.435 28.1357 3.51589 102.822 22753.7 1350.42
internal_count=6893799 420608 6473191 1617029 29366 1587663 1445490 1274781 1269031 142173 77061 65112 71081 65074 25054 19033 5980 13215 6566 6021 6649 324072 5750 4856162 68652 3506 866 5167 4782526 1801382
is_linear=0
shrinkage=0.15


Tree=223
num_leaves=31
num_cat=0
split_feature=13 33 28 37 29 16 13 16 13 8 10 27 8 28 10 10 27 8 10 27 28 21 10 30 16 17 10 29 8 8
split_gain=5.47483 18.1724 42.0177 36.9255 40.6081 34.0219 19.9483 15.1387 14.9535 11.8644 12.3627 11.7566 11.6533 24.314 31.4399 14.6077 11.639 10.8103 13.6478 10.3753 14.7718 14.0392 10.9828 14.8992 12.0359 11.1685 10.6168 17.2301 27.063 19.795
threshold=3.5000000000000004 0.97700846195220958 0.93750000000000011 1.0000000180025095e-35 0.80346640944480907 0.076167490333318724 4.5000000000000009 0.063500139862298979 4.5000000000000009 0.56423103809356701 0.53909412026405346 3.5000000000000004 0.95644646883010875 0.93750000000000011 0.89911949634552013 0.86251240968704235 3.5000000000000004 0.94993710517883312 0.7689022719860078 2.5000000000000004 0.58571431040763866 1.5000000000000002 0.30525399744510656 3.5000000000000004 0.034146433696150787 93.500000000000014 0.85417151451110851 0.87535676360130321 0.74858745932579052 0.70848870277404796
decision_type=10 2 2 2 2 2 10 2 10 10 10 2 10 2 10 8 2 10 10 2 2 2 10 2 2 2 10 2 10 10
left_child=-1 7 3 4 9 8 -5 12 -4 16 -11 -7 19 14 -14 -15 -3 18 -10 -2 -21 22 23 25 -24 -22 27 28 -26 -29
right_child=1 2 5 6 -6 11 -8 -9 17 10 -12 -13 13 15 -16 -17 -18 -19 -20 20 21 -23 24 -25 26 -27 -28 29 -30 -31
leaf_value=0.0006223941800862356 -0.0040861589834600741 -0.020501575788503406 -0.013456349944337797 -0.048694533510644129 -0.11121701592786044 0.031111003001871803 0.09261851123360787 -0.055141288823929976 0.10660588611453672 0.046799423920452214 -0.027693144225372134 -0.082664430503950323 0.026095717748242878 0.044029255850970034 0.16655336313711847 -0.021852569762680907 -0.23862270637038546 0.061000583718473139 0.23366609578432296 -0.17133059816643301 -0.061761053150499096 -0.090315936300340488 0.025472603600510197 -0.13090551499021874 -0.039226425528267793 0.048014351626573214 0.0066693396241944694 0.080582375061539202 0.032333523381726216 -0.064605205979530567
leaf_weight=24625.883776981791 5710.4507074894082 260.13025080487432 26.50364345718117 27.415382269995462 93.569044680392835 43.361463183304295 111.45474076506025 138.14093240901275 95.214049231057288 147.44102588495298 74.877004669629969 37.010208490693913 197.78124887086597 95.973673884649543 42.949748725859536 344.83511320770594 4.6367075246234881 76.969455923594069 24.453681507475267 13.038009084357325 54.232242133788532 55.053932547754812 187.17647368437247 39.556222374609206 267.93931472471013 32.590375487809069 337.04859760168802 22.044939748448087 212.19206247236798 274.26087281285254
leaf_count=5488547 1252720 43487 3377 1737 3731 11237 7367 2741 3931 2729 1213 7520 6594 1803 2331 5693 112 7200 661 745 1168 2263 3990 774 4753 582 8128 953 5303 11517
internal_value=-0.000536982 -0.00369206 0.0151263 -0.00463401 -0.021268 0.0618325 0.0645722 -0.00609255 0.0918651 -0.00379636 0.0216986 -0.0216533 -0.0052266 0.0135078 0.0517406 -0.00744147 -0.0252049 0.106057 0.134291 -0.00700022 -0.0181199 -0.0166575 -0.0137545 -0.0557975 -0.00962972 -0.0204774 -0.015548 -0.0251886 -0.00759933 -0.0535686
internal_weight=33674.2 9048.3 1023.04 719.524 580.654 303.513 138.87 8025.26 223.141 487.085 222.318 80.3717 7887.12 681.54 240.731 440.809 264.767 196.637 119.668 7205.58 1495.13 1482.1 1427.04 126.379 1300.66 86.8226 1113.49 776.437 480.131 296.306
internal_count=6894907 1406360 94302 60376 51272 33926 9104 1312058 15169 47541 3942 18757 1309317 16421 8925 7496 43599 11792 4592 1292896 40176 39431 37168 2524 34644 1750 30654 22526 10056 12470
is_linear=0
shrinkage=0.15


Tree=224
num_leaves=31
num_cat=0
split_feature=33 33 33 33 34 33 33 33 33 17 33 14 28 29 29 28 8 32 33 19 17 29 19 24 18 20 28 29 32 13
split_gain=6.25003 17.574 15.7872 19.6301 16.1807 10.462 17.6884 26.3077 13.4205 11.614 17.209 15.3046 14.5306 42.226 28.9309 56.3895 23.8641 17.131 16.743 15.3033 14.3187 14.2053 13.9131 13.8408 18.373 13.319 12.193 15.2151 11.6668 11.5391
threshold=0.76253134012222301 0.75255101919174205 0.77003204822540294 0.77459675073623668 0.93813776969909679 0.74443343281745922 0.73401361703872692 0.73123827576637279 0.72821971774101268 14.500000000000002 0.46385017037391668 41.500000000000007 0.41428571939468389 0.40899467468261724 0.18494269251823428 0.18333333730697635 0.68880587816238414 0.37112885713577276 0.46720430254936224 569.50000000000011 23.500000000000004 0.23366826027631762 545.50000000000011 0.36666667461395269 0.18906773626804355 30.500000000000004 0.26785714924335485 0.25520297884941107 0.30455842614173895 4.5000000000000009
decision_type=2 2 2 2 2 2 2 2 2 2 2 8 2 2 2 2 8 2 2 2 2 2 2 2 2 2 2 2 2 8
left_child=1 5 4 -4 -2 6 7 8 9 10 22 -11 14 18 15 19 -15 -16 -14 20 -13 -20 -1 24 -18 -22 -19 -28 -25 -21
right_child=2 -3 3 -5 -6 -7 -8 -9 -10 11 -12 12 13 16 17 -17 23 26 21 29 25 -23 -24 28 -26 -27 27 -29 -30 -31
leaf_value=-0.077936561734508678 0.015819695958073386 -0.036994405171480588 -0.047118317194442996 0.0017049232162663426 0.08777050795232598 0.018308359291274983 -0.033668095762711195 0.052403321872852009 -0.063988979552675532 0.025876596793154388 -0.0048633102273338289 -0.035360557689887773 -0.22944282283927392 -0.080052417907047216 -0.013151710822726195 -0.15827624515788102 -0.047596145913922229 0.15119976879424032 0.090796915321866609 0.027436328167010766 0.0057589822038989196 -0.11401407777971802 -0.018565591089704972 -0.067433103492786917 0.0076197254402124524 -0.023651503897825648 -0.098642808074852623 0.082037970390702208 0.094016784132662137 -0.0029094989364436049
leaf_weight=129.82603394798122 381.98414856413018 321.73122164152119 185.83754082383166 22377.438849895669 85.387707853362201 568.81558017531643 394.65970058220228 199.9201046106482 78.087507880458361 557.93678826637347 3121.9516167244324 282.20162351859062 23.649020945143377 91.923730209068822 47.581785943483737 48.399614462516638 177.65607196519238 47.884356502570881 8.7826739838791053 799.83859174056852 1890.5492406031804 36.145801266483062 279.42779331922378 11.531112516982828 561.70826744914734 423.14302495439324 11.534807505568095 66.69465905996185 54.77178777860172 434.85447718380101
leaf_count=34697 73257 82759 45957 3735105 16632 117965 101691 35460 26896 457796 534544 10634 7969 85264 386616 49946 23085 3055 2032 19369 418685 26359 98164 336 156471 106207 2585 3618 11481 220632
internal_value=0.000476164 -0.00252459 0.00186661 0.00130073 0.0291243 -0.00144957 -0.00260039 -0.00129061 -0.00246475 -0.0019303 -0.0086604 0.00233196 -0.000290087 -0.0168103 0.00365155 0.000962059 -0.00807481 0.0633641 -0.129387 0.00301482 -0.00352436 -0.0728722 -0.0375437 0.000226629 -0.00569403 0.000372308 0.0921093 0.0544881 0.0653534 0.0167549
internal_weight=33701.9 10671.2 23030.6 22563.3 467.372 10349.5 9780.66 9386 9186.08 9107.99 3531.21 5576.79 5018.85 966.168 4052.68 3878.99 897.591 173.696 68.5775 3830.59 2595.89 44.9285 409.254 805.667 739.364 2313.69 126.114 78.2295 66.3029 1234.69
internal_count=6895267 3024316 3870951 3781062 89889 2941557 2823592 2721901 2686441 2659545 667405 1992140 1534344 312997 1221347 825473 276637 395874 36360 775527 535526 28391 132861 191373 179556 524892 9258 6203 11817 240001
is_linear=0
shrinkage=0.15


Tree=225
num_leaves=31
num_cat=0
split_feature=33 33 27 8 33 33 32 34 10 29 19 14 29 6 11 10 32 28 12 8 33 11 10 28 10 10 8 14 16 8
split_gain=4.44353 22.5162 12.4173 38.0026 23.1503 20.7446 20.315 17.6614 13.8121 20.9068 24.891 23.1543 15.8208 19.0674 18.42 16.9474 25.6768 25.9096 17.4084 15.3634 15.3394 14.5323 13.2113 25.2717 14.5366 13.0373 12.8924 12.905 14.7826 12.882
threshold=0.8532998561859132 0.85239651799201976 3.5000000000000004 0.98897618055343639 0.76043477654457103 0.85053193569183361 0.30684594810009008 0.45129664242267614 0.69069051742553722 0.70153433084487926 531.50000000000011 5.5000000000000009 0.57967036962509166 1.0000000180025095e-35 0.31167076528072363 0.50671941041946422 0.46307720243930822 0.64583334326744091 6.5000000000000009 0.95214784145355236 0.75809821486473095 0.21404216438531878 0.84072697162628185 0.93750000000000011 0.88918977975845348 0.78837281465530407 0.95644646883010875 8.5000000000000018 0.032623577862977989 0.62335699796676647
decision_type=2 2 2 10 2 2 2 2 10 2 2 10 2 2 10 10 2 2 8 8 2 10 10 2 10 8 8 10 2 8
left_child=1 2 8 4 25 6 26 -5 12 10 11 21 15 14 19 -1 17 -17 -18 -14 -16 -10 -8 24 -24 -4 27 28 -6 -11
right_child=-2 -3 3 7 5 -7 22 -9 9 29 -12 -13 13 -15 20 16 18 -19 -20 -21 -22 -23 23 -25 -26 -27 -28 -29 -30 -31
leaf_value=-0.002086150105045067 0.0014178652649053248 -0.095636151878700351 -0.029870326325603963 -0.010793285868922571 0.11731932548332445 0.088821201520809676 -0.09206950232397268 0.16700938221124034 -0.049930325890966451 0.12332569981110086 0.061388604889408831 0.057959036968847522 -0.02698699523145311 0.056095141077018636 -0.007671917518593801 0.02197131354876097 0.016411903233580834 -0.12723042662267975 0.13856352541164405 -0.00059840501787399166 0.082500935162022074 0.15038973156746838 -0.015359330250037308 -0.057675756325198113 0.18908741395027659 0.028284679377822843 -0.062984248494198244 -0.068376874282007824 -0.0050317483474506177 0.0018048823190595688
leaf_weight=7089.9444773391124 16489.289695358646 56.626188724727399 139.48994522702071 19.278792022192647 41.676317167509183 25.56361420345047 198.98173497949028 34.509121087608946 142.95546886699776 18.700535864642006 305.30403150286133 86.924204008126026 1745.8693385748702 83.925258291216778 98.162266817740147 224.89016683843863 43.276947051104798 28.622850146678616 66.914698810454865 693.53550255422169 73.57753051250711 7.6791025357633762 15.4065744939835 221.12955949191746 14.615686429224295 225.76110281984688 51.356063204436623 24.050721585197834 46.185623059277304 5312.8841139271717
leaf_count=2718758 2734214 7700 24035 141 7819 2064 7701 2405 32428 1729 35181 37084 443934 14198 7246 174242 2246 46574 3381 118883 3361 397 407 5244 752 15721 7403 7988 4058 428724
internal_value=-0.000339964 -0.00203126 -0.00171537 -0.0174464 -0.0240618 -0.0412596 -0.0468165 0.104247 -0.000675626 0.00511239 0.033128 -0.00329685 -0.00402612 -0.013873 -0.0161425 -0.000464332 0.0310699 0.004692 0.0911684 -0.0194879 0.0312143 -0.0387939 -0.0632251 -0.0400979 0.087058 0.00605428 -0.00146812 0.0270691 0.0536712 0.00225416
internal_weight=33627.1 17137.8 17081.2 1058 1004.22 638.966 613.402 53.7879 16023.2 5874.45 542.863 237.559 10148.7 2695.07 2611.14 7453.65 363.705 253.513 110.192 2439.4 171.74 150.635 450.134 251.152 30.0223 365.251 163.269 111.913 87.8619 5331.58
internal_count=6896018 4161804 4154104 85738 83192 43436 41372 2546 4068366 535543 105090 69909 3532823 587622 573424 2945201 226443 220816 5627 562817 10607 32825 14104 6403 1159 39756 27268 19865 11877 430453
is_linear=0
shrinkage=0.15


Tree=226
num_leaves=31
num_cat=0
split_feature=8 14 17 32 29 30 17 9 20 9 12 32 18 29 9 12 33 11 12 9 8 8 29 18 32 34 15 17 18 14
split_gain=4.04453 11.2668 12.8963 8.68805 7.65746 7.85508 6.27399 7.75552 5.65515 5.56377 5.30805 5.30662 4.58492 4.02335 4.02323 5.58343 3.52926 3.48665 3.45428 3.45228 8.27405 8.77499 6.57688 10.4093 7.05066 7.51727 6.4239 5.51635 5.143 11.1643
threshold=0.39262303709983831 44.500000000000007 21.500000000000004 0.28802660107612615 0.48749996721744543 4.5000000000000009 75.500000000000014 0.54003718495368969 3.5000000000000004 0.69481444358825695 19.500000000000004 0.54015493392944347 0.01363249169662595 0.53560027480125438 0.25769168138504034 5.5000000000000009 0.83176100254058849 0.14676182717084887 96.500000000000014 0.99999997019767772 0.4852700680494309 0.52065590023994457 0.17313650995492938 0.02987872809171677 0.8319486975669862 0.86729559302330028 2.5000000000000004 16.500000000000004 0.005794303724542261 2.5000000000000004
decision_type=8 8 2 2 2 2 2 10 2 10 10 2 2 2 8 10 2 8 10 10 8 8 2 2 2 2 10 2 2 8
left_child=1 6 4 17 5 11 7 8 10 -6 12 -3 -1 -9 15 -2 -14 -4 -12 -16 -21 -22 -23 24 25 26 -24 28 29 -26
right_child=14 2 3 -5 9 -7 -8 13 -10 -11 18 -13 16 -15 19 -17 -18 -19 -20 20 21 22 23 -25 27 -27 -28 -29 -30 -31
leaf_value=-0.10830217584867372 -0.074750951014042458 -0.04527888087326349 0.18491806857458579 0.1197311205755255 -0.12049649420908777 0.06278129829538702 0.26685645365196714 0.0020946713356160126 0.14667142949529058 0.074948853025243442 -0.12835412647190947 -0.29704693592946507 -0.071249201514481109 0.14886513132442275 0.0010719254696957114 0.078440474617671063 0.21109067049023017 -0.069569742018469979 0.13238758245253071 0.12117489037657866 -0.15092273389027983 -0.019220203100410921 0.036772072597696846 0.083184795908528703 0.08461243332513059 -0.18292257711266277 -0.16983346429477419 -0.19025034485795686 0.045694596109106499 -0.062645574727538192
leaf_weight=1.7078080870681507 29.855771685696254 2.7374900638723743 0.34313159517444092 8.2527540196642786 8.0242242097884837 1.6438060706714157 1.3719803861939102 7.0663737758877714 2.1883713665525582 4.3084051564510437 14.405844963127915 10.427496875643554 0.81260532675290198 9.4741771243279782 32806.592130887744 5.6231715257435999 2.592037360134043 18.704137221160373 0.44249115163819475 9.6740719434856128 9.0770809629830165 463.40138317653327 13.096732530821106 37.97923175905089 15.732416566951541 8.3303116725764976 3.463723450260658 1.9825316682399705 61.251083065304556 36.798957657455503
leaf_count=2383 43359 18839 657 829 4941 60 2637 182 1184 104 31792 402 4953 273 6646475 122 2173 90004 807 499 464 4719 2124 7658 12788 1403 1105 49 6882 6622
internal_value=0.000713495 -0.0301113 -0.0739858 -0.000515895 -0.145241 -0.214928 0.0298614 0.0149455 -0.0424618 -0.0517174 -0.0692053 -0.251587 0.0549432 0.0898567 0.00080134 -0.0489864 0.142826 -0.0559898 -0.112721 0.000855582 -0.00987076 -0.0120006 -0.00980491 0.0145906 -0.00438743 -0.0751792 -0.0136513 0.0113471 0.0164866 -0.0177871
internal_weight=33597.4 94.5031 54.4414 27.3 27.1414 14.8088 40.0617 38.6897 22.1492 12.3326 19.9608 13.165 5.11245 16.5406 33502.9 35.4789 3.40464 19.0473 14.8483 33467.4 660.788 651.113 642.036 178.635 140.656 24.8908 16.5605 115.765 113.782 52.5314
internal_count=6896489 162220 115836 91490 24346 19301 46384 43747 43292 5045 42108 19241 9509 455 6734269 43481 7126 90661 32599 6690788 44313 43814 43350 38631 30973 4632 3229 26341 26292 19410
is_linear=0
shrinkage=0.15


Tree=227
num_leaves=31
num_cat=0
split_feature=13 23 29 18 18 26 29 34 34 17 32 33 20 0 9 32 25 15 12 10 10 20 17 20 12 20 17 34 32 32
split_gain=5.21983 14.8839 37.868 18.0261 14.468 9.78591 17.8597 14.7694 9.66564 11.1991 8.87243 9.4353 14.8031 9.16469 10.7603 8.3033 8.06612 7.61238 8.98856 12.5827 10.48 7.53767 7.30657 10.3472 8.1973 6.82282 9.4354 8.55155 6.54715 6.49253
threshold=1.5000000000000002 1.0000000180025095e-35 0.49307985603809362 0.047090481966733939 0.032798577100038535 1.0000000180025095e-35 0.33907794952392584 0.74813431501388561 0.78629976511001598 25.500000000000004 0.53695484995841991 0.83484846353530895 25.500000000000004 1.0000000180025095e-35 0.74057194590568554 0.71088671684265148 1.0000000180025095e-35 24.500000000000004 1.5000000000000002 0.65246045589447033 0.52201026678085338 1.5000000000000002 1.0000000180025095e-35 1.5000000000000002 24.500000000000004 1.0000000180025095e-35 44.500000000000007 0.86078810691833507 0.86648163199424755 0.44054669141769415
decision_type=8 2 2 2 2 2 2 2 2 2 2 2 2 2 10 2 2 8 8 8 10 2 2 2 8 2 2 2 2 2
left_child=1 2 3 15 17 10 7 16 9 -9 -6 12 13 14 21 -1 -7 18 19 20 -3 -12 24 -24 -19 26 -10 -28 -15 -21
right_child=-2 4 -4 -5 5 6 -8 8 25 -11 11 -13 -14 28 -16 -17 -18 22 -20 29 -22 -23 23 -25 -26 -27 27 -29 -30 -31
leaf_value=-0.087726503321809646 -0.0018280703173312088 0.0040980226795185723 0.12647334257880097 -0.078478588337728458 0.13147326028620054 -0.084871571087827488 0.072912071976857659 0.17715338309747453 0.051320524640518173 0.023261009336487729 0.087194926562543115 0.0052604008907446735 -0.0046191032883881582 0.049478482644725312 0.054923791650935555 0.019540872212973837 0.0030134461120624257 -0.021584845740477105 0.026782346435710095 -0.2022892390625726 -0.14144664423690753 0.20660886229288603 0.0059896378840805248 -0.015397922245549084 -0.16285923275957701 -0.0068558027545849833 -0.11990897148262919 0.01091034896972065 -0.044281262488776459 0.010961931405739875
leaf_weight=18.764313147330085 28585.090093962946 19.123527675827063 30.691394520159065 161.74415508128004 18.942760175516014 63.5003866837651 84.059012641782829 14.682850530749418 122.64081490577519 34.25751981841313 28.054805741063319 222.27184929080249 97.509430658130441 102.31940047864919 74.853970982760075 89.970395961616305 36.85770355353452 273.04727941848887 440.77248369007884 2.2687991094371673 25.453444654325722 23.644778828107519 1574.72725383947 750.78413285642637 8.6010944937988807 431.49735997854441 13.877768664635367 45.454866164945997 19.192004350217758 188.86907513679967
leaf_count=1098 6652926 980 7786 1258 431 496 30488 139 1768 653 358 3082 895 1014 687 1506 818 37810 25461 313 995 260 54950 38591 363 8671 264 1032 275 18968
internal_value=-0.00104473 0.00341665 -0.028858 -0.0468845 0.00548288 0.0180494 0.0077175 0.000446842 0.00859414 0.0720538 0.0329214 0.0294084 0.0448804 0.064278 0.0924431 0.000399024 -0.0528835 -7.38734e-06 0.0141589 -0.00945946 -0.080288 0.144693 -0.00368719 -0.00091892 -0.0264601 0.00342255 0.0276989 -0.0211683 0.0344291 0.00739099
internal_weight=33603.5 5018.43 301.17 270.479 4717.26 1433.62 846.828 762.769 662.411 48.9404 586.789 567.846 345.574 248.065 126.554 108.735 100.358 3283.65 676.487 235.715 44.577 51.6996 2607.16 2325.51 281.648 613.471 181.973 59.3326 121.511 191.138
internal_count=6894336 241410 11648 3862 229762 51331 44329 13841 12527 792 7002 6571 3489 2594 1305 2604 1314 178431 46717 21256 1975 618 131714 93541 38173 11735 3064 1296 1289 19281
is_linear=0
shrinkage=0.15


Tree=228
num_leaves=31
num_cat=0
split_feature=8 14 19 14 11 11 17 29 27 11 16 19 34 19 19 11 27 33 20 16 27 16 19 12 20 17 20 20 19 12
split_gain=4.30578 7.53267 5.19504 4.49714 4.40968 4.80924 4.33069 5.37063 4.67188 4.43112 5.42768 4.92255 10.1099 6.46228 6.2105 4.61016 4.52005 4.23345 4.06902 3.66734 3.5335 4.77711 6.59281 4.48142 11.1199 5.27305 4.21162 6.57921 4.95797 5.90383
threshold=1.000000059604645 34.500000000000007 643.50000000000011 41.500000000000007 0.36904887855052954 0.14568409323692325 56.500000000000007 0.8516846001148225 2.5000000000000004 0.16029857844114306 0.071602217853069319 433.50000000000006 0.91202268004417431 437.50000000000006 408.50000000000006 0.16130012273788455 2.5000000000000004 0.79516318440437328 6.5000000000000009 0.046946426853537566 4.5000000000000009 0.0647847354412079 611.50000000000011 11.500000000000002 59.500000000000007 13.500000000000002 7.5000000000000009 42.500000000000007 490.50000000000006 1.5000000000000002
decision_type=10 10 2 8 10 8 2 2 2 8 2 2 2 2 2 8 2 2 2 2 2 2 2 10 2 2 2 2 2 10
left_child=-1 2 6 -3 5 -4 7 17 -8 10 -9 12 14 18 -11 -15 -12 -2 -13 -7 23 -22 -23 26 -25 -26 28 -28 29 -17
right_child=1 3 4 -5 -6 19 8 9 -10 11 16 13 -14 15 -16 20 -18 -19 -20 -21 21 22 -24 24 25 -27 27 -29 -30 -31
leaf_value=-0.00050277428153038244 0.033002420519085252 -0.21184793197462209 -0.079257658506646192 -0.034459478734549499 -0.08051367783486825 -0.07055666632426863 0.28677283797265307 -0.14023661408535157 0.0018344702307867993 0.061375004587719453 0.11047159301849198 -0.016893497242252843 0.14868798867430455 0.20497425766919078 -0.081399606404189084 0.017353450182226015 -0.066183665321683904 -0.15649702495471027 0.23681992052038506 0.10311182145725621 -0.011676686374447338 0.13095862489710772 -0.075423441875864389 0.17243593867885129 0.13486070724291416 -0.13507316369330563 -0.056748687417578589 0.075933300015855271 0.025903108053156067 -0.080070765781189712
leaf_weight=33034.56587822867 3.6102599359301148 3.6655522408573207 3.3120734796411853 12.058879456990326 3.5860389769350141 2.2632034821781408 1.6572041098129364 8.3363411050277154 2.5503044796678296 7.7050834004253366 4.8849664362805907 1.8148274399113677 5.3283368284660346 1.9731223819662771 34.688676405765364 32.460807436791129 6.330381625029986 6.6162859871277533 3.9755781155886325 37.494175765518321 13.191748806941858 20.449179691281646 3.4778627964151374 10.704900261283912 1.3456428916455241 4.9459621084137098 41.571513518754955 9.5615555042302258 215.30352481615841 23.234166769010585
leaf_count=6783800 548 971 288 3458 454 178 380 823 427 5889 490 211 8025 194 18305 2647 663 1167 2141 3456 1576 1984 248 3722 1594 3395 12622 16490 16944 1721
internal_value=-0.000287775 0.0131368 0.016341 -0.0860053 0.0635385 0.0770874 0.0114867 0.00992959 0.147581 0.0124531 -0.0556804 0.0156601 -0.0293465 0.0213149 -0.0546339 0.0186586 0.0135051 -0.0926177 0.166524 0.0917371 0.0171407 0.0604822 0.0991381 0.012233 0.0851021 -0.0667624 0.00813675 -0.0309574 0.0155999 -0.0239843
internal_weight=33562.7 528.098 512.374 15.7244 46.6555 43.0695 465.718 461.511 4.20751 451.284 19.5517 431.732 47.7221 384.01 42.3938 378.22 11.2153 10.2265 5.79041 39.7574 376.247 37.1188 23.927 339.128 16.9965 6.29161 322.132 51.1331 270.998 55.695
internal_count=6894811 111011 106582 4429 4376 3922 102206 101399 807 99684 1976 97708 32219 65489 24194 63137 1153 1715 2352 3634 62943 3808 2232 59135 8711 4989 50424 29112 21312 4368
is_linear=0
shrinkage=0.15


Tree=229
num_leaves=31
num_cat=0
split_feature=10 29 8 19 27 29 27 33 10 33 8 27 32 13 8 16 33 37 33 29 10 27 10 10 9 23 29 10 8 10
split_gain=3.35223 12.2024 28.1911 31.6022 23.0924 20.1688 86.4107 42.9439 38.2274 45.2258 37.2669 31.9465 30.9719 31.0683 30.3085 51.0605 29.3874 26.7395 24.9282 39.4126 41.705 53.6736 43.7016 25.8544 32.4669 46.8867 25.645 45.874 36.7679 23.9277
threshold=0.75555580854415905 0.90212523937225353 0.76167568564414989 601.50000000000011 2.5000000000000004 0.74162915349006664 2.5000000000000004 0.83899769186973583 0.65990474820137035 0.6789083480834962 0.94270601868629467 1.5000000000000002 0.20728501677513125 28.500000000000004 0.75632131099700939 0.034146433696150787 0.92403846979141246 1.0000000180025095e-35 0.65261757373809826 0.58121514320373546 0.4985117912292481 2.5000000000000004 0.6175350844860078 0.5087811052799226 0.37614965438842779 1.0000000180025095e-35 0.63957834243774425 0.58838373422622692 0.58733323216438305 0.35370135307312017
decision_type=8 2 10 2 2 2 2 2 10 2 8 2 2 8 8 2 2 2 2 2 10 2 10 10 10 2 2 10 10 10
left_child=1 5 -3 -4 -5 11 8 -8 10 -10 -7 12 -1 -14 15 -9 -12 -16 23 -20 -21 22 -22 -13 -25 -26 -23 28 -28 -15
right_child=-2 2 3 4 -6 6 7 14 9 -11 16 18 13 29 17 -17 -18 -19 19 20 21 26 -24 24 25 -27 27 -29 -30 -31
leaf_value=-0.0086795219399283773 0.0012878534874658119 0.0093160338062623568 -0.045230751092485415 0.11074937058023182 -0.0099830547311753354 -0.013451461480298526 -0.016859103542688925 0.094000913811577588 0.068427665769072776 -0.064953548156496788 0.10221537924139547 -0.055564862317281624 0.027251740712559435 0.030395716906406023 0.07935796203839264 -0.0082761398505487895 -0.057231468874979402 -0.018851607487486981 -0.043958488939010019 0.011252486122051182 -0.019172711230445737 -0.10752712976198119 0.05447882307044305 0.01154457336459775 -0.199319387759397 0.13638310420096902 -0.083795473500965945 -0.075091407079411046 0.034803671603392351 0.19173097791477198
leaf_weight=520.24686010656342 23477.049667910269 656.06353452348594 721.45559294692725 50.526913781640815 115.18634240311553 574.38515876127144 286.12012953001545 153.09671115392155 64.353955059336158 465.991411043006 123.41581039585094 97.614266779750551 508.85044410110277 35.927059434449347 595.85310893401504 381.81575832562339 32.180783047152431 69.274900615798742 826.47759773998223 1472.1618408591503 615.28969295638399 147.68505710512773 255.79840164144775 506.2902561917092 9.5101329698536556 93.230398197007162 78.273378352064128 353.80818188120315 226.91879468457705 49.191944163401786
leaf_count=903343 3824695 102522 78325 2477 8691 81879 36775 9892 6791 45897 10655 199904 14939 8302 49040 12484 3383 4748 697502 228349 182444 32058 52276 186199 844 9440 7925 70646 19771 4854
internal_value=0.000305256 -0.0019816 -0.0142526 -0.0316725 0.0272724 0.00023628 0.0108224 0.0353134 -0.0180621 -0.0486703 0.0042114 -0.00477994 0.0180377 0.041414 0.0477563 0.0211172 0.0690834 0.0691162 -0.0102115 -0.0148249 -0.00716936 -0.0233307 0.00249302 0.0157332 0.0272331 0.103687 -0.0511846 -0.0384142 0.00421193 0.124778
internal_weight=33564 10087 1543.23 887.169 165.713 8543.76 2746.49 1486.16 1260.33 530.345 729.982 5797.27 1114.22 593.969 1200.04 534.912 155.597 665.128 4683.06 3976.41 3149.94 1677.77 871.088 706.645 609.031 102.741 806.685 659 305.192 85.119
internal_count=6897050 3072355 192015 89493 11168 2880340 261544 112939 148605 52688 95917 2618796 931438 28095 76164 22376 14038 53788 1687358 1290971 593469 365120 234720 396387 196483 10284 130400 98342 27696 13156
is_linear=0
shrinkage=0.15


Tree=230
num_leaves=31
num_cat=0
split_feature=20 10 28 21 28 10 32 8 10 19 10 8 19 33 28 10 8 30 9 14 12 10 15 10 28 33 9 15 12 18
split_gain=4.10698 12.2266 14.2161 11.9241 12.9079 21.3769 19.4313 14.0031 14.0793 27.301 11.3551 11.1975 11.0011 12.3024 19.342 19.3984 18.7708 13.1923 11.7554 10.2325 9.90126 9.83039 10.3618 10.1313 10.4663 9.63197 14.8356 9.5487 12.0144 9.4448
threshold=1.0000000180025095e-35 0.60682767629623424 0.73214286565780651 1.0000000180025095e-35 0.84523808956146251 0.90448144078254711 0.57284536957740795 0.75360688567161571 0.76007574796676647 578.50000000000011 0.35164035856723791 0.96780294179916393 555.50000000000011 0.86996778845787059 0.61250001192092907 0.40029583871364599 0.69957956671714794 3.5000000000000004 0.80871555209159862 4.5000000000000009 2.5000000000000004 0.48019969463348394 20.500000000000004 0.56566765904426586 0.81666666269302379 0.83176100254058849 0.67583513259887706 20.500000000000004 3.5000000000000004 0.03526709787547589
decision_type=2 8 2 2 2 10 2 10 8 2 10 10 2 2 2 10 10 2 8 10 10 10 8 10 2 2 8 10 8 2
left_child=1 2 11 4 -3 7 -7 -6 9 -9 -4 12 -1 14 17 -16 18 27 -15 25 -5 29 23 24 -23 26 -10 28 -14 -12
right_child=-2 3 10 20 5 6 -8 8 19 -11 21 -13 13 16 15 -17 -18 -19 -20 -21 -22 22 -24 -25 -26 -27 -28 -29 -30 -31
leaf_value=-0.019953845516020134 0.0011206813932541891 -0.015811380641137459 -0.041256896537741519 -0.0013120493339276178 0.075696553130394764 0.027191444270056157 -0.047592971123502498 -0.075802779586293126 -0.036020913125908591 0.054669400629596569 0.034854123445498771 0.19594131669662249 0.10744628476412099 0.0099312933420699114 0.020606584421422769 -0.09341918245952105 -0.031142587978165361 0.087520020381314068 0.064138873140916319 -0.10397989129715569 0.026070170708730665 -0.011648587419142816 -0.0011678247399217107 0.10877926376943485 0.13208235451397074 0.045649844843847064 0.029565063317654305 -0.065709525700222787 -0.013000530782066266 0.10106212754565251
leaf_weight=534.86973814994644 24506.737274019695 3049.0136385077976 57.464840584465264 2246.8426754615575 78.797973550636243 107.78554888320014 278.42504274651583 102.15887822214927 118.1689867029927 54.62478352112953 277.93472060339195 5.3745103543660653 25.132389201075952 164.96106951999536 50.55866009431719 97.099067614610931 108.96943112507773 45.5247254644637 198.25269302549276 13.630873602619429 341.3881102918358 58.05478683288311 324.59324863179233 42.098781109368247 13.145489147119859 246.31026966674699 221.55238148052103 39.877516172492506 64.324049092756198 58.402892337799017
leaf_count=363991 4996120 861436 4991 81587 6178 2499 3212 9247 2987 2119 19172 363 12246 3160 14841 39932 14377 1261 105284 1716 25190 1837 34372 1591 881 5357 7403 37055 226082 7463
internal_value=0.000113258 -0.00262205 0.00719861 -0.00572496 -0.0105932 0.00243494 -0.0267054 0.0159251 0.00960702 -0.0302868 0.0225795 -0.00239368 -0.00334206 0.00784946 -0.0147056 -0.0545003 0.0232538 0.0190174 0.0396142 0.0200704 0.00230834 0.0273646 0.0125053 0.0513453 0.0163499 0.023128 0.00671282 -0.00558152 0.0216522 0.0466162
internal_weight=33532.1 9025.34 2166.64 6858.7 4270.47 1221.45 386.211 835.244 756.446 156.784 831.695 1334.94 1329.57 794.7 322.516 147.658 472.183 174.859 363.214 599.663 2588.23 774.23 437.892 113.299 71.2003 586.032 339.721 129.334 89.4564 336.338
internal_count=6893950 1897830 888899 1008931 902154 40718 5711 35007 28829 11366 70307 818592 818229 454238 331417 54773 122821 276644 108444 17463 106777 65316 38681 4309 2718 15747 10390 275383 238328 26635
is_linear=0
shrinkage=0.15


Tree=231
num_leaves=31
num_cat=0
split_feature=9 18 18 32 18 18 19 34 13 33 33 13 19 34 18 33 0 29 10 29 0 34 34 33 30 33 19 18 18 18
split_gain=3.85834 5.78895 7.3158 5.92979 6.72507 6.51336 7.5193 6.4879 6.32443 5.97196 8.12393 5.15322 4.55878 5.68843 5.02825 4.79465 6.78318 6.50231 6.91067 9.82017 6.70588 6.35256 5.3414 4.35749 4.21503 3.86935 4.31846 4.53285 3.86566 3.79865
threshold=0.99999997019767772 0.17443039268255237 0.34109993278980261 0.78487527370452892 0.064308453351259245 0.12638992816209796 511.50000000000006 0.80521681904792797 2.5000000000000004 0.62115561962127697 0.84409722685813915 1.5000000000000002 557.50000000000011 0.80866709351539623 0.027353025041520599 0.64785373210906994 1.0000000180025095e-35 0.37448096275329595 0.39850039780139929 0.5439659357070924 1.0000000180025095e-35 0.92131063342094432 0.90098038315773021 0.2674796879291535 6.5000000000000009 0.91010102629661571 537.50000000000011 0.007157769752666355 0.026417586952447895 0.030521950684487823
decision_type=10 2 2 2 2 2 2 2 10 2 2 10 2 2 2 2 2 2 10 2 2 2 2 2 2 2 2 2 2 2
left_child=-1 3 -3 4 8 6 7 -5 -2 11 -11 -7 15 -14 24 16 -8 20 -19 -20 -17 -18 -21 -23 28 26 -24 -28 -15 -16
right_child=1 2 -4 5 -6 9 12 -9 -10 10 -12 -13 13 14 29 17 21 18 19 22 -22 23 25 -25 -26 -27 27 -29 -30 -31
leaf_value=0.00036555096610700784 -0.06636622437611997 0.069158687046577336 -0.13163830597177203 -0.13766681565916217 0.058342048577600669 0.06426496116689423 -0.05585485779993158 0.056241826231984017 -0.24638689216684301 -0.18516503694843731 -0.014040616024575552 -0.085822766818424046 0.081111040680858559 -0.022950363901640465 0.06213933980655955 -0.050946843459715209 -0.073593846573848279 0.070427831090091458 -0.27768052060202103 -0.156076238541246 -0.16315304876042938 -0.017245171052803685 0.07134899658302174 0.12804091419883593 0.12332501306871038 0.096815735344328344 -0.25765563159145849 0.073274236930311903 -0.15972752738936535 0.0012934259879967625
leaf_weight=32893.472078621242 21.790178746885434 33.003786862900597 3.7055256245366754 3.2242666713027566 6.1771247387532631 10.704196690177925 23.958639096651495 55.812181951793718 4.977074863134475 13.888217056570285 11.051891507271646 8.188158234843284 16.090702917581439 184.23781391436387 28.316385905665811 42.228503443213413 6.3276289073237448 15.110987782994924 2.8265642132610109 3.2959625626026545 16.678608454516507 6.13114359770407 2.4950992424292053 15.716491739649426 3.3436415941614532 7.8664360028105875 1.903775805150872 0.83688597846230539 3.8083451834390862 108.8394024640329
leaf_count=6851826 1599 2203 464 482 227 500 595 9835 240 420 781 78 742 14035 265 549 142 1596 36 1040 194 210 1045 1706 315 2590 822 156 52 1354
internal_value=0.000137119 -0.0111875 0.0459364 -0.0146062 -0.0756073 -0.0110949 -0.00659342 0.0435349 -0.107507 -0.0660766 -0.112798 -0.00182902 -0.0127092 -0.00327977 -0.00764644 -0.0348879 0.00158256 -0.0550797 -0.00294867 -0.0612545 -0.0849094 0.0506644 -0.0101329 0.0882987 -0.0233049 0.0350445 -0.058406 -0.164029 -0.0265507 0.0142142
internal_weight=33556 662.536 36.7093 625.826 32.9444 592.882 549.049 59.0364 26.7673 43.8325 24.9401 18.8924 490.013 344.636 328.546 145.377 52.1339 93.2428 34.3357 19.2247 58.9071 28.1753 16.3982 21.8476 191.39 13.1022 5.23576 2.74066 188.046 137.156
internal_count=6896099 44273 2667 41606 2066 39540 37761 10317 1839 1779 1201 578 27444 16763 16021 10681 2653 8028 7285 5689 743 2058 5653 1916 14402 4613 2023 978 14087 1619
is_linear=0
shrinkage=0.15


Tree=232
num_leaves=31
num_cat=0
split_feature=16 34 19 11 10 24 32 9 34 27 33 27 19 11 11 27 19 13 11 9 23 34 30 32 10 13 32 24 9 30
split_gain=4.8238 13.8454 8.80604 5.3212 6.63738 5.45823 6.14118 6.6679 5.41005 4.65961 5.02918 5.10314 5.08209 5.51794 4.48294 4.46245 4.09081 4.23788 4.06576 3.71042 3.62751 4.55416 3.57921 4.75429 5.57118 5.10315 3.47558 3.95577 3.29647 3.27606
threshold=0.079163808375597014 0.88516482710838329 468.50000000000006 0.33666765689849859 0.90448144078254711 0.36666667461395269 0.42635740339756018 0.55748307704925548 0.92637759447097789 5.5000000000000009 0.83899769186973583 2.5000000000000004 571.50000000000011 0.38582456111907965 0.16029857844114306 4.5000000000000009 693.50000000000011 7.5000000000000009 0.3562189787626267 0.50698882341384899 2.5000000000000004 0.81106579303741466 3.5000000000000004 0.88281378149986278 0.99999997019767772 2.5000000000000004 0.48836216330528265 0.29166667163372045 0.7691917121410371 3.5000000000000004
decision_type=2 2 2 10 10 2 2 10 2 2 2 2 2 8 10 2 2 8 8 8 2 2 2 2 10 10 2 2 10 2
left_child=-1 2 -2 4 -3 6 8 19 -6 10 -4 -12 20 14 -14 18 17 22 -16 -8 -13 -22 -9 24 -24 -25 -5 28 -28 -29
right_child=1 3 9 26 5 -7 7 16 -10 -11 11 12 13 -15 15 -17 -18 -19 -20 -21 21 -23 23 25 -26 -27 27 29 -30 -31
leaf_value=-0.00031734311294029545 0.144714952560036 0.15211949188279375 -0.058641476108802479 0.072019211934044286 -0.36630456260680194 0.10306163923511748 -0.02102039756322575 0.02689421039000757 -0.01755719224175269 -0.084288767807432788 0.084187507011172877 0.0054875890499576892 0.10788143128687676 0.11389536014314361 0.0094423593207007411 0.094345772207093684 -0.15737277281857504 -0.17092339950978427 -0.10780365126137846 0.15930397368144966 -0.26182490530020519 0.068808902713752285 -0.26044118331566152 0.046400495183043337 -0.047050968495978139 -0.081264351655276595 -0.10662380666876978 -0.29136789524997253 0.016793715109443216 -0.028358994144930559
leaf_weight=33147.336962599147 15.182013851697773 4.5736369271025969 11.688668392607722 2.2969862881764156 1.20255922320166 6.9676746649356565 3.7523077443765942 27.973667540805764 2.0299381575514417 6.8575961820233706 43.804814662915305 75.137215969561112 12.127050405726548 22.370823125817878 39.343108795432272 10.433490557070398 4.5422645375947459 3.1142340768128625 6.9797313939870937 5.9054569634899945 1.5192189544395653 0.9523262355432961 3.1252522243012182 16.551584136468595 10.140911520284135 10.772942536539629 12.508861542253731 2.8128892571426141 7.2350320629629996 1.8062218426484831
leaf_count=6795634 4324 224 429 699 412 37737 242 2844 803 802 10597 16497 4137 3456 5013 1386 285 174 461 297 495 291 195 1194 888 374 360 1908 292 2021
internal_value=-0.00012604 0.0167978 0.0374999 -0.0232484 -0.00716071 -0.0162318 -0.0265997 -0.0176904 -0.203191 0.0298671 0.0337149 0.0390417 0.0269037 0.050701 0.0288417 0.0103779 -0.032855 -0.0229076 -0.0101285 0.0938444 -0.00136686 -0.151303 -0.0138242 -0.0418578 -0.112054 -0.00502456 -0.0815314 -0.0982772 -0.0627688 -0.211873
internal_weight=33521 373.708 246.396 127.312 100.652 96.0788 89.1111 85.8786 3.2325 231.214 224.356 212.668 168.863 91.2542 68.8834 56.7563 76.2209 71.6786 46.3228 9.65776 77.6088 2.47155 68.5644 40.5907 13.2662 27.3245 26.66 24.363 19.7439 4.61911
internal_count=6894471 98837 47888 50949 45669 45445 7708 6493 1215 43564 42762 42333 31736 14453 10997 6860 5954 5669 5474 539 17283 786 5495 2651 1083 1568 5280 4581 652 3929
is_linear=0
shrinkage=0.15


Tree=233
num_leaves=31
num_cat=0
split_feature=33 29 29 37 13 8 32 10 10 10 29 20 29 16 8 26 17 19 18 20 29 8 9 15 18 27 9 10 33 33
split_gain=4.72621 17.2072 108.548 54.7883 29.526 31.4761 19.4054 16.5305 39.8262 15.8541 18.3151 24.0301 18.2072 12.5082 12.3869 11.5076 13.5338 18.1388 13.0413 11.4262 26.8825 25.0627 19.5776 19.1028 11.9166 11.319 13.5859 14.4594 11.271 11.1615
threshold=0.9607692062854768 0.97357577085495006 0.8516846001148225 1.0000000180025095e-35 4.5000000000000009 0.93513435125350963 0.49470418691635137 0.57842931151390087 0.75555580854415905 0.69069051742553722 0.13091239333152774 150.50000000000003 0.43046858906745916 0.030303590930998329 0.94770455360412609 1.0000000180025095e-35 47.500000000000007 520.50000000000011 0.18162159621715548 1.5000000000000002 0.73047757148742687 0.8693697750568391 0.86319929361343395 2.5000000000000004 0.0061396812088787564 2.5000000000000004 0.8040723204612733 0.46450035274028784 0.96720427274703991 0.96225070953369152
decision_type=2 2 2 2 10 10 2 10 10 10 2 2 2 2 8 2 2 2 2 2 2 10 8 8 2 2 10 10 2 2
left_child=-1 2 9 7 -3 -6 -7 -4 14 10 11 15 29 -5 -9 -2 17 -17 -18 20 21 25 -23 -22 -21 -14 27 -27 -11 -12
right_child=1 4 3 13 5 6 -8 8 -10 28 12 -13 19 -15 -16 16 18 -19 -20 24 23 22 -24 -25 -26 26 -28 -29 -30 -31
leaf_value=0.0013612497671152306 -0.058770864963993127 0.00070614174923188994 -0.18405443255684692 -0.085999109192942 0.11199232174133762 0.10583347527856163 -0.025871503623148946 0.062464508642571102 -0.12765496497127898 0.025375774693444209 -0.15284643488414246 0.13394261684371678 0.0059438524343450603 0.12120995948902334 -0.11376155079452359 0.16249142852213819 -0.10038158051121654 0.00021451079521527452 -0.0022967386924600949 -0.064549711313262467 -0.050106311542709489 0.27051310170314352 0.00298816421384931 0.05245510132688342 -0.0058974266754134178 -0.0054807536789631102 0.032601042727499495 -0.067087062237371251 -0.05723488103868983 0.05533761210985276
leaf_weight=26202.619898225625 213.87261630113062 3362.5571811095951 60.614728949821654 7.5723029468535961 113.59344013395093 32.006673839656287 105.05845934297759 39.123836204134022 180.83233580874048 46.11875472168299 5.0332812883978582 19.158843566338874 709.83272624275151 29.508164970844518 10.588766638165962 17.293434384555439 53.777949739174801 101.43885443223553 68.924667376526486 85.226113188831164 44.912959247988965 12.327102143230148 11.478373042993328 384.4030284140747 814.32809663408545 163.9379813490973 74.473279523510428 179.10714644689551 180.26225130631497 191.70347733162924
leaf_count=5557606 77752 788109 2557 426 4586 5141 14581 3658 30817 6525 4423 1181 120416 2257 1810 240 517 1202 1222 3174 1619 247 2919 25315 111729 10236 4124 22772 18672 70187
internal_value=0.000419917 -0.00294983 -0.0101302 -0.0923448 0.00441536 0.0539735 0.00542729 -0.114199 -0.0951169 -0.00211548 0.000644457 -0.0264854 0.00546142 0.0777481 0.0234253 -0.0335148 -0.0109918 0.02501 -0.0457492 0.00196806 0.00964735 -0.00230768 0.14684 0.0416341 -0.0115198 -0.00558448 -0.0251514 -0.0377475 -0.0403677 0.0492654
internal_weight=33521.7 7319.07 3705.85 328.24 3613.22 250.659 137.065 291.16 230.545 3377.61 3151.23 474.466 2676.76 37.0805 49.7126 455.308 241.435 118.732 122.703 2480.03 1580.47 1151.16 23.8055 429.316 899.554 1127.35 417.518 343.045 226.381 196.737
internal_count=6896020 1338414 525997 41525 812417 24308 19722 38842 36285 484472 459275 82114 377161 2683 5468 80933 3181 1442 1739 302551 187648 160714 3166 26934 114903 157548 37132 33008 25197 74610
is_linear=0
shrinkage=0.15


Tree=234
num_leaves=31
num_cat=0
split_feature=9 19 16 31 30 34 34 20 18 19 19 33 32 30 11 32 10 8 16 33 28 33 29 33 16 11 28 18 28 7
split_gain=4.65407 5.29174 5.51266 8.91075 8.14397 7.85518 6.50963 4.57796 4.5788 4.5454 10.1552 14.8513 13.4287 15.8183 9.97745 20.5446 10.3307 18.1464 13.6711 12.5096 13.4692 32.7764 28.5371 28.8422 21.2769 15.4821 14.3862 20.7912 17.0064 13.8573
threshold=0.99999997019767772 411.50000000000006 0.016392350196838382 0.64583334326744091 2.5000000000000004 0.75204917788505565 0.87841832637786876 31.500000000000004 0.34109993278980261 584.50000000000011 561.50000000000011 0.36882591247558599 0.49470418691635137 1.5000000000000002 0.28948731720447546 0.49470418691635137 0.7689022719860078 0.92730411887168895 0.0069204980973154315 0.6900656819343568 0.84523808956146251 0.97700846195220958 0.73047757148742687 0.81909090280532848 0.029198775067925457 0.173367515206337 0.58571431040763866 0.012967132031917574 0.38750000298023229 2.5000000000000004
decision_type=10 2 2 2 2 2 2 2 2 2 2 2 2 2 10 2 8 8 2 2 2 2 2 2 2 10 2 2 2 2
left_child=9 -2 4 -4 -3 -5 -6 -7 -9 10 14 -12 -13 -14 16 -16 -1 18 -18 -20 22 25 24 -24 -21 -22 27 -26 -29 -28
right_child=1 2 3 5 6 7 -8 8 -10 -11 11 12 13 -15 15 -17 17 -19 19 20 21 -23 23 -25 26 -27 29 28 -30 -31
leaf_value=-0.0061215675293985168 0.093154277962993692 0.057835470037787558 -0.16543380473237176 -0.13920539438695859 0.015798215360802843 -0.002179271664919926 -0.058004811813718561 0.10914568623058733 -0.1052413143025672 -0.0027021169047213704 0.05225089320612665 0.016888853713782612 -0.095918452149006211 0.001110585354337686 0.054930053853271883 -0.0029897779645690131 -0.023680429985927041 -0.0011332904742466577 -0.007122126895107184 0.053506831837055562 0.033206996651251805 0.13917939131463683 0.020924811322079327 -0.043921821807882129 -0.0069005023340849084 -0.037814329012199173 -0.025770805984036742 0.012258782768329039 -0.27168813217215843 0.10920229117271078
leaf_weight=5581.200070314886 9.5243832966852988 18.439445398398675 6.6418392503110217 8.1981514220824447 32.394528016819095 414.77980886090427 147.2323869279935 13.526042512054117 1.8300167426496035 8248.6871484608273 161.59012562443513 1634.6417887564353 37.328144228406018 2764.0342130571958 222.67473600667381 358.62034849684915 213.88528726122331 11185.882861309323 440.10898600760697 388.2980636996765 744.42026594969093 61.792467688281704 304.04025915394379 311.48288956743659 46.346878817643301 75.283678618534168 38.740345761602839 6.7627731766100405 14.28076403226305 29.242907453970474
leaf_count=1832259 1131 289 677 762 460 35515 2038 3224 248 1703034 55653 644655 2920 132562 19256 16165 271244 1855212 84992 94951 48120 6954 42989 31300 2122 3342 3201 853 411 1288
internal_value=9.59366e-05 -0.012438 -0.0141442 -0.00485032 -0.0348945 -0.00204607 -0.0446811 0.000884925 0.0787244 0.000345148 0.00136615 0.0077228 0.00608937 -0.000216093 -9.37506e-05 0.0192536 -0.000673183 0.00152099 0.0126178 0.0157811 0.0207705 0.0346834 0.00998382 -0.0119086 0.0356897 0.0266461 -0.0154334 -0.0640902 -0.184019 0.0330291
internal_weight=33521.9 652.567 643.042 444.976 198.066 438.334 179.627 430.136 15.3561 32869.3 24620.7 4597.59 4436 2801.36 20023.1 581.295 19441.8 13860.6 2674.69 2460.8 2020.69 881.496 1139.19 615.523 523.672 819.704 135.374 67.3904 21.0435 67.9833
internal_count=6897827 44344 43213 40426 2787 39749 2498 38987 3472 6853483 5150449 835790 780137 135482 4314659 35421 4279238 2446979 591767 320523 235531 58416 177115 74289 102826 51462 7875 3386 1264 4489
is_linear=0
shrinkage=0.15


Tree=235
num_leaves=31
num_cat=0
split_feature=21 17 13 9 30 30 9 25 9 32 13 9 34 0 30 32 17 29 16 13 27 20 22 16 9 16 13 18 32 32
split_gain=3.5029 9.93803 22.4361 16.2049 18.1925 13.1108 14.4935 18.9803 12.6568 14.8437 12.5377 12.5134 12.2542 12.3123 11.9487 13.3638 11.7893 13.3829 15.3559 11.4383 11.3972 10.3681 10.2399 12.4023 15.8387 15.2636 13.404 11.2296 10.1708 11.6497
threshold=1.0000000180025095e-35 203.50000000000003 8.5000000000000018 0.64163377881050121 1.5000000000000002 4.5000000000000009 0.51084521412849437 1.0000000180025095e-35 0.48155790567398077 0.40155549347400671 41.500000000000007 0.72730857133865368 0.70782518386840831 1.0000000180025095e-35 2.5000000000000004 0.71088671684265148 21.500000000000004 0.33907794952392584 0.010638742242008449 4.5000000000000009 1.0000000180025095e-35 5.5000000000000009 1.5000000000000002 0.013514691963791849 0.86956918239593517 0.015385021921247246 2.5000000000000004 0.0039395946078002462 0.63293069601058971 0.89304080605506908
decision_type=2 2 10 8 2 2 10 2 10 2 8 10 2 2 2 2 2 2 2 8 2 2 2 2 10 2 10 2 2 2
left_child=-1 2 3 4 19 6 7 12 10 -10 -3 -4 -6 -14 15 16 -5 20 -19 -2 -18 -9 23 -16 27 26 -26 -25 -7 -30
right_child=1 8 11 14 5 28 -8 21 9 -11 -12 -13 13 -15 22 -17 17 18 -20 -21 -22 -23 -24 24 25 -27 -28 -29 29 -31
leaf_value=-0.0011122531744425148 -0.041571888696980086 0.043200124666725154 -0.011157354575894467 -0.0035822904279188481 0.013009347371632259 -0.065427205667091912 0.0098690235435242735 -0.032811988067375585 0.14917175899584215 0.034472769078154886 -0.013057054433576781 -0.05600668199877918 0.11572333696165019 0.041071985632818109 -0.066857356615554531 0.041785165243896076 0.017507107097646454 -0.081615581750606958 0.086674008247557513 0.02005870997328928 -0.088749356409288604 0.088018474795568832 -0.011380884882466715 -0.026537769246592239 -0.12394224959183303 -0.00043973716689168921 -0.024066750124844282 0.023060225510856684 0.1062919397642595 -0.026466410941508235
leaf_weight=22752.724246268106 178.93048208266555 135.09640478932261 1341.6037667171586 1010.5457259097027 78.021611845215375 10.498012631534946 1092.1718123937962 86.327982683655136 29.956582716098637 147.34336240465564 257.42111216447529 155.42109511374656 113.89570450356041 90.517764549847925 55.904336910680286 270.89160019520114 337.07203034273607 12.953404569201664 107.35908199022469 107.91241258965056 23.359627925661016 18.568377347288333 2024.0566373304646 113.72805052189869 38.94016327735153 1602.7908548272962 127.40598530188436 991.68768923884545 89.22098709909551 17.387529785697552
leaf_count=6322623 6158 7140 50793 61502 2299 301 42286 3417 1192 4896 33138 3675 3084 2355 534 15556 4704 554 11249 3588 722 819 77184 43110 444 134661 1538 52582 2733 728
internal_value=-6.07634e-05 0.00218196 0.0010933 0.00404375 0.0163357 0.0225833 0.0187291 0.0436223 0.0214374 0.0545802 0.00636608 -0.0158479 0.0637993 0.0830273 0.000594992 0.0111998 0.00561969 0.02493 0.0680317 -0.0183969 0.0103941 -0.0107938 -0.00317833 0.00248909 0.00386052 -0.00494077 -0.0480476 0.0179381 0.0707059 0.0845947
internal_weight=33419.7 10667 10097.2 8600.15 1883.45 1596.61 1479.5 387.331 569.817 177.3 392.518 1497.02 282.435 204.413 6716.7 1762.18 1491.29 480.744 120.312 286.843 360.432 104.896 4954.51 2930.46 2874.55 1769.14 166.346 1105.42 117.107 106.609
internal_count=6895565 572942 526576 472108 67768 58022 54260 11974 46366 6088 40278 54468 7738 5439 404340 94287 78731 17229 11803 9746 5426 4236 310053 232869 232335 136643 1982 95692 3762 3461
is_linear=0
shrinkage=0.15


Tree=236
num_leaves=31
num_cat=0
split_feature=11 11 18 32 19 10 16 11 8 16 32 10 13 19 22 10 9 8 12 16 28 17 19 18 10 9 10 11 18 10
split_gain=3.83405 10.5651 13.8448 11.2283 8.98917 7.74594 7.43162 10.7734 7.75389 8.19294 6.79356 5.77465 5.76496 7.39099 5.44109 8.26682 5.28928 5.03918 4.95922 11.0357 11.11 6.24903 15.304 7.53477 10.4673 6.30435 6.31924 6.44309 9.16562 8.33408
threshold=0.43076345324516302 0.43048389256000524 0.0084536820650100725 0.32196818292140966 461.50000000000006 0.85026848316192638 0.05325043015182019 0.49407932162284857 0.9324968457221986 0.046946426853537566 0.36536799371242529 0.72936025261878978 3.5000000000000004 603.50000000000011 1.5000000000000002 0.90448144078254711 0.89058512449264537 0.85268977284431469 1.5000000000000002 0.027007090859115127 0.58571431040763866 4.5000000000000009 601.50000000000011 0.011118838097900154 0.77313220500946056 0.55217945575714122 0.31906297802925115 0.30057175457477575 0.011433240026235582 0.88492548465728771
decision_type=10 10 2 2 2 10 2 10 8 2 2 8 10 2 2 8 10 10 8 2 2 2 2 2 8 10 10 8 2 10
left_child=1 18 3 -3 17 -5 7 8 9 -6 11 -4 13 16 -15 -16 -8 -2 19 20 -1 -21 25 24 -24 26 -23 29 -29 -28
right_child=4 2 10 5 6 -7 12 -9 -10 -11 -12 -13 -14 14 15 -17 -18 -19 -20 21 -22 22 23 -25 -26 -27 27 28 -30 -31
leaf_value=0.23964438581355185 -0.0071580513143575429 0.13209686981526558 -0.069008767860077452 0.029740909847753974 -0.049467325339258045 -0.077436981304105826 -0.031717153963786604 0.051062620181614046 -0.10833671696745628 0.10924291687739658 0.29258722085372935 0.18363666772712681 -0.067744485150721304 -0.0041268939520567524 0.17249337896384628 -0.044307591706685329 -0.15050813509813507 0.15492858795956443 -0.001323235511189952 0.0049342594346591141 0.034892426563366566 0.19109379543566979 0.064916112830807837 -0.15243470028017447 -0.086003189099044294 -0.090932160721355307 -0.093360869659957268 -0.0081804892459316041 0.075245133539691811 0.041470032251714466
leaf_weight=7.5776154258906017 7.1566059827517874 16.99335959120674 3.1821930972592991 53.49203333418518 18.864820662634205 20.026473263127627 105.36755927629747 65.081211453306878 20.835273402257712 10.595490874609821 6.0554907636542339 3.1954820193716387 80.17576631134034 45.178782874905664 9.979186950506115 5.6532821003602303 8.3036641586104434 9.5562341156501116 28613.919363338879 4035.0799273989373 21.016890833940579 3.3156445669959558 13.435788701623322 20.651118389124008 36.55069317106711 13.57586027468278 26.272073249540767 75.370284431392747 47.644219914270707 15.845932366552914
leaf_count=5228 260 824 555 1846 1630 1489 4278 2660 1256 260 260 480 2560 2438 383 349 1881 298 6575015 260173 4291 317 1132 1518 1706 500 1948 6659 12748 895
internal_value=-0.000631649 -0.00045757 0.0472891 0.0258904 -0.0154606 -0.000101773 -0.0204075 0.0111086 -0.0405785 0.00932576 0.189545 0.0653101 -0.034674 -0.0191785 0.0227866 0.09614 -0.0416317 0.0890358 -0.000608265 0.00413064 0.0954164 0.00349976 -0.0193388 -0.07807 -0.0449602 0.00375486 0.0118776 0.00715063 0.0244769 -0.0428485
internal_weight=33419.9 33033.2 102.945 90.5119 386.748 73.5185 370.035 115.377 50.2956 29.4603 12.4332 6.37768 254.658 174.482 60.8113 15.6325 113.671 16.7128 32930.3 4316.34 28.5945 4287.74 252.662 70.6376 49.9865 182.024 168.448 165.133 123.015 42.118
internal_count=6895837 6877584 5454 4159 18253 3335 17695 5806 3146 1890 1295 1035 11889 9329 3170 732 6159 558 6872130 297115 9519 287596 27423 4356 2838 23067 22567 22250 19407 2843
is_linear=0
shrinkage=0.15


Tree=237
num_leaves=31
num_cat=0
split_feature=10 27 14 11 16 16 13 27 37 14 33 9 18 19 12 29 16 9 16 10 11 33 17 12 17 20 13 16 8 19
split_gain=4.91825 11.3413 11.8191 5.89121 5.83983 5.18112 5.14777 6.99897 5.3322 6.587 4.99865 4.74011 4.53416 4.47578 4.45051 4.34292 9.04484 5.60177 4.80177 5.38278 4.0654 5.60625 4.05373 3.62426 3.60719 3.54414 5.19251 3.50949 4.63832 3.8356
threshold=0.27156773209571844 2.5000000000000004 48.500000000000007 0.17500425130128863 0.013158135116100313 0.042875306680798538 4.5000000000000009 1.5000000000000002 1.0000000180025095e-35 98.500000000000014 0.84045451879501354 0.57401090860366832 0.027353025041520599 549.50000000000011 76.500000000000014 0.52961185574531566 0.019908455200493339 0.83513408899307262 0.015871291048824791 0.24450807273387912 0.21958450973033908 0.91751700639724743 17.500000000000004 24.500000000000004 9.5000000000000018 390.00000000000006 25.500000000000004 0.019299814477562908 0.56829583644866954 669.50000000000011
decision_type=8 2 10 10 2 2 10 2 2 8 2 10 2 2 10 2 2 10 2 10 10 2 2 8 2 2 8 2 8 2
left_child=1 3 -3 6 -5 12 7 8 9 14 23 -4 -6 -11 -1 16 -9 -18 19 -17 22 -22 -14 -10 -8 -2 -27 -20 -29 -30
right_child=25 2 11 4 5 -7 24 15 10 13 -12 -13 20 -15 -16 18 17 -19 27 -21 21 -23 -24 -25 -26 26 -28 28 29 -31
leaf_value=-0.071088907425424439 0.00058947494201186217 0.044491920867105364 -0.049291819995532678 0.25194325867510808 -0.14636609977866757 0.0073667000802062326 -0.10576240724637834 -0.14695487686572317 0.25117380565286757 -0.048990891480599513 -0.079448947397604622 -0.30765363575711946 0.10743654012469851 0.36256383884547894 0.13550866133431938 -0.015030729398679422 0.29024088457474917 0.018656451728614947 -0.093505671857112602 0.18793859909179386 -0.060212227409898914 0.25832331992235852 -0.15374528651757438 0.019787742919116665 0.0077062857295113456 0.22755438587154245 -0.059562312045055021 -0.043641645815943438 0.080278526379438039 -0.073894079097735321
leaf_weight=40.056844647697048 33243.264225441875 4.3340979901923324 2.6128118939402878 0.33400451945260456 18.916066679979256 12.715811446363658 14.330537786969218 1.3029121589316455 2.592746789422562 0.65034011717955198 2.4288239985930886 6.212192798659089 1.0247333733317399 0.46611403223354841 1.5819228506182401 4.4623756641212804 4.5332766237230544 2.6825080788694322 5.6301692456055994 6.8965533181160481 1.998374095727286 1.3612733155985095 4.0203146941216801 2.967600686466767 10.488928287522866 2.6216031283402117 1.7715776109253045 14.260012704808558 24.081457424970726 3.4406703106035357
leaf_count=164765 6638996 315 584 257 28266 312 278 17121 196 1733 1792 134 1686 4534 3634 805 1721 33 1346 653 6810 1150 9908 4176 277 151 1296 1211 1463 282
internal_value=0.000469082 -0.0231388 -0.152525 -0.0130688 -0.062914 -0.0716162 0.00135688 0.0145172 -0.0272417 -0.0484081 0.0788168 -0.243963 -0.107339 0.212954 -0.060246 0.0459461 0.140383 0.203838 0.0301382 0.113437 -0.0132791 0.0985018 -0.0916981 0.149522 -0.0593683 0.000609218 0.122197 0.00825064 0.0238275 0.0590897
internal_weight=33444 196.383 13.1591 183.224 40.3706 40.0366 142.854 118.034 50.7444 42.7552 7.98917 8.825 27.3208 1.11645 41.6388 67.2899 8.5187 7.21578 58.7712 11.3589 8.4047 3.35965 5.04505 5.56035 24.8195 33247.7 4.39318 47.4123 41.7821 27.5221
internal_count=6895885 255442 1033 254409 48389 48132 206020 205465 180830 174666 6164 718 47820 6267 168399 24635 18875 1754 5760 1458 19554 7960 11594 4372 555 6640443 1447 4302 2956 1745
is_linear=0
shrinkage=0.15


Tree=238
num_leaves=31
num_cat=0
split_feature=32 31 9 34 0 22 19 23 32 34 31 32 23 24 16 33 31 32 16 32 31 34 24 9 9 32 19 8 18 11
split_gain=4.20726 32.5293 22.9234 18.3747 56.9099 31.8421 19.2699 15.8748 18.0814 15.533 14.8356 20.0243 19.5811 13.7317 25.8137 18.0485 21.4577 23.1169 15.6033 16.8482 15.0315 13.8539 12.8894 24.8482 12.1871 13.9045 12.6803 11.6068 19.5865 11.5604
threshold=0.094107899814844145 0.15476191043853763 0.58042189478874218 1.0000000180025095e-35 1.0000000180025095e-35 1.5000000000000002 412.50000000000006 1.0000000180025095e-35 0.19128373265266421 0.70291385054588329 0.47222222387790685 0.47145241498947149 1.0000000180025095e-35 0.45000000298023229 0.015151950065046551 0.93142634630203258 0.29285715520381933 0.38794195652008062 0.0647847354412079 0.40706437826156622 0.38750000298023229 0.71834936738014232 0.87500000000000011 0.38087756931781774 0.59966322779655468 0.45752754807472235 631.50000000000011 0.70164167881011974 0.0068858668673783549 0.48247593641281133
decision_type=2 2 8 2 2 2 2 2 2 2 2 2 2 2 2 2 2 2 2 2 2 2 2 10 10 2 2 10 2 8
left_child=3 2 -2 27 -5 9 -7 8 -4 -6 13 12 -12 15 -15 18 -17 -18 19 20 -3 -19 23 -11 -14 26 -26 28 -1 -29
right_child=1 10 7 4 5 6 -8 -9 -10 22 11 -13 24 14 -16 16 17 21 -20 -21 -22 -23 -24 -25 25 -27 -28 29 -30 -31
leaf_value=0.064681591378034212 0.010208819015237812 0.0052134012239935619 0.96968277103046485 -0.15395514200363747 -0.14419524361851288 0.26718707565011696 0.022750295923174933 0.19974622143596452 0.096650331647970336 -0.096738891111450689 -0.09122301760406766 0.00035699211149190841 -0.025015632088965324 0.017710031406362934 -0.027812412875083445 0.071440879782141031 -0.042552543590729484 0.1219624818783247 -0.1163749698140558 0.030049612388008542 -0.053024518944629569 0.024101448849344991 0.0091534380923199363 0.35655384531734319 0.11064079146514889 -0.073896782945298098 -0.089210611232622444 -0.012931595862128095 0.0047041651911886402 -0.00016621147693481224
leaf_weight=128.3913423358299 8.7123766605393467 609.17388419120721 0.73535731746972288 71.331409700173026 34.125374636752525 6.5525985129983431 195.8258718425422 8.2077214115130328 1.1300742385174087 66.986285019180798 90.66871831442495 19311.902882618131 445.21989139878588 636.05486723086688 499.45448816164389 269.15014339580762 107.28067426101779 39.135958660313918 21.06235362777079 573.5362689888675 118.20611848777571 176.5305722148496 77.763836155478202 1.8673207575507138 44.583709976496721 16.663607215119555 7.6934139923641842 2282.4227065984742 2308.014658768785 5303.806127990596
leaf_count=2587 10686 677561 554 2120549 368547 16135 555940 9973 21 1261944 35375 1102618 97339 13964 35298 145533 15445 4220 171 115962 67775 14191 2794 2554 2872 1337 458 16393 125427 70721
internal_value=3.67197e-05 0.00117228 0.193423 -0.00245439 -0.031921 -0.00885843 0.0319395 0.336654 0.659104 -0.0544644 0.00100661 -0.000485378 -0.027338 0.0107477 -0.0023199 0.0184971 0.0402396 0.0140955 0.00873583 0.0108493 -0.00431062 0.0423408 -0.0327441 -0.0795172 -0.0159171 0.0423586 0.080107 -0.00111524 0.00789004 -0.00400805
internal_weight=33462.2 22985.1 18.7855 10477.1 454.453 383.121 202.378 10.0732 1.86543 180.743 22966.3 19916.7 604.829 3049.59 1135.51 1914.08 592.097 322.947 1321.98 1300.92 727.38 215.667 146.617 68.8536 514.161 68.9407 52.2771 10022.6 2436.41 7586.23
internal_count=6894944 2351353 21234 4543591 4328463 2207914 572075 10548 575 1635839 2330119 1239999 137381 1090120 49262 1040858 179389 33856 861469 861298 745336 18411 1267292 1264498 102006 4667 3330 215128 128014 87114
is_linear=0
shrinkage=0.15


Tree=239
num_leaves=31
num_cat=0
split_feature=11 12 10 19 8 33 8 10 29 15 28 15 10 10 33 23 29 14 8 8 8 33 33 27 10 18 28 19 25 10
split_gain=3.38361 6.60973 7.45223 5.20324 4.52924 3.85104 3.89586 3.65126 7.50325 5.96709 4.00062 3.59733 3.59192 3.37199 3.01931 2.68096 10.8928 17.9447 10.6686 9.43758 11.4247 19.5264 10.3716 15.2504 10.1828 10.2658 9.80432 9.78576 9.2398 16.681
threshold=0.14344059675931933 11.500000000000002 0.62088489532470714 564.50000000000011 0.82883000373840343 0.6900656819343568 0.6176295578479768 0.66362708806991588 0.63957834243774425 33.500000000000007 0.93750000000000011 15.500000000000002 0.88492548465728771 0.49253806471824652 0.82426470518112194 1.5000000000000002 0.82243230938911449 99.500000000000014 0.79764699935913097 0.67425060272216808 0.89556026458740245 0.56787469983100902 0.97467949986457836 2.5000000000000004 0.61034750938415538 0.091319620609283461 0.81666666269302379 435.50000000000006 1.0000000180025095e-35 0.48827996850013738
decision_type=8 10 8 2 10 2 8 10 2 10 2 10 10 8 2 2 2 8 10 10 8 2 2 2 10 2 2 2 2 10
left_child=1 3 -3 14 -4 12 -7 8 -8 10 -9 -12 -5 -10 -1 -2 18 19 28 -18 22 -22 27 -24 -23 -26 -25 -21 -17 -30
right_child=15 2 4 5 -6 6 7 9 13 -11 11 -13 -14 -15 -16 16 17 -19 -20 20 21 24 23 26 25 -27 -28 -29 29 -31
leaf_value=0.01714586351480335 0.00029973742625970462 0.0025163408404919097 0.24418248465184544 -0.10056765465348488 -0.043962131491898329 -0.10555651333500761 -0.023109978659623727 -0.15807741268307399 0.04093047852366722 0.052883038871344892 0.11296658774730681 -0.091799445723874329 0.15079098461797644 0.20526523760654322 -0.18196895684482031 -0.0083064226162408057 0.043081254623285554 -0.091309191781319951 0.027969439341436666 0.059860296213008438 0.16536803153327645 0.11802979401886382 -0.098322867568470376 -0.038917145177854585 -0.010682457632400204 0.066883248966595157 0.096182389365917817 -0.046068757888129863 0.012356841390989014 -0.046566388496391629
leaf_weight=2.4287063791646224 27940.667653877139 7.5025132333669236 7.0808994617032113 7.7813083549539197 1.1220875433900799 3.2527758877482702 7.9547763731018248 5.1848745964639971 4.7398340753400108 26.482071023946787 2.9184561703987129 2.8198714824575291 0.59041127152977413 8.9775077146291551 3.7578474442083234 1796.7009967094214 71.37466642044842 62.259938726947212 310.51231073224517 19.814100123083733 14.063774792116872 13.595632110679615 17.744844259397837 16.379968657451627 1128.117161671456 38.754287032381399 40.658964557888794 393.34043434839356 1363.7103981558789 116.4211576113521
leaf_count=613 5474675 1905 1550 3485 116 538 3475 387 228 1777 223 266 48 428 661 918046 20390 12191 98098 5389 1766 1152 1620 1517 232004 21579 4797 43857 35253 7551
internal_value=-0.000211849 0.0282688 0.113814 0.00955812 0.204273 0.0216376 0.0346558 0.0440043 0.0915673 0.0147802 -0.0742834 0.0136521 -0.0686422 0.155121 -0.112292 -0.000291783 -0.00334996 -0.012812 0.00144245 -0.00997495 -0.01225 -0.00434038 -0.0315651 0.0196273 -0.0065005 -0.00805127 0.0573835 -0.0408563 -0.00107902 0.00769387
internal_weight=33436.7 92.5939 15.7055 76.8884 8.20299 70.7019 62.3302 59.0774 21.6721 37.4053 10.9232 5.73833 8.37172 13.7173 6.18655 33344.1 5403.45 1816.1 3587.34 1753.84 1682.47 1194.53 487.938 74.7838 1180.47 1166.87 57.0389 413.155 3276.83 1480.13
internal_count=6895585 15700 3571 12129 1666 10855 7322 6784 4131 2653 876 489 3533 656 1274 6879885 1405210 346262 1058948 334071 313681 256501 57180 7934 254735 253583 6314 49246 960850 42804
is_linear=0
shrinkage=0.15


Tree=240
num_leaves=31
num_cat=0
split_feature=33 33 33 27 29 27 8 13 15 34 8 12 14 29 13 19 33 18 12 27 16 8 33 33 33 16 12 8 27 8
split_gain=4.35835 15.7085 14.9153 9.36431 10.3789 14.6984 9.04683 9.38439 8.56244 9.67338 8.13973 10.5806 7.46496 16.8931 11.9326 7.4 7.11268 9.03181 7.21197 6.99168 7.60984 6.9843 6.91284 16.8048 16.5677 12.312 18.1405 16.619 12.6909 10.3481
threshold=0.76253134012222301 0.75255101919174205 0.76533168554306041 3.5000000000000004 0.79358932375907909 1.5000000000000002 0.63875886797904979 24.500000000000004 78.500000000000014 0.93969696760177623 0.96115431189537059 2.5000000000000004 42.500000000000007 0.33640426397323614 4.5000000000000009 539.50000000000011 0.7670542597770692 0.0049301593098789462 7.5000000000000009 2.5000000000000004 0.045194894075393684 0.71293181180953991 0.74443343281745922 0.73401361703872692 0.73123827576637279 0.06033769994974137 2.5000000000000004 0.94993710517883312 4.5000000000000009 0.91284659504890453
decision_type=2 2 2 2 2 2 8 8 8 2 8 8 8 2 10 2 2 2 10 2 2 8 2 2 2 2 8 10 2 10
left_child=1 22 8 4 5 15 7 -7 9 19 11 -11 -10 -14 -15 -3 17 -4 -19 20 -2 -6 23 24 25 26 -1 -27 -28 -24
right_child=2 3 16 -5 21 6 -8 -9 12 10 -12 -13 13 14 -16 -17 -18 18 -20 -21 -22 -23 29 -25 -26 27 28 -29 -30 -31
leaf_value=-0.022554614352950583 0.031369468828694208 -0.11237112161742527 0.069240286256679814 0.03038745208462279 0.072810563709411857 -0.13805733434944911 0.059692226204867908 0.081956802645353419 -0.0015664445513243605 0.38830273261323034 -0.036145596021452876 0.056257236289982776 -0.029012886076890183 0.077783453328869989 0.28359754231057599 -0.024147093704159184 0.0012925953146054167 -0.12295122118326843 0.038063114165335914 -0.031405802364437872 0.16438534085590212 -0.08873094452661269 0.027732536851521567 -0.032667379591954419 0.041535324015681371 0.0073613698785291977 -0.00058822940685237613 0.094314128037732745 0.13229745343693075 -0.016624196010985619
leaf_weight=920.16082426036996 23.990217214576262 36.164567890396754 9.3322361002970506 41.866910365583749 5.6526784470117937 11.358474868058691 54.316497269192425 5.9246739269789854 123.14702967529809 5.0720473784137949 2.2942000098419166 3.9575194830096061 29.537625376714942 37.464065759154352 7.0374195132753803 52.12118131261704 22545.758927779541 29.241034394545579 7.386396138870281 14.79498472605769 15.941358158296678 106.56593132112573 407.71915817110857 385.78072421164688 202.8382330101831 180.92338280566696 7924.0096041583984 67.162126624215261 15.203341977446142 165.78712311210802
leaf_count=72876 3980 12924 494 3441 822 226 19733 11367 18065 307 412 668 7772 9171 144 25354 3813539 8198 5353 912 978 8747 105876 101655 35220 9593 2599817 3581 2532 12162
internal_value=0.00042032 -0.00209609 0.00158565 -0.0350923 -0.0452417 -0.0204844 0.0297978 -0.0622789 0.0370169 0.0833762 0.20429 0.262892 0.0211458 0.0584399 0.115848 -0.0611402 0.00117119 -0.0571459 -0.090332 0.0551404 0.0871904 -0.0800225 -0.00108398 -0.00203105 -0.000758234 -0.00170464 -0.00262906 0.0311855 -0.000317128 0.0149034
internal_weight=33438.5 10583.6 22855 313.971 272.104 159.885 71.5996 17.2831 263.236 66.0503 11.3238 9.02957 197.186 74.0391 44.5015 88.2857 22591.7 45.9597 36.6274 54.7266 39.9316 112.219 10269.6 9696.08 9310.3 9107.46 8859.37 248.086 7939.21 573.506
internal_count=6895919 3025926 3869993 82614 79173 69604 31326 11593 42409 7257 1387 975 35152 17087 9315 38278 3827584 14045 13551 5870 4958 9569 2943312 2825274 2723619 2688399 2675225 13174 2602349 118038
is_linear=0
shrinkage=0.15


Tree=241
num_leaves=31
num_cat=0
split_feature=15 17 8 19 28 14 11 13 20 18 11 15 11 32 33 19 12 8 29 14 15 16 8 33 19 13 17 24 18 16
split_gain=4.86359 10.9146 14.9647 11.5237 10.0647 10.0557 9.53335 10.1212 9.29458 11.0606 10.9402 8.9583 8.29149 15.2329 14.6035 8.26879 14.862 13.6256 14.1205 11.8657 11.1999 9.21095 12.8807 13.5011 13.0939 12.5048 11.4718 11.0112 13.1914 12.6139
threshold=8.5000000000000018 25.500000000000004 0.50505176186561596 601.50000000000011 0.30952382087707525 42.500000000000007 0.28948731720447546 4.5000000000000009 3.5000000000000004 0.03526709787547589 0.19911993294954303 61.500000000000007 0.24732527136802676 0.52172306180000316 0.83899769186973583 581.50000000000011 9.5000000000000018 0.49788945913314825 0.64907261729240429 51.500000000000007 6.5000000000000009 0.046433387324213989 0.51419779658317577 0.78647416830062877 595.50000000000011 94.500000000000014 21.500000000000004 0.70833334326744091 0.007157769752666355 0.044441854581236846
decision_type=10 2 10 2 2 8 10 8 2 2 8 8 8 2 2 2 10 10 2 10 10 2 8 2 2 8 2 2 2 2
left_child=12 4 -3 5 -2 -4 8 -8 9 -6 -11 -5 13 -1 -15 -14 20 -18 19 -19 21 22 25 26 -25 -17 -24 -26 29 -29
right_child=1 2 3 11 6 -7 7 -9 -10 10 -12 -13 15 14 -16 16 17 18 -20 -21 -22 -23 23 24 27 -27 -28 28 -30 -31
leaf_value=-0.033383071692232869 -0.096290042528642594 0.0072568016825684074 0.09210068790239026 0.23659880329636976 0.0064533659466802402 -0.019141696272598437 0.041702501517512869 -0.077291201111329477 -0.013225275065126864 -0.09521818009415256 0.04983690402332646 0.049005276083711101 -7.5452677354279757e-05 -0.02785193753022417 0.025458639638159298 0.14582624521229001 0.010457669113026541 -0.076719853068398916 0.0016332277239897042 0.037528494429689432 -0.072145256134872535 0.0086488175825309554 -0.011820025620447254 -0.00097161561179947946 -0.039875246007937758 -0.062176724590968568 0.013289940273189308 -0.090687685900087495 0.0069248006246536188 0.036596655447487601
leaf_weight=507.61909415963578 22.578857224597414 201.42878572938901 44.519015341511022 14.659008926645127 4084.6244761230619 30.065034730106277 20.723461690107797 63.377426425440717 694.59288097673561 44.326439939507992 15.05794757979899 10.038004107145072 22186.928772488867 193.14698624701168 284.85613602394187 22.057378981502552 122.69580576913989 225.40757456659333 94.437853749139776 21.893727284816521 52.947328775594542 1082.9574041073356 766.61475594124465 662.58515086950706 651.52470156978211 8.4002233788273504 876.20301011794493 67.050660274013353 303.39161790342223 22.966932560651912
leaf_count=150710 64317 162150 3989 1992 382292 5878 1137 7146 81200 18344 5820 1313 4795798 8576 14340 739 194144 189954 12065 9285 5450 48949 120989 80021 198853 28427 297755 908 3940 302
internal_value=-0.00102473 0.00316814 0.0308658 0.0782153 0.00147802 0.0475986 0.00194592 -0.0478242 0.00282069 0.00551275 -0.0582207 0.165226 -0.00180609 -0.015314 0.00390423 -0.00131549 -0.00683774 -0.0323597 -0.0477183 -0.066495 -0.00420683 -0.00338499 -0.00724115 -0.00813585 -0.0174717 0.088306 0.00157241 -0.0279234 -0.00807891 -0.0581673
internal_weight=33399.7 5245.99 300.71 99.2811 4945.28 74.5841 4922.7 84.1009 4838.6 4144.01 59.3844 24.697 28153.7 985.622 478.003 27168.1 4981.13 464.435 341.739 247.301 4516.7 4463.75 3380.79 3350.34 1707.52 30.4576 1642.82 1044.93 393.409 90.0176
internal_count=6896783 735578 175322 13172 560256 9867 495939 8283 487656 406456 24164 3305 6161205 173626 22916 5987579 1191781 405448 211304 199239 786333 780883 731934 702768 284024 29166 418744 204003 5150 1210
is_linear=0
shrinkage=0.15


Tree=242
num_leaves=31
num_cat=0
split_feature=24 18 13 13 9 30 24 11 19 32 9 19 34 23 13 19 20 28 33 33 11 10 33 10 10 8 10 12 32 29
split_gain=4.11505 10.3834 11.1515 10.7549 11.4529 11.2908 14.6966 11.4885 9.51565 9.29227 8.61289 8.5769 8.44678 7.88222 13.638 9.83893 7.68815 11.4782 17.147 8.81895 13.3477 13.1832 13.1599 12.8797 14.2996 13.8671 11.8231 14.821 13.6877 17.6207
threshold=0.18333333730697635 0.58130440115928661 57.500000000000007 7.5000000000000009 0.72730857133865368 3.5000000000000004 0.22500000149011615 0.17857791483402255 439.50000000000006 0.57284536957740795 0.43705233931541448 751.50000000000011 0.74106001853942882 2.5000000000000004 2.5000000000000004 547.50000000000011 1.0000000180025095e-35 0.46428571641445165 0.63373982906341564 0.78817018866539013 0.15134768187999728 0.58838373422622692 0.77888888120651256 0.7340170443058015 0.32144038379192358 0.75360688567161571 0.45176631212234503 11.500000000000002 0.34877932071685797 0.75958648324012767
decision_type=2 2 8 10 8 2 2 10 2 2 10 2 2 2 10 2 2 2 2 2 10 10 2 8 10 8 10 10 2 2
left_child=11 3 -3 -2 5 6 -5 10 -7 -10 -8 13 -11 16 -15 -16 17 18 -1 22 21 -21 -19 24 -22 26 27 -26 29 -28
right_child=1 2 -4 4 -6 8 7 -9 9 12 -12 -13 -14 14 15 -17 -18 19 -20 20 23 -23 -24 -25 25 -27 28 -29 -30 -31
leaf_value=0.0041894491592616087 0.0039761433850705359 0.065833724273138605 0.0068252551725781008 0.17312819248836084 -0.042781936727602568 -0.068205987681302579 -0.026565071842892744 -0.054312032549129002 -0.070924425673046076 -0.025038426657696046 0.00070847026028692645 0.045154272698320133 0.052555470390099043 -0.10183308332906311 0.061550305485461157 -0.058071138319986677 0.00053361855184787537 -0.0095131829281169707 -0.036413647805859345 0.0063147487632422995 -0.043044425193966673 -0.017535340710445355 -0.076996437013289593 -0.00057326555664008894 0.021942933971705488 0.06374119105213806 -0.0024129013709928955 0.1544332135098905 -0.032735009535210441 0.17572266715050122
leaf_weight=383.32988458252487 8440.0646551096543 117.21753982760265 185.2313198697143 8.8083306323951529 195.85214082294215 22.384877659380436 360.64025038443333 125.38621959141437 17.419102234278398 37.053271112483344 931.58701516540077 88.89601572900574 193.6697558308806 46.511587170420427 32.028726977232026 28.110141069701285 16848.577485673868 1304.2569231761527 599.04574181575651 1012.7417220489349 54.040874115231759 1073.0957766543627 67.468556674406955 670.50636992053444 71.950553459552793 242.43291026983377 38.863195230094902 25.026706620395544 134.18530666163497 17.395485690735768
leaf_count=346665 468121 6937 21702 1347 5052 803 23148 4934 764 995 32318 27379 6685 177450 10117 7394 4404061 359697 499870 320419 4651 101209 13501 27154 3630 10906 3441 2341 2389 891
internal_value=5.23097e-05 0.00248764 0.0298363 0.00168432 -0.00853172 -0.00455589 -0.00988669 -0.0111451 0.023485 0.031997 -0.0069178 -0.00108681 0.0400399 -0.00127028 -0.0417628 0.0056015 -0.00107687 -0.00584129 -0.0205819 -0.00276437 0.00139487 -0.00595787 -0.012886 0.0136161 0.0298834 0.0373885 0.0150168 0.0573616 -0.00673291 0.0547745
internal_weight=33373.8 10635.3 302.449 10332.9 1892.8 1696.95 1426.42 1417.61 270.527 248.142 1292.23 22738.5 230.723 22649.6 106.65 60.1389 22542.9 5694.34 982.376 4711.96 3340.24 2085.84 1371.73 1254.4 583.895 529.854 287.421 96.9773 190.444 56.2587
internal_count=6895971 572806 28639 544167 76046 70994 61747 60400 9247 8444 55466 6323165 7680 6295786 194961 17511 6100825 1696764 846535 850229 477031 421628 373198 55403 28249 23598 12692 5971 6721 4332
is_linear=0
shrinkage=0.15


Tree=243
num_leaves=31
num_cat=0
split_feature=28 27 29 33 10 10 10 27 33 12 19 32 31 22 9 31 32 25 20 29 27 22 26 33 16 21 10 29 12 11
split_gain=3.88807 23.5278 22.3439 24.4432 20.4323 18.8021 18.7815 18.1301 49.5068 15.0774 14.4716 14.0418 33.9174 27.3719 34.7306 18.6348 23.4431 16.3646 13.4513 12.4121 12.3786 15.6082 17.859 14.1901 13.5148 20.2823 12.311 11.8589 16.634 20.466
threshold=0.58571431040763866 2.5000000000000004 0.62037134170532238 0.73401361703872692 0.76466295123100292 0.43507093191146856 0.81879165768623363 1.5000000000000002 0.53923079371452343 51.500000000000007 721.50000000000011 0.67135366797447216 0.70714285969734203 2.5000000000000004 0.6212705969810487 0.68333333730697643 0.79038697481155407 1.0000000180025095e-35 3.5000000000000004 0.3163516372442246 1.0000000180025095e-35 1.5000000000000002 1.0000000180025095e-35 0.71547618508338939 0.013158135116100313 1.0000000180025095e-35 0.3660931289196015 0.5496390461921693 9.5000000000000018 0.18486892431974414
decision_type=2 2 2 2 8 10 10 2 2 10 2 2 2 2 10 2 2 2 2 2 2 2 2 2 2 2 10 2 8 8
left_child=1 2 5 6 9 7 -4 11 -9 -5 27 12 26 14 -13 20 17 -17 -7 -15 21 24 -23 -24 25 -16 -1 28 29 -10
right_child=-2 -3 3 4 -6 18 -8 8 10 -11 -12 13 -14 19 15 16 -18 -19 -20 -21 -22 22 23 -25 -26 -27 -28 -29 -30 -31
leaf_value=-0.006278678062540905 0.0011587678737757328 -0.11830094953438461 -0.0047036163440365656 -0.038614266470408082 -0.1046018213593249 0.015351150756367345 0.13695791061370008 0.17027462818549946 0.24871211748269539 0.097162423753984956 0.095440027274216674 0.030421846693412365 -0.076307186613400468 -0.066435432964805655 0.10080733767391198 -0.070901903618060827 -0.00068975074160418067 -0.007008700256749243 0.083319101775075691 0.064892215771083381 -0.016254598968847546 0.04682030082303304 0.014251699632507449 -0.066576572090647324 0.046971811280953527 -0.0979884980079989 0.046925643938813849 -0.085753503667600456 -0.050231625504342035 0.0025318349447066
leaf_weight=3766.4762105425452 20695.273589530174 38.136254604596616 260.73949721419558 300.24352566124259 112.78647345819485 799.61565816624352 21.902593972389695 24.940330040186041 7.8374791724833131 18.655629297344149 15.426322714243268 1030.9179003223435 154.69413033422097 164.1702624071022 16.197291328600841 189.15669181542398 3926.6343616059021 172.03593340867155 70.465806882122706 17.157359412980441 193.84060751506331 107.14708638987213 90.636232604330871 104.30970861577953 530.16781646303752 34.409960880875587 99.473505383499287 131.00116320223879 223.49582952971554 54.335262797053758
leaf_count=2439939 2918966 20659 57473 41576 13182 442529 1721 51579 3222 2175 16482 104379 51950 8329 2199 8342 80692 2635 37992 366 5522 3155 932 1447 9196 177 151999 33644 318246 65045
internal_value=-0.000108396 -0.00217698 -0.00181725 -0.0275667 -0.049978 -0.000272578 0.00671822 -0.00194433 -0.0311625 -0.0303924 -0.0431556 -0.000681415 -0.00766367 0.00358763 0.00522063 0.000372876 -0.00405806 -0.040573 0.020945 -0.0537214 0.0180058 0.0255378 -0.0021172 -0.0291161 0.0399016 -0.0336417 -0.00489791 -0.0485031 -0.0311813 0.037011
internal_weight=33372.3 12677 12638.9 714.328 431.686 11924.5 282.642 11054.5 457.036 318.899 432.096 10597.4 4020.64 6576.78 6395.45 5364.54 4287.83 361.193 870.081 181.328 1076.71 882.868 302.093 194.946 580.775 50.6073 3865.95 416.67 285.669 62.1727
internal_count=6895750 3976784 3956125 116127 56933 3839998 59194 3359477 488218 43751 436639 2871259 2643888 227371 218676 114297 91669 10977 480521 8695 22628 17106 5534 2379 11572 2376 2591938 420157 386513 68267
is_linear=0
shrinkage=0.15


Tree=244
num_leaves=31
num_cat=0
split_feature=33 13 37 28 10 9 9 23 26 29 16 17 11 13 9 23 32 29 12 16 14 10 28 17 16 32 10 28 7 29
split_gain=5.13338 15.8486 19.0524 20.5166 19.6548 18.5961 16.6845 16.6008 14.8477 13.015 11.7113 15.7239 15.9533 11.887 11.5426 11.4532 12.96 14.2115 10.956 10.919 12.2748 10.5773 28.9513 15.4923 13.7667 15.8554 13.1417 13.0774 13.3066 15.3648
threshold=0.96609193086624157 4.5000000000000009 1.0000000180025095e-35 0.93750000000000011 0.91099825501441967 0.66693824529647838 0.65399071574211132 1.5000000000000002 1.0000000180025095e-35 0.90212523937225353 0.0647847354412079 1.5000000000000002 0.15707751363515857 2.5000000000000004 0.82929664850234996 1.0000000180025095e-35 0.59340673685073864 0.86789441108703624 56.500000000000007 0.029852337203919891 18.500000000000004 0.67523679137229931 0.84523808956146251 5.5000000000000009 0.036401053890585906 0.34624788165092474 0.79593443870544445 0.46428571641445165 1.5000000000000002 0.52961185574531566
decision_type=2 10 2 2 10 8 10 2 2 2 2 2 8 10 8 2 2 2 10 2 8 10 2 2 2 2 10 2 2 2
left_child=-1 5 3 9 -5 8 -6 -8 15 -3 11 -7 14 18 -13 -2 17 -17 21 20 -16 23 26 -14 27 -26 -23 -25 29 -29
right_child=1 2 -4 4 6 10 7 -9 -10 -11 -12 12 13 -15 19 16 -18 -19 -20 -21 -22 22 -24 24 25 -27 -28 28 -30 -31
leaf_value=0.001379953366659134 0.050453795650055928 -0.0051357216454409205 0.072942754941687393 0.088203845495257449 0.031004560999382699 -0.03356073590203832 -0.035796249575714388 -0.3136545719801096 0.022277004515611865 -0.13179444152052025 0.0086770466513993501 0.032106527513912742 0.039891385010500005 -0.031000266660502953 0.13623578605125181 0.063369769167473999 -0.058995275530736607 -0.096627885803339517 -0.034504948024504906 -0.10053446500077023 -0.046805621790931694 -0.032536869626670108 0.0024697593673505065 -0.031422930408363199 -0.094211400092097206 0.032544006188880814 -0.11789515438832548 0.11094007144276639 0.0034042954463888325 0.02410258253458394
leaf_weight=26593.886660861535 26.969336580863455 501.05421215286469 112.43975078805897 113.53341143628859 99.665411155503534 457.95687026413043 21.837944354621872 5.3394022648681121 93.483411318322396 17.949082349834498 1359.9730707224262 31.75538949064503 351.95008780526643 283.97380602131125 9.0671089017529862 41.608488330784894 379.49968525391887 16.69286534726416 182.26517858700618 84.726018062677156 44.675145935211759 123.7401098554177 1288.4622387763429 149.44766213087382 62.764968447248521 33.43387590274142 60.274838328278179 60.024974413313032 527.21485893350246 187.80498674290885
leaf_count=5646056 3688 56974 8091 4530 12982 49543 4965 1787 19539 659 152928 1658 28313 15114 1198 1074 7992 928 60075 12022 9549 23181 522332 40113 5452 2007 17628 24333 129064 31878
internal_value=0.000443413 -0.00325725 0.0156004 0.00702502 0.0431587 -0.00606604 0.00246546 -0.0995798 -0.0320807 -0.00976108 -0.0033201 -0.0074628 -0.00402131 -0.0017122 -0.048668 -0.0430385 -0.0488997 0.0167022 0.0010444 -0.0672897 -0.0139993 0.0033331 -0.00549584 0.0128013 0.00343032 -0.050276 -0.0609824 0.00906706 0.016905 0.0454961
internal_weight=33323.5 6729.58 871.819 759.379 240.376 5857.76 126.843 27.1773 558.254 519.003 5299.51 3939.54 3481.58 3311.36 170.224 464.77 437.801 58.3014 3027.38 138.468 53.7423 2845.12 1472.48 1372.64 1020.69 96.1988 184.015 924.492 775.045 247.83
internal_count=6895653 1249597 89988 81897 24264 1159609 19734 6752 33221 57633 1126388 973460 923917 899490 24427 13682 9994 2002 884376 22769 10747 824301 563141 261160 232847 7459 40809 225388 185275 56211
is_linear=0
shrinkage=0.15


Tree=245
num_leaves=31
num_cat=0
split_feature=12 20 18 16 29 10 29 24 8 32 10 19 29 33 16 29 28 29 10 28 8 27 34 37 8 16 16 8 10 19
split_gain=7.12514 15.839 24.6456 13.6631 13.9211 22.3327 13.0688 16.1416 14.1119 15.7364 11.6434 16.8076 15.3866 31.1286 14.9782 14.4221 30.2565 26.4139 24.2028 18.1124 17.4304 16.0674 24.6056 14.2048 23.0161 22.5098 18.6577 16.1274 13.9008 17.0119
threshold=16.500000000000004 61.500000000000007 0.042709097266197212 0.021456377580761913 0.25091302394866949 0.79593443870544445 0.29839073121547705 0.22500000149011615 0.44551387429237371 0.22252079099416736 0.60682767629623424 659.50000000000011 0.46132382750511175 0.82807883620262157 0.036401053890585906 0.89295819401741039 0.73214286565780651 0.63144317269325267 0.30286060273647314 0.93750000000000011 0.92730411887168895 3.5000000000000004 0.43212531507015234 1.0000000180025095e-35 0.74092122912406932 0.039377883076667793 0.028191611170768741 0.67240571975708019 0.39850039780139929 449.50000000000006
decision_type=8 2 2 2 2 8 2 2 10 2 8 2 2 2 2 2 2 2 10 2 8 2 2 2 10 2 2 10 10 2
left_child=1 2 3 -1 5 -5 7 8 -4 -10 11 15 13 -12 -15 16 20 28 -19 -17 21 -6 -23 24 25 -20 -26 -25 -18 -30
right_child=-2 -3 6 4 10 -7 -8 -9 9 -11 12 -13 -14 14 -16 19 17 18 23 -21 -22 22 -24 27 26 -27 -28 -29 29 -31
leaf_value=-0.043643833579698067 -0.0019142826216296208 -0.045449287167166695 0.15845774609119465 -0.044887605378687342 0.0056356074244960528 0.12800372661244597 0.043758931751739186 0.10382307285030307 -0.030547867629878843 -0.35401356454367622 0.030181316597241679 -0.01329765093669087 0.00067859327775373842 -0.11145864471605209 0.12787577708232781 -0.130827672011957 0.099301772768653096 -0.17238069516060162 0.080650487771278548 -0.004280144661965901 0.087815979825362392 0.16475666634079431 -0.14414914144834759 0.11656049172912285 0.003076687305985747 0.015022708830568806 0.11442073944662418 -0.051903296312386916 0.30868281393730951 -0.095927435826220417
leaf_weight=145.41547145973891 15953.9284563334 152.81823206230183 2.0061005566323642 25.26555232858118 1499.1729727399461 46.882660713918085 420.71188005212906 7.1958596371478043 6.3071624968189308 6.8553505896597926 73.423777537630315 579.02782325995349 13067.52289776175 95.950194725603239 5.4500652019642066 26.945772215854447 10.86386920877794 10.118434265716585 183.7013730539054 285.60337113498332 55.744097127360646 6.1596216292451222 32.133969109462839 15.606450803988535 40.902983671331526 325.30379842481489 197.27700895149542 54.695239702242588 1.4831672069000195 54.286751349177166
leaf_count=182775 4131703 256840 3073 10030 613396 7228 129067 516 14144 243 23601 102581 1301112 10590 135 1492 703 367 17341 38105 5888 158 3258 1199 9205 8621 8217 4565 170 7919
internal_value=0.000376327 0.00247236 0.00289872 0.00197874 0.00237874 0.067673 0.0377791 -0.0717696 -0.156339 -0.212118 0.00209127 0.00994919 8.55742e-05 -0.0439924 -0.0974717 0.0147596 0.0185755 0.0406411 0.047963 -0.0155726 0.00617283 0.00315753 -0.0915324 0.0508976 0.0569567 0.0388197 0.0953923 -0.0133953 -0.0496631 -0.0799192
internal_weight=33388.8 17434.8 17282 16838.9 16693.5 72.1482 443.076 22.3645 15.1686 13.1625 16621.4 3379.03 13242.3 174.824 101.4 2800 2487.45 894.239 827.605 312.549 1593.21 1537.47 38.2936 817.487 747.185 509.005 238.18 70.3017 66.6338 55.7699
internal_count=6894242 2762539 2505699 2358656 2175881 17258 147043 17976 17460 14387 2158623 823185 1335438 34326 10725 720604 681007 58307 49515 39597 622700 616812 3416 49148 43384 25962 17422 5764 8792 8089
is_linear=0
shrinkage=0.15


Tree=246
num_leaves=31
num_cat=0
split_feature=10 29 14 15 33 6 33 8 9 19 15 27 30 10 32 19 33 8 14 19 16 33 6 33 27 32 19 20 33 10
split_gain=3.72165 10.5228 19.1422 18.9768 11.6545 10.1742 10.1774 8.75458 7.8393 7.68536 7.34808 11.155 10.0963 12.7967 11.8302 10.6622 10.295 9.43672 10.9363 8.86974 15.0572 15.3776 22.1147 15.8967 13.0607 11.3249 10.9922 10.4345 10.7218 11.0774
threshold=0.75555580854415905 0.74162915349006664 15.500000000000002 50.500000000000007 0.63003221154212963 1.0000000180025095e-35 0.86240702867507946 0.6929716467857362 0.64545917510986339 556.50000000000011 17.500000000000004 1.5000000000000002 2.5000000000000004 0.89911949634552013 0.68583977222442638 520.50000000000011 0.63733074069023143 0.75099816918373119 6.5000000000000009 520.50000000000011 0.027971353381872181 0.66939890384674083 1.0000000180025095e-35 0.61470985412597667 2.5000000000000004 0.33000239729881292 527.50000000000011 1.5000000000000002 0.78319624066352855 0.80016764998435985
decision_type=10 2 10 8 2 2 2 10 8 2 8 2 2 8 2 2 2 10 10 2 2 2 2 2 2 2 2 2 2 8
left_child=-1 2 3 4 7 6 9 -2 -8 -5 12 -12 13 14 15 -3 -15 -14 -19 24 26 22 -22 25 27 -24 -21 -13 -29 -30
right_child=1 10 -4 5 -6 -7 8 -9 -10 -11 11 19 17 16 -16 -17 -18 18 -20 20 21 -23 23 -25 -26 -27 -28 28 29 -31
leaf_value=-0.00093937779479445727 0.16605053222345037 0.024764529696719575 0.14073205437803027 -0.0026273042948232314 0.13286947872356494 -0.12310168811798283 0.049008122061304712 -0.019218799006829476 -0.1360377308746902 0.056147199654242003 -0.037521567665688559 0.044451408769548166 0.14871632002343715 0.18025367528393271 -0.10785087521063927 -0.034720097452903734 -0.0034410910423695929 0.0071283880856415861 -0.090851320863747323 0.18415788773578176 -0.044909089163972363 0.009922828606788725 0.034906967828140102 -0.022945011021594342 -0.0069945797336732592 0.21449675968207788 0.044738439994675 -0.01276851256767691 0.063466022686797116 0.0096181050735763864
leaf_weight=22150.844784384572 6.1042477391529237 79.527108827858228 29.536810544075024 170.59188422776924 43.218009633530301 13.682295451282242 6.5374364568851888 29.068069110837314 17.529906844198198 69.797557404619511 145.55629769106235 182.0760109343114 9.2939702102012216 5.9297696520198988 41.6593931761372 435.36696311539288 729.91175000894691 875.94898942373493 25.405678212489875 14.487260455823501 246.04916885048715 4119.9734770177474 15.948826090236254 30.108150597806343 2664.3260357212257 15.61603557300077 78.445287973662403 432.00842368879285 98.901322541517118 620.03862082310957
leaf_count=5517239 395 6107 6894 31611 2982 2187 132 2550 4429 6462 36078 14427 745 531 1493 34895 39900 49701 822 4161 16016 282625 727 1450 456429 872 19470 53895 6916 293346
internal_value=0.000189103 0.0024104 0.0267138 0.0169007 0.0815844 -0.00155666 0.0051718 0.0166368 -0.0858236 0.0145999 0.00154458 0.00351156 -0.00618873 -0.0147081 -0.0318487 -0.0255023 -0.00171817 0.00590482 0.0042691 0.00421707 0.00876792 0.00750535 -0.0247887 0.054919 -0.000930426 0.127614 0.0682017 0.0111862 0.00588974 0.0171036
internal_weight=33403.5 11252.6 386.066 356.529 78.3903 278.139 264.457 35.1723 24.0673 240.389 10866.6 8663.53 2203.04 1292.39 556.553 514.894 735.842 910.649 901.355 8517.98 4520.63 4427.7 307.722 61.673 3997.35 31.5649 92.9325 1333.02 1150.95 718.94
internal_count=6895487 1378248 57642 50748 5927 44821 42634 2945 4561 38073 1320606 1186412 134194 82926 42495 41002 40431 51268 50523 1150334 325321 301690 19065 3049 825013 1599 23631 368584 354157 300262
is_linear=0
shrinkage=0.15


Tree=247
num_leaves=31
num_cat=0
split_feature=17 11 13 19 27 33 33 16 8 22 10 12 10 29 8 19 9 9 13 32 8 16 13 9 19 19 27 33 8 12
split_gain=3.34569 10.209 10.9936 10.7264 8.83864 8.47581 19.2515 7.80652 7.37952 8.9128 10.787 7.95108 11.8888 10.2411 9.48319 9.83547 7.37113 7.87489 7.20603 7.87726 6.68087 14.6872 17.1527 13.4388 11.0847 10.9015 10.3851 12.8292 15.3922 9.48889
threshold=2.5000000000000004 0.15981224179267886 70.500000000000014 555.50000000000011 2.5000000000000004 0.9506097435951234 0.73123827576637279 0.042875306680798538 0.58916467428207409 1.5000000000000002 0.64557385444641124 13.500000000000002 0.48224820196628576 0.74162915349006664 0.90996205806732189 433.50000000000006 0.50492936372756969 0.55217945575714122 8.5000000000000018 0.58046171069145214 0.91284659504890453 0.041130669414997108 3.5000000000000004 0.35944855213165289 721.50000000000011 423.50000000000006 1.0000000180025095e-35 0.73401361703872692 0.53975459933280956 21.500000000000004
decision_type=2 8 10 2 2 2 2 2 10 2 10 8 8 2 10 2 8 8 10 2 8 2 10 8 2 2 2 2 10 10
left_child=1 3 8 4 5 6 -1 -5 9 10 18 -10 -13 -14 -15 -16 -9 -18 19 -3 21 23 25 -2 26 -23 27 28 -25 -27
right_child=20 2 -4 7 -6 -7 -8 16 11 -11 -12 12 13 14 15 -17 17 -19 -20 -21 -22 22 -24 24 -26 29 -28 -29 -30 -31
leaf_value=0.025326897674918601 0.064348004817519691 0.042478312257246312 0.062167750591594365 0.04911945024181974 -0.024170441071869872 0.04901974551697421 0.35894688343563563 -0.047650538385104496 -0.0055601121517783831 0.012674374647278648 0.090359249482766843 -0.060378947604520596 0.098839893014445818 -0.0071097223998796925 -0.064774573628083504 0.19803400123803602 0.074403677696867551 0.0031675016014895414 -0.16354134273584056 -0.055087766425588269 -0.0014852654750019615 0.18245786096570313 -0.0041335482428379831 0.04794765821478409 0.053351560699976541 0.02013444926864064 -0.0021319561931714376 0.06911953841610223 -0.12121397826762587 0.084841283589481689
leaf_weight=7.5597382999851543 71.515524029560765 20.049158440998383 53.011059418562581 91.823016647399299 12.36506996495609 18.209255975558335 7.3949595628259885 58.6588426794724 6118.9290519429287 85.002918389078729 11.754895495478648 27.90680015051214 50.270034249889704 75.119992841979411 3.9594431112500379 9.9360103137206561 36.283554394733073 551.76883313268411 11.474945677633512 177.70821145013906 16820.045660618314 8.6698019039563388 763.9897038490999 27.180421440071498 83.710474310705649 1414.258782385195 6558.9704731027086 97.767390634658724 20.280639002393968 52.027254194222223
leaf_count=382 1826 3645 1532 4258 610 2488 416 1891 408206 3226 895 1199 2759 3773 607 1286 1259 33308 327 4374 3313536 598 21217 27383 55198 76935 2869756 40206 9714 2784
internal_value=-0.000518485 -0.00332457 -0.005235 0.0128528 0.0827167 0.12211 0.202457 0.00843987 -0.00578637 -0.0284964 -0.0443185 -0.00467655 0.0275008 0.045413 0.0144782 0.123827 0.00259707 0.00768171 -0.0522787 -0.0450323 0.000285939 0.00356015 0.014106 0.000116396 -0.000569709 0.02355 -0.00125084 0.0382855 -0.0253467 0.0224867
internal_weight=33347.6 7429.19 6645.12 784.063 45.529 33.164 14.9547 738.534 6592.11 305.99 220.987 6286.12 167.192 139.285 89.0154 13.8955 646.711 588.052 209.232 197.757 25918.4 9098.37 2238.95 6859.42 6787.91 1474.96 6704.2 145.228 47.4611 1466.29
internal_count=6895594 476441 431829 44612 3896 3286 798 40716 430297 12467 9241 417830 9624 8425 5666 1893 36458 34567 8346 8019 6419153 3105617 101534 3004083 3002257 80317 2947059 77303 37097 79719
is_linear=0
shrinkage=0.15


Tree=248
num_leaves=31
num_cat=0
split_feature=9 25 10 32 34 29 32 11 15 20 33 18 13 30 16 10 20 10 33 33 8 14 16 13 29 10 9 28 25 29
split_gain=4.18237 9.38801 23.7289 12.7814 12.088 10.911 8.61056 7.78568 7.84995 7.46556 16.6228 14.7931 9.3095 6.71926 6.62909 6.35493 5.86627 7.91292 5.59937 5.43205 5.15952 5.07624 18.381 21.3509 13.8984 23.1889 15.3968 15.0247 24.8574 15.268
threshold=0.89058512449264537 1.0000000180025095e-35 0.89413905143737804 0.84250542521476757 0.82807883620262157 0.66800111532211315 0.68195590376853954 0.16895345598459247 33.500000000000007 11.500000000000002 0.7228132188320161 0.091319620609283461 1.5000000000000002 4.5000000000000009 0.01612831745296717 0.5720152258872987 1.0000000180025095e-35 0.51997971534729015 0.14854215830564502 0.95875850319862377 0.83205008506774913 17.500000000000004 0.015873458236455921 4.5000000000000009 0.8516846001148225 0.69455742835998546 0.67583513259887706 0.58571431040763866 1.0000000180025095e-35 0.53772199153900158
decision_type=10 2 8 2 2 2 2 8 10 2 2 2 10 2 2 10 2 8 2 2 10 8 2 8 2 10 10 2 2 2
left_child=21 2 3 4 -2 -5 -4 15 9 11 12 18 -11 19 -14 -3 17 -10 -9 -7 -21 -1 -23 24 25 27 -26 28 -24 -29
right_child=1 7 6 5 -6 13 -8 8 16 10 -12 -13 14 -15 -16 -17 -18 -19 -20 20 -22 22 23 -25 26 -27 -28 29 -30 -31
leaf_value=0.0012794715888446481 -0.046474059959731813 0.10391876588690123 0.18426065146344928 0.05602619292442669 0.084229851164298555 -0.0090866226985745896 0.049321576742016288 0.091498401989596578 0.019365909125920969 0.038187556805294107 0.075122437091067557 -0.032596187441380237 -0.019226990475832869 -0.091284263691643219 -0.13639276011243492 -0.018080413042898473 -0.029917635402832425 -0.4327185462844656 0.0026935074521749888 -0.013895505508548674 -0.19081771905203079 0.0015605946176555814 -0.035230857786215999 0.0018595412321057176 -0.087685139256547265 0.1289155706721386 -0.019655917375351394 -0.045832699740263674 0.0018124433549973503 0.0085904606066594304
leaf_weight=16434.016777812838 22.443323665274875 28.403546165776788 10.289161339529526 26.569505506559835 49.690386289530579 85.444847770226261 252.13293415989938 15.130454782396326 1.1958118905240547 37.366610148167638 89.47043729188772 299.05395301230237 31.265781864582095 49.830611123381459 15.990111684897782 13.877618964863357 5.117846995126456 1.5597583896151261 1676.7282828366526 7.3239448508320475 6.8836478905141121 8875.5259391100844 1258.6649703950679 2145.05208661898 126.79164816344746 24.237030648293512 182.59213799728241 135.67611004164792 602.4130678278234 765.0953763546313
leaf_count=2680892 250 6120 256 468 853 1074 5638 235 192 4066 19035 7781 569 855 1176 16399 1801 545 113414 295 134 3086237 20265 857131 5818 2216 15962 2156 17492 26449
internal_value=-1.01263e-05 0.00561865 0.0239329 -0.00931343 0.0434839 -0.0310694 0.0552917 0.0013882 0.000133352 0.000710088 0.0304055 -0.00190055 -0.0171985 -0.0468194 -0.0608776 0.0643834 -0.140663 -0.283614 0.00354128 -0.023899 -0.106526 -0.00051251 -0.00259869 -0.00964196 -0.0176101 -0.0142497 -0.0477283 -0.0155523 -0.0232458 0.000351394
internal_weight=33275.8 2725.77 510.608 248.186 72.1337 176.053 262.422 2215.16 2172.88 2165.01 174.093 1990.91 84.6225 149.483 47.2559 42.2812 7.87342 2.75557 1691.86 99.6524 14.2076 30550.1 14116 5240.52 3095.47 2786.09 309.384 2761.85 1861.08 900.771
internal_count=6895774 181156 9823 3929 1103 2826 5894 171333 148814 146276 24846 121430 5811 2358 1745 22519 2538 737 113649 1503 429 6714618 4033726 947489 90358 68578 21780 66362 37757 28605
is_linear=0
shrinkage=0.15


end of trees

feature_importances:
name_idf_frac=702
name_len_ratio=667
score_name_word=585
addr_idf_frac=471
score_name_char=441
name_overlap_frac=401
score_address_char=367
name_overlap=312
rrf_score=311
rank_address_char=286
addr_len_ratio=261
cand_count=260
digits_jaccard=223
s1_exact_hits=219
digits_tgt_n=219
rrf_rank=210
score_rare_name=193
rrf_rank_frac=183
rank_name_char=159
rank_name_word=129
addr_overlap_frac=120
rank_rare_name=87
is_s3=86
digits_s1_n=84
addr_overlap=79
house_match=77
digits_all_s1_in_tgt=76
n_routes=74
tgt_non_ascii=67
digits_overlap=49
route_suffix_exact=25
route_exact_name=18
tgt_addr_missing=14
route_address_char=6
route_name_char=5
route_rare_name=4

parameters:
[boosting: gbdt]
[objective: binary]
[metric: binary_logloss]
[tree_learner: serial]
[device_type: cpu]
[data_sample_strategy: bagging]
[data: ]
[valid: ]
[num_iterations: 300]
[learning_rate: 0.15]
[num_leaves: 31]
[num_threads: 2]
[seed: 20260925]
[deterministic: 1]
[force_col_wise: 1]
[force_row_wise: 0]
[histogram_pool_size: -1]
[max_depth: -1]
[min_data_in_leaf: 200]
[min_sum_hessian_in_leaf: 0.001]
[bagging_fraction: 0.8]
[pos_bagging_fraction: 1]
[neg_bagging_fraction: 1]
[bagging_freq: 1]
[bagging_seed: 8810]
[bagging_by_query: 0]
[feature_fraction: 0.9]
[feature_fraction_bynode: 1]
[feature_fraction_seed: 17836]
[extra_trees: 0]
[extra_seed: 27358]
[early_stopping_round: 0]
[early_stopping_min_delta: 0]
[first_metric_only: 0]
[max_delta_step: 0]
[lambda_l1: 0]
[lambda_l2: 1]
[linear_lambda: 0]
[min_gain_to_split: 0]
[drop_rate: 0.1]
[max_drop: 50]
[skip_drop: 0.5]
[xgboost_dart_mode: 0]
[uniform_drop: 0]
[drop_seed: 13805]
[top_rate: 0.2]
[other_rate: 0.1]
[min_data_per_group: 100]
[max_cat_threshold: 32]
[cat_l2: 10]
[cat_smooth: 10]
[max_cat_to_onehot: 4]
[top_k: 20]
[monotone_constraints: ]
[monotone_constraints_method: basic]
[monotone_penalty: 0]
[feature_contri: ]
[forcedsplits_filename: ]
[refit_decay_rate: 0.9]
[cegb_tradeoff: 1]
[cegb_penalty_split: 0]
[cegb_penalty_feature_lazy: ]
[cegb_penalty_feature_coupled: ]
[path_smooth: 0]
[interaction_constraints: ]
[verbosity: -1]
[saved_feature_importance_type: 0]
[use_quantized_grad: 0]
[num_grad_quant_bins: 4]
[quant_train_renew_leaf: 0]
[stochastic_rounding: 1]
[linear_tree: 0]
[max_bin: 255]
[max_bin_by_feature: ]
[min_data_in_bin: 3]
[bin_construct_sample_cnt: 200000]
[data_random_seed: 5102]
[is_enable_sparse: 1]
[enable_bundle: 1]
[use_missing: 1]
[zero_as_missing: 0]
[feature_pre_filter: 1]
[pre_partition: 0]
[two_round: 0]
[header: 0]
[label_column: ]
[weight_column: ]
[group_column: ]
[ignore_column: ]
[categorical_feature: ]
[forcedbins_filename: ]
[precise_float_parser: 0]
[parser_config_file: ]
[objective_seed: 25095]
[num_class: 1]
[is_unbalance: 0]
[scale_pos_weight: 1]
[sigmoid: 1]
[boost_from_average: 1]
[reg_sqrt: 0]
[alpha: 0.9]
[fair_c: 1]
[poisson_max_delta_step: 0.7]
[tweedie_variance_power: 1.5]
[lambdarank_truncation_level: 30]
[lambdarank_norm: 1]
[label_gain: ]
[lambdarank_position_bias_regularization: 0]
[eval_at: ]
[multi_error_top_k: 1]
[auc_mu_weights: ]
[num_machines: 1]
[local_listen_port: 12400]
[time_out: 120]
[machine_list_filename: ]
[machines: ]
[gpu_platform_id: -1]
[gpu_device_id: -1]
[gpu_use_dp: 0]
[num_gpu: 1]

end of parameters

pandas_categorical:null
